/*
 Navicat Premium Data Transfer

 Source Server         : 1iel库存和设备管理
 Source Server Type    : MySQL
 Source Server Version : 50722
 Source Host           : 39.104.139.229
 Source Database       : ielZhuJi

 Target Server Type    : MySQL
 Target Server Version : 50722
 File Encoding         : utf-8

 Date: 09/11/2018 10:57:16 AM
*/

SET NAMES utf8mb4;
SET FOREIGN_KEY_CHECKS = 0;

-- ----------------------------
--  Table structure for `iel_admin`
-- ----------------------------
DROP TABLE IF EXISTS `iel_admin`;
CREATE TABLE `iel_admin` (
  `admin_id` int(11) NOT NULL AUTO_INCREMENT COMMENT '管理员id',
  `admin_name` varchar(50) NOT NULL COMMENT '管理员名',
  `password` varchar(50) NOT NULL COMMENT '管理员密码，MD5加密',
  `email` varchar(50) NOT NULL,
  `phone` varchar(20) NOT NULL,
  `question` varchar(100) DEFAULT NULL COMMENT '找回密码问题',
  `answer` varchar(100) DEFAULT NULL COMMENT '找回密码答案',
  `role` int(4) NOT NULL COMMENT '角色0-管理员,1-超级管理员',
  `create_time` datetime NOT NULL COMMENT '创建时间',
  `update_time` datetime NOT NULL COMMENT '最后一次更新时间',
  PRIMARY KEY (`admin_id`),
  UNIQUE KEY `user_name_unique` (`admin_name`) USING BTREE
) ENGINE=InnoDB AUTO_INCREMENT=3 DEFAULT CHARSET=utf8;

-- ----------------------------
--  Records of `iel_admin`
-- ----------------------------
BEGIN;
INSERT INTO `iel_admin` VALUES ('1', 'admin', 'E10ADC3949BA59ABBE56E057F20F883E', '123456789@qq.com', '12345678998', 'question', 'answer', '1', '2018-03-15 10:04:56', '2018-03-15 10:43:43'), ('2', 'admin234', 'E10ADC3949BA59ABBE56E057F20F883E', '12345674489@qq.com', '1234567998', 'question', 'answer', '0', '2018-06-20 10:08:22', '2018-06-20 10:04:56');
COMMIT;

-- ----------------------------
--  Table structure for `iel_cart`
-- ----------------------------
DROP TABLE IF EXISTS `iel_cart`;
CREATE TABLE `iel_cart` (
  `cart_id` int(11) NOT NULL AUTO_INCREMENT COMMENT '购物车id',
  `admin_id` int(11) NOT NULL COMMENT '用户id',
  `stock_id` int(11) NOT NULL COMMENT '产品id',
  `amount` int(11) NOT NULL COMMENT '数量',
  `checked` int(11) NOT NULL COMMENT '是否被选中（0否，1是）',
  `create_time` datetime NOT NULL COMMENT '创建时间',
  `update_time` datetime NOT NULL COMMENT '最后一次更新时间',
  `cart_price` decimal(20,2) DEFAULT '0.00',
  `define_sn` varchar(200) DEFAULT NULL,
  `define_str` varchar(200) DEFAULT NULL,
  `define_model_no` varchar(200) DEFAULT NULL,
  PRIMARY KEY (`cart_id`)
) ENGINE=InnoDB AUTO_INCREMENT=93 DEFAULT CHARSET=utf8;

-- ----------------------------
--  Table structure for `iel_customer`
-- ----------------------------
DROP TABLE IF EXISTS `iel_customer`;
CREATE TABLE `iel_customer` (
  `customer_id` int(11) NOT NULL AUTO_INCREMENT,
  `customer_no` varchar(200) DEFAULT NULL,
  `pt_name` varchar(500) DEFAULT NULL,
  `customer_level` varchar(50) DEFAULT NULL,
  `business` varchar(500) DEFAULT NULL,
  `area` varchar(500) DEFAULT NULL,
  `city` varchar(500) DEFAULT NULL,
  `phone_number` varchar(50) DEFAULT NULL,
  `status` int(11) DEFAULT NULL,
  `create_time` datetime DEFAULT NULL,
  `update_time` datetime DEFAULT NULL,
  `introduction` varchar(500) DEFAULT NULL,
  `duty_no` varchar(200) DEFAULT NULL,
  PRIMARY KEY (`customer_id`)
) ENGINE=InnoDB AUTO_INCREMENT=188 DEFAULT CHARSET=utf8 ROW_FORMAT=DYNAMIC;

-- ----------------------------
--  Records of `iel_customer`
-- ----------------------------
BEGIN;
INSERT INTO `iel_customer` VALUES ('2', 'KST', 'PT. KINGSUM TECH', 'A', 'EQUIPMENT', 'SURABAYA', 'SURABAYA', '123456', '1', '2018-07-13 10:13:58', '2018-09-10 12:38:07', ' 324234地方第三方2323231223', '011'), ('3', 'FII', 'PT. FEATHER INK INDONESIA', 'A', 'INK', 'JAKARTA', 'JAKARTA', '0813 88207766', '0', '2018-07-13 10:14:27', '2018-07-23 13:51:37', '3热热热', '0'), ('4', 'IEC', 'PT. INDONESIA EQUIPMENT CENTRE', 'A', 'EQUIPMENT', 'JAKARTA', 'JAKARTA', '02145859155', '0', '2018-07-13 10:14:41', '2018-07-17 18:15:21', '地方FFFF', '0'), ('5', 'IEL', 'PT. INDONESIA EQUIPMENT LINE', 'A', 'SPAREPARTS & SERVIC', 'JAKARTA', 'JAKARTA', '02184595678', '0', '2018-07-13 10:16:25', '2018-07-17 18:15:28', 'http://import.ayotrust.com:9000/#DDFGHY', '0'), ('6', 'TID', 'PT.  TEMPOPRESS INTERNATIONAL DELIVERY', 'A', 'LOGISTIC；RENTAL', 'JAKARTA', 'JAKARTA', '123134', '0', '2018-07-13 15:30:27', '2018-07-17 18:15:36', null, '0'), ('7', 'MUF', 'PT. MEGA UNIVERS FINANCIAL', 'A', 'F', 'JAKARTA', 'JAKARTA', '1232455', '0', '2018-07-17 02:26:23', '2018-07-17 18:15:44', null, '0'), ('8', '123123', '123123', '123123', '123123', '123123', '123123', '123123', '0', '2018-07-17 13:49:11', '2018-07-17 18:31:34', null, '123123'), ('9', '2', 'BPK ABD WADUD', '-', '-', 'JAWA TIMUR', 'BANGKALAN', '0852 31259992', '0', '2018-07-17 16:47:47', '2018-07-17 16:50:51', null, '-'), ('10', '3', 'PT. AGUNG MUSTIKA SELARAS', '-', '-', 'JAWA BARAT', 'SUKABUMI', '021 6904140', '0', '2018-07-17 16:50:37', '2018-07-17 16:50:37', null, '-'), ('11', '4', 'AKBARINDO JAYA SENTOSA (QQ:PT. BARUNA DIAN MUSTIKA)', '-', '-', 'TANJUNG PRIUK', 'JAKARTA', '0822 45785999', '0', '2018-07-17 17:19:32', '2018-07-17 17:19:32', null, '-'), ('12', 'IMIP', 'INDONESIA MOROWALI INDUSTRIAL PARK', 'B', 'ALL', 'SULAWESI', 'MOROWALI', '1', '0', '2018-07-17 18:08:21', '2018-07-17 18:31:16', '由在印尼注册成立，注册资本1800万美元。2013年7月16日开工建设，2015年1月竣工试生产，2015年5月29日印尼总统佐科亲临现场宣布正式投产。经过近几年的发展，印尼青山工业园已基本建成年生产、加工200万吨不锈钢整体产业链。\n园区总规划用地约2000公顷,现已具备海、陆、空齐全的进园通道和约113万千瓦火力发电厂，已建成10万吨散货码头一座、3万吨散货码头一座、5000吨简易码头八座、10套卫星电视接收系统、70余幢生活用房、4幢办公用房、1幢接待用房、4座通讯二级基站、1套引水设施、2座清真寺。截至2016年9月底，园区及入园项目实际完成投资额合计约25亿美元。', '1J'), ('13', 'SMI', 'PT. SULAWESI MINING INDONESIA', 'BI', 'MINING', 'SULAWESI', 'MOROWALI', '0', '0', '2018-07-17 18:14:46', '2018-07-17 18:30:52', ' 园区一期项目为2013年成立的苏拉威西矿业投资有限公司。由上海鼎信和印尼八星投资，年产30万吨镍铁冶炼及其配套2×65MW火力发电项目，总投资约6.3亿美元，于2015年5月29日正式投产。', '1J'), ('14', 'GCNS', 'PT. INDONESIA GUANG CHING NICKEL And STAINLESS STEEL INDUSTRY', 'BII', 'NICKEL & STEEL', 'SULAWESI', 'MOROWALI', '3', '0', '2018-07-17 18:17:39', '2018-07-17 18:33:02', '园区二期项目为2014年07月成立的印尼广青镍业有限公司。是广东吉瑞科技集团有限公司联合广东省广新控股集团有限公司等投资方投资年产60万吨镍铁冶炼及其配套2×150MW火力发电项目，总投资约10.3亿美元，2016年初完成建设并投入试生产', '1J'), ('15', 'ITSS', 'PT INDONESIA TSINGSHAN STAINLESS STEEL', 'BIII', 'STEEL', 'SULAWESI', 'MOROWALI', 'J', '0', '2018-07-17 18:20:44', '2018-07-17 18:30:07', '园区三期项目为2014年11月成立的印尼青山不锈钢有限公司。是青山控股集团投资印尼青山工业园产100万吨不锈钢连铸坯及其配套2×350MW火力发电项目，总投资约8.3亿美元，2015年10月开工，2017年底建成投产。', '1J'), ('16', 'IRNC', 'PT. INDONESIA RUIPU NICKEL AND CHROME ALLOY', 'BIV', 'NICKEL', 'SULAWESI', 'MOROWALI', '5', '0', '2018-07-17 18:23:49', '2018-07-17 18:29:38', ' 园区四期项目为2015年12月成立的印尼瑞浦镍铬合金有限公司。是印尼瑞浦镍铬合金有限公司投资的年产60万吨高碳铬铁冶炼及其配套120万吨焦炭联产4×12.5MW余热发电与年产60万吨不锈钢冷轧深加工项目,总投资4.6亿美元，项目正在实施过程中。', '9'), ('17', 'TSI', 'PT. TSINGSHAN STEEL INDONESIA', 'BV', 'STEEL', 'SULAWESI', 'MOROWALI', '6', '0', '2018-07-17 18:25:20', '2018-07-17 18:29:10', ' 园区五期项目为2016年12月成立的印尼青山钢铁有限公司。年产200万吨碳钢冶炼与年产100万吨镍铁冶炼及其联产4×65MW余热发电建设项目', '6'), ('18', 'DXSI', 'PT. DEXIN STEEL INDONESIA', 'BVI', 'STEEL', 'SULAWESI', 'MOROWALI', '9', '0', '2018-07-17 18:27:26', '2018-07-17 18:28:45', ' 园区六期项目为2018年成立的印尼德信钢铁有限公司。印度尼西亚德信钢铁350万吨钢铁项目是由青山钢铁集团、德龙控股、印度尼西亚摩罗瓦里工业园区公司联合投资建设的大型钢铁基地，工程内容包括炼铁、炼钢、热轧、棒线等全流程系统工程。中冶建研院此次中标230毫米×1630毫米二机二流板坯连铸机和八机八流160毫米×160毫米方坯连铸机氢氧发生器成套设备供货两个标段。', '6'), ('19', '-', 'abcd', '-', '-', 'pp', 'pp', 'pp', '0', '2018-07-18 12:37:11', '2018-07-18 12:37:11', null, '---'), ('20', '5', 'PT. ANHE HYDRO ENGINEERING', '-', '-', 'MEDAN', 'MEDAN', '0852 96070584', '0', '2018-07-18 18:47:37', '2018-07-18 18:47:37', null, '-'), ('21', '6', 'PT. ARTA BATRINDO', '-', '-', 'BEKASI', 'BEKASI', '0852 18833330', '0', '2018-07-18 18:51:34', '2018-07-18 18:51:34', null, '-'), ('22', '7', 'PT. ARTHA GLOBAL NUSANTARA', '-', '-', 'JAKARTA', 'JAKARTA', '021 6258625', '0', '2018-07-18 18:54:27', '2018-07-18 18:54:27', null, '-'), ('23', '8', 'PT. ASSEMS', '-', '-', 'TIGARAKSA', 'TANGERANG', '0812 85840982', '0', '2018-07-19 12:06:47', '2018-07-19 12:06:47', null, '-'), ('24', '9', 'PT. BALING TECHNOLOGY INDONESIA', '-', '-', 'CIKARANG', 'BEKASI', '0812 10310040', '0', '2018-07-19 12:10:48', '2018-07-19 12:10:48', null, '-'), ('25', '10', 'PT. BAOSTEEL INDONESIA STEEL SERVICE CENTER', '-', '-', 'CIKARANG', 'BEKASI', '0812 83234029', '0', '2018-07-19 12:13:43', '2018-07-19 12:13:43', null, '-'), ('26', '11', 'PT. BERHASIL KARYA KENCANA', '-', '-', 'KUDUS', 'JAWA TENGAH', '0823 26291394', '0', '2018-07-19 12:16:23', '2018-07-19 12:16:23', null, '-'), ('27', '12', 'PT. BERKAH JAYA METALINDO', '-', '-', 'SURABAYA', 'JAWA TIMUR', '0852 32222766', '0', '2018-07-19 12:20:23', '2018-07-19 12:20:23', null, '-'), ('28', '13', 'PT. BERKAH TIGA SAUDARA', '-', '-', 'KARAWANG', 'JAWA BARAT', '0812 14907545', '0', '2018-07-19 12:21:41', '2018-07-19 12:21:41', null, '-'), ('29', '14', 'PT. BERKAT BHINNEKA PERKASA', '-', '-', 'PAYAKUMBUH', 'SUMATERA BARAT', '0813 74418867', '0', '2018-07-19 12:24:33', '2018-07-19 12:24:33', null, '-'), ('30', '15', 'PT. BIDARA EQUIPMENT SUKSES', '-', '-', 'TIGARAKSA', 'TANGERANG', '021 5991922', '0', '2018-07-19 12:27:27', '2018-07-19 12:30:55', null, '-'), ('31', '16', 'PT. BINATAMA BANGUN PERSADA', '-', '-', 'CIKARANG', 'BEKASI', '0813 11318963', '0', '2018-07-19 12:34:01', '2018-07-19 12:34:01', null, '-'), ('32', '17', 'PT. CAHAYA HARTA MAKMUR', '-', '-', 'CIKARANG', 'BEKASI', '0823 48205198', '0', '2018-07-19 12:38:12', '2018-07-19 12:38:12', null, '-'), ('33', '18', 'PT. CALICO METAL WORK', '-', '-', 'BATU CEPER', 'TANGERANG', '021 5512538/39', '0', '2018-07-19 12:40:38', '2018-07-19 12:40:38', null, '-'), ('34', '19', 'PT. CENTURY MITRA SUKSES SEJATI', '-', '-', 'CIKUPA', 'TANGERANG', '021 5963399', '0', '2018-07-19 12:43:46', '2018-07-19 12:43:46', null, '-'), ('35', '20', 'PT. CIPTA KREASI WOOD', '-', '-', 'CIMAHI', 'KARAWANG', '0813 16936394', '0', '2018-07-19 12:46:51', '2018-07-19 12:46:51', null, '-'), ('36', '21', 'PT. CITRA BARU STEEL', '-', '-', 'CIKANDE', 'BANTEN', '0819 08073845', '0', '2018-07-19 12:50:13', '2018-07-19 12:50:13', null, '-'), ('37', '22', 'PT. CITRA DIMENSI ARTHALI', '-', '-', 'MUARA BARU', 'JAKARTA', '0813 82258423', '0', '2018-07-19 12:55:38', '2018-07-19 12:55:38', null, '-'), ('38', '23', 'PT. CITRA PANCA MANDIRI', '-', '-', 'CIKARANG', 'BEKASI', '0811 411933', '0', '2018-07-19 12:58:08', '2018-07-19 12:58:08', null, '-'), ('39', '24', 'PT. CONCH CEMENT INDONESIA', '-', '-', 'SERANG', 'BANTEN', '0852 13083954', '0', '2018-07-19 12:59:39', '2018-07-19 12:59:39', null, '-'), ('40', '25', 'PT. CROWN BEVERAGE CANS INDONESIA', '-', '-', 'CIAMPEL', 'KARAWANG', '021 30424449-53', '0', '2018-07-19 13:02:01', '2018-07-19 13:04:15', null, '-'), ('41', '26', 'PT. DAI MEI XIAO', '-', '-', 'LEGOK', 'TANGERANG', '0812 80716780', '0', '2018-07-19 13:06:18', '2018-07-19 13:06:18', null, '-'), ('42', '111', 'PT. PERSADA ABDI SOLUTION', '-', '-', 'BEKASI', 'JAWA BARAT', '0812 12113339', '0', '2018-07-19 14:17:54', '2018-07-19 14:37:10', null, '-'), ('43', '27', 'BAPAK DARMAWAN', '-', '-', 'MERAK', 'BANTEN', '0812 86600199', '0', '2018-07-19 14:39:09', '2018-07-19 14:39:09', null, '-'), ('44', '112', 'PT. PETROKOPINDO CIPTA SELARAS', '-', '-', 'GRESIK', 'JAWA TIMUR', '081284177024', '0', '2018-07-19 14:40:03', '2018-07-19 14:40:28', null, '-'), ('45', '113', 'PT. PLATINUM INTERNASIONAL', '-', '-', 'CIKAO', 'PURWAKARTA', '082311720497', '0', '2018-07-19 14:41:41', '2018-07-19 14:41:41', null, '-'), ('46', '114', 'PP PERSERO', '-', '-', 'KALIMALANG', 'BEKASI', '081310330279', '0', '2018-07-19 14:43:05', '2018-07-19 14:43:05', null, '-'), ('47', '28', 'PT. DENKA', '-', '-', 'SERANG', 'BANTEN', '0878 80008097', '0', '2018-07-19 14:44:25', '2018-07-19 14:44:25', null, '-'), ('48', '115', 'PT. PUAN MAHAR KARYA', '-', '-', 'CIKEAS', 'BOGOR', '08129150858', '0', '2018-07-19 14:50:28', '2018-07-19 14:50:28', null, '-'), ('49', '116', 'PT.PULAU JAYA MANDIRI', '-', '-', 'KAYU BESAR', 'TANGERANG', '0816851288', '0', '2018-07-19 14:51:59', '2018-07-19 14:51:59', null, '-'), ('50', '117', 'PT. REXCON INDONESIA', '-', '-', 'CIKANDE', 'BANTEN', '081316206878', '0', '2018-07-19 14:52:50', '2018-07-19 14:52:50', null, '-'), ('51', '118', 'PT. ORSON INDONESIA (SABUN)', '-', '-', 'MARUNDA', 'JAKARTA', '087776088149', '0', '2018-07-19 14:54:58', '2018-07-19 15:22:19', null, '-'), ('52', '119', 'PT. ORSON INDONESIA (SAPONIFIKASI)', '-', '-', 'MARUNDA', 'JAKARTA', '0812 9033 2762', '0', '2018-07-19 14:55:41', '2018-07-19 15:21:57', null, '-'), ('53', '120', 'PT. RODA MAKMUR SENTOSA', '-', '-', 'TERBOYO', 'SEMARANG', '-', '0', '2018-07-19 15:20:34', '2018-07-19 15:20:34', null, '-'), ('54', '121', 'PT. RODA PASIFIC MANDIRI', '-', '-', 'TERBOYO', 'SEMARANG', '085217559980', '0', '2018-07-19 15:21:36', '2018-07-19 15:21:36', null, '-'), ('55', '122', 'PT. ROMUALDUS LAKA (Personal)', '-', '-', 'MALAKA', 'NUSA TENGGARA TIMUR', '081937304135', '0', '2018-07-19 15:23:09', '2018-07-19 15:23:09', null, '-'), ('56', '123', 'PT. SAGITARUS ANGGADA HUTAMA', '-', '-', 'GUNUNG PUTRI', 'BOGOR', '0218670731', '0', '2018-07-19 15:23:56', '2018-07-24 19:54:34', null, '-'), ('57', '124', 'PT. SANLY INDUSTRIES', '-', '-', 'DELTA SILICON', 'BEKASI', '085881210815', '0', '2018-07-19 15:24:47', '2018-07-19 15:24:47', null, '-'), ('58', '125', 'PT. SARANA MITRA LUAS', '-', '-', 'SERPONG', 'TANGERANG', '0816913909', '0', '2018-07-19 15:26:23', '2018-07-19 15:26:23', null, '-'), ('59', '29', 'PT. DIMENSI MULTI CAHAYA', '-', '-', 'MAMPANG PRAPATAN', 'JAKARTA', '021 7191314', '0', '2018-07-19 15:28:00', '2018-07-19 15:28:00', null, '-'), ('60', '126', 'PT. SARANA MULIA EKA PERKASA', '-', '-', 'BALARAJA BARAT', 'TANGERANG', '0215950265/6', '0', '2018-07-19 15:29:01', '2018-07-19 15:29:01', null, '-'), ('61', '127', 'PT. SARARASA BIOMASS', '-', '-', '-', 'SURABAYA', '081216203177', '0', '2018-07-19 15:30:44', '2018-07-19 15:30:44', null, '-'), ('62', '30', 'PT. DJASA BAHARI', '-', '-', 'JAKARTA', 'JAKARTA', '0813 85804666', '0', '2018-07-19 15:31:03', '2018-07-19 15:31:03', null, '-'), ('63', '128', 'PT. SATRIA PIRANTI PERKASA', '-', '-', 'CIKARANG BARAT', 'BEKASI', '085715734667', '0', '2018-07-19 15:31:16', '2018-07-19 15:31:16', null, '-'), ('64', '129', 'PT. SEMBILAN JAGAD PANDITO', '-', '-', 'MARUNDA', 'JAKARTA', '082112345955', '0', '2018-07-19 15:33:56', '2018-07-19 15:33:56', null, '-'), ('65', '130', 'PT. SEPARINDO INDUSTRY', '-', '-', 'CILEUNGSI', 'BOGOR', '021-84396302', '0', '2018-07-19 15:34:38', '2018-07-19 15:34:38', null, '-'), ('66', '31', 'BAPAK DWI PRASTYO,SH', '-', '-', 'KEDIRI', 'JAWA TIMUR', '0812 34379555', '0', '2018-07-19 15:37:52', '2018-07-19 15:37:52', null, '-'), ('67', '32', 'PT. DYNAMAX SOLID INDUSTRI', '-', '-', '-', 'TANGERANG', '0856 97875463', '0', '2018-07-19 15:40:40', '2018-07-19 15:40:40', null, '-'), ('68', '33', 'PT. EVER AGE VALVES METALS', '-', '-', 'GRESIK', 'SURABAYA', '0812 16603211', '0', '2018-07-19 15:44:21', '2018-07-19 15:44:21', null, '-'), ('69', '34', 'PT. FU YU HUAN', '-', '-', 'CURUG', 'TANGERANG', '0813 93959189', '0', '2018-07-19 16:03:03', '2018-07-19 16:03:03', null, '-'), ('70', '131', 'PT. SGMW MOTOR INDONESIA', '-', '-', 'DELTAMAS', 'BEKASI', '087775675335', '0', '2018-07-19 16:04:17', '2018-07-19 16:04:17', null, '-'), ('71', '35', 'PT. FRESH ON TIME SEAFOOD', '-', '-', 'BOGOR', 'JAWA BARAT', '021 8233817', '0', '2018-07-19 16:05:07', '2018-07-19 16:05:07', null, '-'), ('72', '36', 'PT. GAJAH UNGGUL INDONESIA', '-', '-', 'PALEMBANG', 'SUMATERA SELATAN', '0821 96789035', '0', '2018-07-19 16:07:12', '2018-07-19 16:07:12', null, '-'), ('73', '132', 'PT. SHENG DA', '-', '-', 'JATAKE', 'TANGERANG', '085719397299', '0', '2018-07-19 16:08:46', '2018-07-19 16:08:46', null, '-'), ('74', '133', 'PT. SHINTA WOO SUNG', '-', '-', 'GABUS-KOPO', 'SERANG', '087771191824', '0', '2018-07-19 16:09:32', '2018-07-19 16:09:32', null, '-'), ('75', '134', 'PT. SHUANG SHI INDONESIA', '-', '-', 'SERANG BARU', 'BEKASI', '082131072688', '0', '2018-07-19 16:10:19', '2018-07-19 16:10:19', null, '-'), ('76', '37', 'PT. GEMILANG UNGGUL', '-', '-', '', 'LAMPUNG', '0852 67240777', '0', '2018-07-19 16:11:00', '2018-07-19 16:11:00', null, '-'), ('77', '135', 'PT. SHUANGFEI ELECTRIC SYSTEMS MANUFACTURING', '-', '-', 'DELTA SILICON', 'BEKASI', '0811173618', '0', '2018-07-19 16:11:45', '2018-07-19 16:11:45', null, '-'), ('78', '136', 'PT. SHUANGYING INTERNATIONAL INDONESIA', '', '-', 'DELTA MAS', 'CIKARANG', '085813777042', '0', '2018-07-19 16:12:57', '2018-07-19 16:12:57', null, '-'), ('79', '38', 'PT. GLOBAL TERIMS CREATOR', '-', '-', 'CAKUNG', 'JAKARTA', '021 44837162', '0', '2018-07-19 16:13:06', '2018-07-19 16:13:06', null, '-'), ('80', '137', 'PT. SIMCO AUTO PARTS AND SYSTEMS INDONESIA', '-', '-', 'DELTA MAS', 'CIKARANG', '081393659460', '0', '2018-07-19 16:13:41', '2018-07-19 16:13:41', null, '-'), ('81', '138', 'PT. SINAR BANDUNG TEKSTIL (SIBATEK)', '-', '-', 'BATU JAJAR', 'BANDUNG', '085100787273', '0', '2018-07-19 16:14:26', '2018-07-19 16:14:26', null, '-'), ('82', '139', 'PT. SING TELL MINING', '-', '-', 'DAAN MOGOT', 'JAKARTA', '08128286528', '0', '2018-07-19 16:15:14', '2018-07-19 16:15:14', null, '-'), ('83', '140', 'PT. SINOMA ENGINEERING INDONESIA', '-', '-', 'TELAGASARI', 'SUKABUMI', '081282040479', '0', '2018-07-19 16:50:47', '2018-07-19 16:50:47', null, '-'), ('84', '141', 'PT. SMS STEEL', '-', '-', 'TIGARAKSA', 'TANGERANG', '08568281688', '0', '2018-07-19 16:52:21', '2018-07-19 16:52:21', null, '-'), ('85', '142', 'PT. SOKONINDO AUTO MOBILE', '-', '-', 'CIKANDE', 'SERANG', '0895324277993', '0', '2018-07-19 16:53:03', '2018-07-19 16:53:03', null, '-'), ('86', '143', 'PT. SOUTH PACIFIC VISCOSE', '-', '-', 'CICADAS', 'PURWAKARTA', '081546579445', '0', '2018-07-19 16:53:43', '2018-07-19 16:53:43', null, '-'), ('87', '144', 'PT. SOYA FARM INDONESIA', '-', '-', 'MEKAR WANGI', 'BEKASI', '0818131817', '0', '2018-07-19 16:57:13', '2018-07-19 16:57:13', null, '-'), ('88', '145', 'PT. SPARINDO FOOD', '-', '-', 'CIKUPA', 'TANGERANG', '081382393935', '0', '2018-07-19 16:58:02', '2018-07-19 16:58:02', null, '-'), ('89', 'z', 'H. HANDRI MUNTAHA', 'C', 'C', 'C', 'C', 'C', '0', '2018-07-19 19:32:33', '2018-07-19 19:32:33', null, 'C'), ('90', 'H', 'H', 'H', 'H', 'H', 'H', 'H', '0', '2018-07-19 19:33:20', '2018-07-19 19:33:20', null, 'H'), ('91', '221', 'PT. GUANLONG PACKINGS INDONESIA', '-', '-', 'BEKASI', 'BEKASI', '0813 83689036', '0', '2018-07-20 15:31:19', '2018-07-20 15:32:26', null, '-'), ('92', '206', 'PT. SASMITA BUMI WIJAYA', '-', '-', 'CILANDAK', 'JAKARTA', '021 29661994', '0', '2018-07-20 15:33:55', '2018-07-20 15:33:55', null, '-'), ('93', '39', 'PT. GOSYEN PACIFIC SUKSES MAKMUR', '-', '-', 'CIBODAS', 'TANGERANG', '0821 79871096', '0', '2018-07-20 15:36:28', '2018-07-20 15:36:28', null, '-'), ('94', '40', 'PT. GO BUMI KALOG', '-', '-', 'TANJUNG PRIUK', 'JAKARTA UTARA', '0812 92458158', '0', '2018-07-20 15:38:01', '2018-07-20 15:38:01', null, '-'), ('95', '41', 'PT. GREEN PLANET INDONESIA', '-', '-', 'RUMBAI', 'PEKANBARU', '0811 7510619', '0', '2018-07-20 15:39:08', '2018-07-20 15:39:08', null, '-'), ('96', '42', 'PT. HAMMER INDO ABADI / PT. MAXXIS', '-', '-', 'CIKARANG', 'BEKASI', '0852 45766677', '0', '2018-07-20 15:41:16', '2018-07-20 15:42:49', null, '-'), ('97', '43', 'PT. HAOHAN CEMENT', '-', '-', 'SERANG', 'BANTEN', '0812 13311515', '0', '2018-07-20 15:43:21', '2018-07-20 15:43:21', null, '-'), ('98', '44', 'PT. HARSAN', '-', '-', 'SERANG', 'BANTEN', '0813 15037680', '0', '2018-07-20 15:47:27', '2018-07-20 15:47:27', null, '-'), ('99', '45', 'PT. HARVESTAR FLOUR MILLS', '-', '-', 'GRESIK', 'JAWA TIMUR', '0813 30691691', '0', '2018-07-20 15:49:16', '2018-07-20 15:49:16', null, '-'), ('100', '46', 'PT. HDB MULTICONT (QQ: PT. CHAROEND PHOKPAND)', '-', '-', 'CIKANDE', 'TANGERANG', '0853 11935646', '0', '2018-07-20 15:51:00', '2018-07-20 15:51:25', null, '-'), ('101', '47', 'PT. HENGDA STEEL', '-', '-', null, 'TANGERANG', '0859 66603599', '0', '2018-07-20 15:53:48', '2018-07-20 15:53:48', null, '-'), ('102', '48', 'PT. HIGH SPEED RAILWAY (CIKALONG)', '-', '-', 'CIKALONG', 'BANDUNG', '0821 14717367', '0', '2018-07-20 15:58:21', '2018-07-20 15:58:21', null, '-'), ('103', '49', 'PT. HIGH SPEED RAILWAY (CIMAHI)', '-', '-', 'CIMAHI', 'BANDUNG', '0899 9091166', '0', '2018-07-20 16:01:48', '2018-07-20 16:02:00', null, '-'), ('104', '50', 'IBU HILDA', '-', '-', 'KLATEN', 'JOGJAKARTA', '0818 835858', '0', '2018-07-20 16:04:18', '2018-07-20 16:04:18', null, '-'), ('105', '146', 'PT. SPARTINDO ARTHA RAYA', '-', '-', 'KALIDONI', 'PALEMBANG', '(0711)714783', '0', '2018-07-23 09:19:58', '2018-07-23 09:20:13', null, '-'), ('106', '147', 'PT.STAR LIGHTS INDONESIA', '-', '-', 'BALARAJA', 'TANGERANG', '081289208355', '0', '2018-07-23 09:20:57', '2018-07-23 09:20:57', null, '-'), ('107', '148', 'PT.SULINDAFIN', '-', '-', 'KARAWACI', 'TANGERANG', '081293186955', '0', '2018-07-23 09:21:35', '2018-07-23 09:21:35', null, '-'), ('108', '149', 'PT.SUMBER TEKNIK KONSTRUKSI', '-', '-', 'PAMULIHAN', 'SUMEDANG', '082298696490', '0', '2018-07-23 09:22:16', '2018-07-23 09:22:16', null, '-'), ('109', '150', 'PT. SUNNY MOULD INDONESIA', '-', '-', 'DELTAMAS', 'CIKARANG', '08993179339', '0', '2018-07-23 09:23:01', '2018-07-23 09:23:01', null, '-'), ('110', '151', 'PT.SUNFOOK', '-', '-', 'MARGAGIRI', 'SERANG', '0254-5750999', '0', '2018-07-23 09:47:28', '2018-07-23 09:47:28', null, '-'), ('111', '152', 'PT.SUPERBTEX', '-', '-', 'RANCAEKEK', 'SUMEDANG', '085324341418', '0', '2018-07-23 09:48:20', '2018-07-23 09:48:20', null, '-'), ('112', '153', 'PT.SUPERBTEX (BANDUNG)', '-', '-', 'BANJARAN', 'BANDUNG', '022-5940852', '0', '2018-07-23 09:58:15', '2018-07-23 09:58:15', null, '-'), ('113', '154', 'PT.SURYA KARYA SETIABUDI', '-', '-', 'MARGOREJO', 'SLEMAN', '08112511132', '0', '2018-07-23 09:58:54', '2018-07-23 09:58:54', null, '-'), ('114', '155', 'PT.SURYA PANEL INDONESIA', '-', '-', 'CIKUPA', 'TANGERANG', '0215372326', '0', '2018-07-23 09:59:26', '2018-07-23 09:59:26', null, '-'), ('115', '156', 'PT.SURYA TOTO', '-', '-', 'CIKUPA', 'TANGERANG', '021 2562 5500 - Ext. 3061', '0', '2018-07-23 10:00:11', '2018-07-23 10:00:11', null, '-'), ('116', '157', 'PT.TERAPAN NILAIOSILASI INDONESIA', '-', '-', 'KERTAJAYA', 'SURABAYA', '00000', '0', '2018-07-23 10:02:16', '2018-07-23 10:02:31', null, '-'), ('117', '158', 'PT.TOTAL HARVEST CEMERLANG', '-', '-', 'CIBITUNG', 'BEKASI', '021-8251202', '0', '2018-07-23 10:03:47', '2018-07-23 10:03:47', null, '-'), ('118', '159', 'PT.TRIANA WIDODO (Personal)', '-', '-', 'WONOSOBO', 'JAWA TENGAH', '08122654384', '0', '2018-07-23 10:04:32', '2018-07-23 10:04:32', null, '-'), ('119', '160', 'PT.TUNGYA', '-', '-', 'CAKUNG', 'JAKARTA', '02144853779', '0', '2018-07-23 10:05:06', '2018-07-23 10:05:06', null, '-'), ('120', '161', 'PT.UNION JAYA STEEL', '-', '-', 'WANGUNHARJA', 'BEKASI', '081216666698', '0', '2018-07-23 10:06:49', '2018-07-23 10:06:49', null, '-'), ('121', '162', 'PT.UNION YASHINDO', '-', '-', 'SERANG', 'TANGERANG', '081382775656', '0', '2018-07-23 10:07:49', '2018-07-23 10:07:49', null, '-'), ('122', '163', 'PT.UNITED TRACTORS PANDU ENGINEERING', '-', '-', 'JABABEKA', 'BEKASI', '085210727372', '0', '2018-07-23 10:08:39', '2018-07-23 10:08:39', null, '-'), ('123', '164', 'PT.UTOMODECK METAL WORKS', '-', '-', 'KERATON', 'PASURUAN', '081938647773', '0', '2018-07-23 10:09:22', '2018-07-23 10:09:22', null, '-'), ('124', '165', 'PT.VARCO INDO BINA JAYA', '-', '-', 'UJUNG ASPAL', 'JAKARTA', '081310598172', '0', '2018-07-23 10:10:50', '2018-07-23 10:10:50', null, '-'), ('125', '166', 'PT.VITA PRODANA STEEL', '-', '-', 'PANCATAMA', 'SERANG', '081317838686', '0', '2018-07-23 10:21:54', '2018-07-23 10:21:54', null, '-'), ('126', '167', 'PT.VOESTALPINE BOHLER WELDING', '-', '-', 'JABABEKA', 'BEKASI', '081808877315', '0', '2018-07-23 10:22:29', '2018-07-23 10:22:29', null, '-'), ('127', '168', 'PT.WAHANA KERTA KENCANA', '-', '-', 'Gresik', 'JAWA TIMUR', '0000', '0', '2018-07-23 10:23:30', '2018-07-23 10:23:30', null, '-'), ('128', '169', 'PT.LAKSANA ABADI PRIMA', '-', '-', 'CIKUPA', 'TANGERANG', '0811859350', '0', '2018-07-23 10:24:32', '2018-07-23 10:24:32', null, '-'), ('129', '170', 'PT.WAN BAO LONG STEEL', '-', '-', 'WARINGIN JAYA', 'BEKASI', '085212658615', '0', '2018-07-23 10:25:05', '2018-07-23 10:25:05', null, '-'), ('130', '171', 'PT.WAN SHI DA INDONESIA', '-', '-', 'JAMPANGTENGAH', 'SUKABUMI', '085888119960', '0', '2018-07-23 10:26:01', '2018-07-23 10:26:01', null, '-'), ('131', '172', 'PT.WANLI BOILER MATERIAL', '-', '-', 'CIKUPA', 'TANGERANG', '081286151555', '0', '2018-07-23 10:26:57', '2018-07-23 10:26:57', null, '-'), ('132', '173', 'PT.WARINGIN JAYA STEEL INDONESIA', '-', '-', 'LEMAH ABANG', 'CIKARANG', '085813361111', '0', '2018-07-23 10:27:31', '2018-07-23 10:27:31', null, '-'), ('133', '174', 'PT.WENZHOU TIANQIU ELECTRICAL INDONESIA', '-', '-', 'DELTA MAS', 'BEKASI', '085263885550', '0', '2018-07-23 10:28:08', '2018-07-23 10:28:08', null, '-'), ('134', '175', 'PT. YANI PUTRA RAYA', '-', '-', 'TAWANG SARI', 'GRESIK', '081216635000', '0', '2018-07-23 10:28:47', '2018-07-23 10:28:47', null, '-'), ('135', '176', 'PT.YEPEKA USAHA MANDIRI', '-', '-', 'BONTANG', 'KALIMANTAN', '085230465094', '0', '2018-07-23 10:29:22', '2018-07-23 10:29:22', null, '-'), ('136', '177', 'PT.YONGLI INDONESIA LTD', '-', '-', 'SUNTER', 'JAKARTA', '081212810343', '0', '2018-07-23 10:30:04', '2018-07-23 10:30:04', null, '-'), ('137', '178', 'PT.ZHONGBO INTERNATIONAL KONSTRUKSI', '-', '-', 'SERANG', 'SERANG', '085217296539', '0', '2018-07-23 10:30:51', '2018-07-23 10:30:51', null, '-'), ('138', '179', 'PT.YANG LU QUAN', '-', '-', 'NABIRE', 'PAPUA', '081229959949', '0', '2018-07-23 10:31:23', '2018-07-23 10:31:23', null, '-'), ('139', '180', 'PT.WORLD INNOVATIVE TELECOMMUNICATION', '-', '-', 'JAKARTA', 'JAKARTA', '02129288322', '0', '2018-07-23 10:32:22', '2018-07-23 10:32:22', null, '-'), ('140', '181', 'PT.FOCUS COLOR INDONESIA', '-', '-', 'DELTA SILICON', 'CIKARANG', '085782954216', '0', '2018-07-23 10:33:55', '2018-07-23 10:33:55', null, '-'), ('141', '182', 'PT.INDAH JAYA TEXTILE INDUSTRY', '-', '-', 'BAWEN', 'SEMARANG', '08991734279', '0', '2018-07-23 10:34:54', '2018-07-23 10:34:54', null, '-'), ('142', '183', 'PT. HUTAMA KARYA ( Persero ) (unit di papua)', '-', '-', 'JATINEGARA', 'JAKARTA', '085311137744', '0', '2018-07-23 10:35:35', '2018-07-23 10:35:35', null, '-'), ('143', '184', 'PT.CEMERLANG MANDIRI ABADI', '-', '-', 'KOJA', 'JAKARTA UTARA', '082112026033', '0', '2018-07-23 10:36:15', '2018-07-23 10:36:15', null, '-'), ('144', '185', 'PT.MEGA SUMBER LOGAM', '-', '-', 'TANGERANG', 'BANTEN', '085817799702', '0', '2018-07-23 10:36:58', '2018-07-23 10:36:58', null, '-'), ('145', '186', 'PT.TRANSRENAL SINDO', '-', '-', 'DUREN SAWIT', 'JAKARTA', '081381019206', '0', '2018-07-23 10:37:44', '2018-07-23 10:37:44', null, '-'), ('146', '187', 'PT.YAMATOGAWA', '-', '-', 'SERANG', 'TANGERANG', '081282982245', '0', '2018-07-23 10:38:27', '2018-07-23 10:38:27', null, '-'), ('147', '188', 'PT.CGGC HK-CONSORTIUM', '-', '-', 'KEBAYORAN LAMA', 'JAKARTA UTARA', '081284869377', '0', '2018-07-23 10:39:02', '2018-07-23 10:39:02', null, '-'), ('148', '189', 'PT. H BUDI SETIADI', '-', '-', 'CIHIDEUNG', 'TASIKMALAYA', '081322948592', '0', '2018-07-23 10:39:44', '2018-07-23 10:39:44', null, '-'), ('149', '190', 'PT.ICEBEAR KAROSERI INDONESIA', '-', '-', 'CURUG', 'BANTEN', '087878909655', '0', '2018-07-23 10:40:30', '2018-07-23 10:40:30', null, '-'), ('150', '191', 'PT.SEMEN JAKARTA', '-', '-', 'SERPONG UTARA', 'BANTEN', '081283503333', '0', '2018-07-23 14:32:29', '2018-07-23 14:32:29', null, '-'), ('151', '192', 'PT.JAKARTA CENTRAL ASLA STEEL', '-', '-', 'PEGANGSAAN', 'JAKARTA', '08159708998', '0', '2018-07-23 14:35:42', '2018-07-23 14:35:42', null, '-'), ('152', '193', 'PT.TIMUR JAYA PRESTASI', '-', '-', 'CILEUNGSI', 'BOGOR', '081310693556', '0', '2018-07-23 14:36:37', '2018-07-23 14:36:37', null, '-'), ('153', '194', 'PT.JASATAMA DELIVERY EXPRESS', '-', '-', 'CAKUNG', 'JAKARTA', '081310881174', '0', '2018-07-23 14:44:43', '2018-07-23 14:44:43', null, '-'), ('154', '195', 'PT.APB - SIS KSO', '-', '-', 'KELAPA GADING', 'JAKARTA UTARA', '085279120548', '0', '2018-07-23 14:45:15', '2018-07-23 14:45:15', null, '-'), ('155', '196', 'PT.STRANGE TECH CIKARANG INDONESIA', '-', '-', 'KAWASAN HYUNDAI', 'CIKARANG', '0218972923', '0', '2018-07-23 14:46:08', '2018-07-23 14:46:08', null, '-'), ('156', '197', 'PT.SUPER LITEBLOK INDUSTRY', '-', '-', 'KARAWANG BARAT', 'KARAWANG', '02678490789', '0', '2018-07-23 16:59:50', '2018-07-23 16:59:50', null, '-'), ('157', '198', 'PT.BATU PUTRA JAYA MANDIRI', '-', '-', 'PANDEGLANG', 'BANTEN', '085966383223', '0', '2018-07-23 17:00:26', '2018-07-23 17:00:26', null, '-'), ('158', '199', 'PT.AHMAD JUMRONI', '-', '-', 'CENGKARENG', 'JAKARTA', '081381107710', '0', '2018-07-23 17:01:03', '2018-07-23 17:01:03', null, '-'), ('159', '200', 'PT.INDO MERLIN ABADI', '-', '-', 'SERANG', 'BANTEN', '087808865578', '0', '2018-07-23 17:01:37', '2018-07-23 17:01:37', null, '-'), ('160', '201', 'PT. CHINA MACHINERY', '-', '-', 'PENJARINGAN', 'JAKARTA', '082110833118', '0', '2018-07-23 17:08:05', '2018-07-23 17:08:05', null, '-'), ('161', '202', 'PT.ANUGRAH JAYA TOTINDO', '-', '-', 'CIBODAS', 'TANGERANG', '081294838457', '0', '2018-07-23 17:09:25', '2018-07-23 17:09:25', null, '-'), ('162', '203', 'IBU LYANA', '-', '-', 'SERPONG', 'TANGERANG', '08119775959', '0', '2018-07-23 17:11:10', '2018-07-23 17:11:10', null, '-'), ('163', '204', 'PT.ADHYA INDO JAYA', '-', '-', 'TANJUNG MULIA', 'MEDAN', '06142001187', '0', '2018-07-23 17:11:52', '2018-07-23 17:11:52', null, '-'), ('164', '205', 'PT.SASMITA BUMI WIJAYA', '021 29661994', '-', 'CILANDAK', 'JAKARTA SELATAN', '02129661994', '0', '2018-07-23 17:13:40', '2018-07-23 17:13:40', null, '-'), ('165', '207', 'PT. HONOR METAL INDONESIA', '-', '-', 'BALARAJA', 'TANGERANG', '02122662982', '0', '2018-07-23 17:17:58', '2018-07-23 17:17:58', null, '- '), ('166', '208', 'PT. BERKAT KRISHAN GRAHA', '-', '-', 'PADALARANG', 'BANDUNG', '02155958170', '0', '2018-07-23 17:28:39', '2018-07-23 17:28:50', null, '-'), ('167', '209', 'PT. DAMAI INDAH KACA TIPIS', '-', '-', 'SEPATAN', 'TANGERANG', '085217299954', '0', '2018-07-23 17:29:39', '2018-07-23 17:29:39', null, '-'), ('168', '210', 'PT. SANY PERKASA', '-', '-', 'CAKUNG', 'JAKARTA', '08158889188', '0', '2018-07-23 17:30:14', '2018-07-23 17:30:14', null, '-'), ('169', '211', 'PT. HIGH SPEED RAILWAY CONTRACTOR CONSORTIUM  PROJECT TEAM. SINOHYDRO CORPORATION LIMITED', '-', '-', 'MALANG NENGAH', 'PURWAKARTA', '081342353889', '0', '2018-07-23 17:34:59', '2018-07-23 17:35:59', null, '-'), ('170', '212', 'PT. H. HANDRI MUNTAHA', '-', '-', 'TASIKMALAYA', 'JAWA BARAT', '085281141117', '0', '2018-07-23 17:35:37', '2018-07-23 17:35:37', null, '-'), ('171', '213', 'PT. BUDI TEXINDO PRAKARSA', '-', '-', 'CIKANDE', 'BANTEN', '081310916597', '0', '2018-07-23 17:38:23', '2018-07-23 17:38:23', null, '-'), ('172', '214', 'PT. HARMONY SISTEM // PT. MILLENIUM PHARMACON  INTERNATIONAL Tbk (PT.MPI)', '-', '-', 'CAKUNG', 'JAKARTA', '082260775585', '0', '2018-07-23 17:39:04', '2018-07-23 17:39:04', null, '-'), ('173', '215', 'PT. PUNCAK TOP TRADER INDONESIA', '-', '-', 'PANJALIN', 'MAJALENGKA', '085813395558', '0', '2018-07-23 17:39:32', '2018-07-23 17:39:32', null, '-'), ('174', '216', 'PT. INDONESIA XIN HAI MACHINERY', '-', '-', 'DELTAMAS', 'BEKASI', '081388941984', '0', '2018-07-23 17:40:00', '2018-07-23 17:40:00', null, '-'), ('175', '217', 'PT.CHINA MACHINERY INDUSTRY FIFTH CONSTRUCTION CORP INC', '-', '-', 'PENJARINGAN', 'JAKARTA', '081287426999', '0', '2018-07-23 17:40:25', '2018-07-23 17:40:25', null, '-'), ('176', '218', 'PT. MADEG PILAR PRAYOGA', '-', '-', 'PEMALANG', 'JAWA TENGAH', '6281220000000', '0', '2018-07-23 17:41:00', '2018-07-23 17:41:00', null, '-'), ('177', '219', 'PT. AMPUH PERKASA JAYA', '-', '-', 'MINTARAGEN', 'TEGAL', '08161822400', '0', '2018-07-23 17:41:35', '2018-07-23 17:41:35', null, '-'), ('178', '220', 'PT INDO SANSHENG C & R', '-', '-', 'SUGIHMANIK', 'SEMARANG', '081774840870', '0', '2018-07-23 17:42:11', '2018-07-23 17:42:11', null, '-'), ('179', '222', 'PT. WAN SHI DA INDONESIA', '-', '-', 'JAMPANGTENGAH', 'SUKABUMI', '085863277127', '0', '2018-07-23 17:43:38', '2018-07-23 17:43:38', null, '-'), ('180', '51', 'PT. HONG XIN STEEL', '-', '-', 'CAKUNG', 'JAKARTA', '081282563041', '0', '2018-07-26 11:54:33', '2018-07-26 11:54:33', null, '-'), ('181', '52', 'PT. HUA TAI ALUMUNIUM', '-', '-', 'CIKUPA', 'TANGERANG', '085289358369', '0', '2018-07-26 11:56:29', '2018-07-26 11:56:29', null, '-'), ('182', '53', 'PT. HURIP UTAMA', '-', '-', 'CIKAMPEK', 'JAKARTA', '085216414614', '0', '2018-07-26 11:59:23', '2018-07-26 11:59:23', null, '-'), ('183', '54', 'PT. HWA HOK STEEL', '-', '-', 'CIKANDE', 'TANGERANG', '0812 85566668', '0', '2018-07-26 12:01:18', '2018-07-26 12:01:18', null, '-'), ('184', '55', 'PT. INDAH JAYA TEXTILE INDUSTRY', '-', '-', 'BAWEN', 'SEMARANG', '0899 1734279', '0', '2018-07-26 12:02:44', '2018-07-26 12:02:44', null, '-'), ('185', '56', 'PT. INDO KIMIA ABADI', '-', '-', '-', 'TANGERANG', '021 29007072', '0', '2018-07-26 12:05:25', '2018-07-26 12:05:25', null, '-'), ('186', '57', 'PT. INDO PERSONNEL', '-', '-', 'CILINCING', 'BEKASI', '0812 84636402', '0', '2018-07-26 12:37:43', '2018-07-26 12:37:43', null, '-'), ('187', '58', 'PT. INDONESIA SONGZ AUTOMOBILE AIR CONDITIONING', '-', '-', 'CIKARANG', 'BEKASI', '0811 3219253', '0', '2018-07-26 12:42:13', '2018-07-26 12:42:13', null, '-');
COMMIT;

-- ----------------------------
--  Table structure for `iel_customer_address`
-- ----------------------------
DROP TABLE IF EXISTS `iel_customer_address`;
CREATE TABLE `iel_customer_address` (
  `address_id` int(11) NOT NULL AUTO_INCREMENT,
  `customer_id` int(11) DEFAULT NULL,
  `address` varchar(500) DEFAULT NULL,
  `address_abbr` varchar(200) DEFAULT NULL,
  `create_time` datetime DEFAULT NULL,
  `update_time` datetime DEFAULT NULL,
  `position_longitude` decimal(10,6) DEFAULT NULL,
  `position_latitude` decimal(10,6) DEFAULT NULL,
  PRIMARY KEY (`address_id`)
) ENGINE=InnoDB AUTO_INCREMENT=95 DEFAULT CHARSET=utf8 ROW_FORMAT=DYNAMIC;

-- ----------------------------
--  Records of `iel_customer_address`
-- ----------------------------
BEGIN;
INSERT INTO `iel_customer_address` VALUES ('1', '2', 'address name', 'address name', '2018-07-13 11:02:00', '2018-08-14 16:11:33', '121.500000', '32.000000'), ('2', '2', 'Bekasi International Estate / Kawasan BIIE  Jl. Inti III block C 6 no. 8 Lippo Cikarang Bekasi 17550', 'IEL warehouse cikarang', '2018-07-13 11:03:10', '2018-07-17 16:09:22', '121.500000', '32.000000'), ('3', '6', 'No.17-18 Blok A, Ruko Inkopal Kelapa Gading Jl. Boulevard Barat Raya Jakarta Utara 14240 Indonesia', null, '2018-07-13 15:30:46', '2018-07-13 20:16:21', '121.500000', '32.000000'), ('4', '4', 'No.17-18 Blok A, Ruko Inkopal Kelapa Gading Jl. Boulevard Barat Raya Jakarta Utara 14240 Indonesia', null, '2018-07-13 19:44:20', '2018-07-13 19:44:20', '121.500000', '32.000000'), ('5', '4', 'qwertyui', null, '2018-07-13 19:46:24', '2018-07-13 19:46:24', '121.500000', '32.000000'), ('6', '2', '中国', '北京', '2018-07-17 13:54:01', '2018-07-17 13:54:01', '121.500000', '32.000000'), ('7', '3', 'Jalan Raya Narogong KM.11, Pangkalan 1B No.90 Bantar Gebang', 'Bekasi', '2018-07-17 17:08:41', '2018-07-17 17:09:35', '121.500000', '32.000000'), ('8', '9', 'Dusun Timur Jalan Durjan, Durjan Kokop Bangkalan', 'Jawa Timur', '2018-07-17 17:10:04', '2018-07-17 17:10:04', '121.500000', '32.000000'), ('9', '10', 'Jl. K.H.A. Sanusi No 135 Cigunung (Gudang semen Holcim, samping KIA Motor Hyundai)', 'Sukabumi, Jawa Barat.', '2018-07-17 17:10:49', '2018-07-17 17:10:49', '121.500000', '32.000000'), ('10', '11', '(PT. BARUNA DIAN MUSTIKA) Jl. Raya Martadinata Tanjung Priok', 'Jakarta Utara', '2018-07-17 17:34:48', '2018-07-17 17:34:48', '121.500000', '32.000000'), ('11', '21', 'Kawasan Marunda Centre Blok E No. 1-2 Jl. Marunda Makmur', 'Bekasi', '2018-07-18 18:51:57', '2018-07-18 18:51:57', '121.500000', '32.000000'), ('12', '20', 'Medan', 'Medan', '2018-07-18 18:52:54', '2018-07-18 18:52:54', '121.500000', '32.000000'), ('13', '22', 'Ruko Karang Anyar. Jl. karang Anyar no. 53 / 54 blok B no. 30', 'Jakarta Pusat', '2018-07-18 18:54:44', '2018-07-18 18:54:44', '121.500000', '32.000000'), ('14', '23', 'Jl. Millenium Raya Blok A 22 No. 03 A Tigaraksa', 'Tangerang', '2018-07-19 12:09:46', '2018-07-19 12:09:46', '121.500000', '32.000000'), ('15', '24', 'Kawasan GIIC Kota Deltamas Blok BA No 2 Desa Sukamahi, Cikarang Pusa, Bekasi 17530', 'Bekasi', '2018-07-19 12:11:01', '2018-07-19 12:11:01', '121.500000', '32.000000'), ('16', '25', 'Kawasan Greenland International Industrial Centre (GIIC), Blok BA No. 1, Sukamahi, Cikarang Pusat, Bekasi, Jawa Barat 17530', 'Bekasi', '2018-07-19 12:14:02', '2018-07-19 12:14:02', '121.500000', '32.000000'), ('17', '26', 'Kudus ; Jl. Lingkar Kudus KM 1 Ngembal Kulon Kudus', 'Jawa Tengah', '2018-07-19 12:16:46', '2018-07-19 12:16:46', '121.500000', '32.000000'), ('18', '27', 'Jl. Romokalisari Komplek Pergudangan Bumi Maspion A No. 01, Kel. Romokalisari Kec. Benowo', 'Surabaya, Jawa Timur', '2018-07-19 12:20:49', '2018-07-19 12:20:49', '121.500000', '32.000000'), ('19', '28', 'Dusun Sukamulya RT. 020 RW. 006 Kel. Anggadita Kec. Klari', 'Karawang, Jawa Barat.', '2018-07-19 12:21:59', '2018-07-19 12:21:59', '121.500000', '32.000000'), ('20', '29', 'Tanjung Balit, Kabupaten Lima Puluh', 'Payakumbuh, Sumatera Barat', '2018-07-19 12:24:54', '2018-07-19 12:24:54', '121.500000', '32.000000'), ('21', '29', '-', '-', '2018-07-19 12:28:11', '2018-07-19 12:29:10', '121.500000', '32.000000'), ('22', '30', 'Jl. Aria Jaya Santika, Kp. Widara, Desa Pematang RT01/RW04 Kec. Tigaraksa 15720', 'Tanggerang. Banten', '2018-07-19 12:29:40', '2018-07-19 12:29:40', '121.500000', '32.000000'), ('23', '31', 'Kawasan industri KITIC kav.7A (Kawasan GIIC - Delta Mas, Cikarang)', 'Bekasi', '2018-07-19 12:34:46', '2018-07-19 12:34:51', '121.500000', '32.000000'), ('24', '32', 'Jl. Raya Serang - Cibarusah No.98, Sukadami, Cikarang Sel., Bekasi, Jawa Barat 17530', 'Bekasi', '2018-07-19 12:39:00', '2018-07-19 12:39:00', '121.500000', '32.000000'), ('25', '33', 'Kawasan Industri Daan Mogot KM. 19.8 Blok E/1 Batu Ceper Tangerang 15122.', 'Tangerang', '2018-07-19 12:41:27', '2018-07-19 12:41:27', '121.500000', '32.000000'), ('26', '34', 'Jl. Raya Serang KM. 13.8 Kawasan Industri Tristate No. 29 Desa Pasir Jaya Cikupa', 'Tangerang', '2018-07-19 12:44:03', '2018-07-19 12:44:03', '121.500000', '32.000000'), ('27', '35', 'Jl. Raya Kosambi Cimahi KM 4 desa Cimahi Klari, Karawang Timur', 'Karawang', '2018-07-19 12:48:58', '2018-07-19 12:48:58', '121.500000', '32.000000'), ('28', '36', 'Jl. Modern Industri X Kav. Q7-Q8 Namboilir, Kibin, Serang Banten', 'Banten', '2018-07-19 12:50:32', '2018-07-19 12:50:32', '121.500000', '32.000000'), ('29', '37', '-', '-', '2018-07-19 12:55:56', '2018-07-19 12:56:06', '121.500000', '32.000000'), ('30', '37', '-', '-', '2018-07-19 12:55:56', '2018-07-19 12:56:11', '121.500000', '32.000000'), ('31', '37', 'Perum Prasarana Perikanan Samudra Blok N No. 11 Muara Baru', 'Jakarta', '2018-07-19 12:55:56', '2018-07-19 12:55:56', '121.500000', '32.000000'), ('32', '38', 'Kompleks Industri Greenland - Deltamas, Jl. Greenland Boulevard Blok AG No. 1', 'Bekasi', '2018-07-19 12:58:25', '2018-07-19 12:58:25', '121.500000', '32.000000'), ('33', '39', 'Salira Raya Desa Mangunreja, Kel. Mangunreja Kec. Puloampel Serang Banten.', 'Banten', '2018-07-19 12:59:56', '2018-07-19 12:59:56', '121.500000', '32.000000'), ('34', '40', 'Jl.Surya Utama Blok Kav I No.69 A1 RT.000 RW.000 Mulyasari Ciampel Karawang', 'Karawang', '2018-07-19 13:02:12', '2018-07-19 13:02:12', '121.500000', '32.000000'), ('35', '41', 'Kp. Babakan, RT.01 RW.02 no. 57 Pagedangan Legok.', 'Tangerang', '2018-07-19 13:06:39', '2018-07-19 13:06:39', '121.500000', '32.000000'), ('36', '43', 'Desa Candi, Kel. Puloampel, Merak', 'Banten', '2018-07-19 14:39:40', '2018-07-19 14:39:40', '121.500000', '32.000000'), ('37', '47', 'Salira Raya Desa Mangunreja, Kel.Mangunreja Kec.Puloampel', 'Serang, Banten', '2018-07-19 14:44:46', '2018-07-19 14:44:46', '121.500000', '32.000000'), ('38', '42', 'Samping Apotik Aura', '-', '2018-07-19 14:44:55', '2018-07-19 14:44:55', '121.500000', '32.000000'), ('39', '59', 'Gedung AKA 7th Floor, JL. Bangka 2, Pela Mampang, Mampang Prapatan, Jakarta, RT.8/RW.3, Pela Mampang, Mampang Prapatan, South Jakarta City, Jakarta 12720', 'Jakarta Selatan', '2018-07-19 15:28:19', '2018-07-19 15:28:19', '121.500000', '32.000000'), ('40', '62', 'Jl. Marunda Makmur No. 5 RT. 002 RW. 005 Kp. Tun Jaya Segara Makmur - Tarumajaya.', 'Jakarta', '2018-07-19 15:31:24', '2018-07-19 15:31:24', '121.500000', '32.000000'), ('41', '44', 'KIG Blok I no 4-11 Gresik', 'GRESIK', '2018-07-19 15:37:24', '2018-07-19 15:37:24', '121.500000', '32.000000'), ('42', '66', 'Jl. Sekar Taji RT/RW 001/001, Kediri', 'Jawa Timur', '2018-07-19 15:38:13', '2018-07-19 15:38:13', '121.500000', '32.000000'), ('43', '67', 'Jl. Raya Gatot Subroto KM 8.5 Kawasan Industri Manis, Tangerang', 'Tangerang', '2018-07-19 15:41:09', '2018-07-19 15:41:09', '121.500000', '32.000000'), ('44', '68', 'Jl. Raya Sumengko,Desa Sumengko,Sumengko Wringin Anom - Gresik km 30,7', 'Gresik, Surabaya', '2018-07-19 15:45:47', '2018-07-19 15:45:47', '121.500000', '32.000000'), ('45', '69', 'Gg. Mushol No. 1, Cukang Galih, Curug', 'Tanggerang, Banten', '2018-07-19 16:03:23', '2018-07-19 16:03:23', '121.500000', '32.000000'), ('46', '71', 'Jl. Raya Narogong Km.26,5 Kawasan Industry Kembang Kuning Kec. Klapanunggal Kab. Bogor', 'Bogor, Jawa Barat', '2018-07-19 16:05:31', '2018-07-19 16:05:31', '121.500000', '32.000000'), ('47', '72', 'Jl. Slamet Riyadi, Lawang Kidul, Ilir Tim. II - 30118', 'Palembang, Sumatera Selatan', '2018-07-19 16:08:21', '2018-07-19 16:08:21', '121.500000', '32.000000'), ('48', '76', 'JL. Slamet Riyadi No. 1977 Lawang Kidul Laut', 'Lampung', '2018-07-19 16:11:17', '2018-07-19 16:11:17', '121.500000', '32.000000'), ('49', '79', 'Jl. Madura D14 A, Kawasan Berikat Nusantara', 'Cakung, Jakarta', '2018-07-19 16:13:37', '2018-07-19 16:13:37', '121.500000', '32.000000'), ('50', '89', 'Jln bantar kampung ranca senggang panggilngan batu GAYAM', null, '2018-07-19 19:34:04', '2018-07-19 19:34:04', '121.500000', '32.000000'), ('51', '91', 'Jl. Kawasan Industri Terpadu Indonesia China (KITIC) Kav No.19-7 Nagasari, Serang Baru', 'Bekasi, Jawa Barat', '2018-07-20 15:31:56', '2018-07-20 15:31:56', '121.500000', '32.000000'), ('52', '92', 'Alamanda Tower Lantai 22 D, Jl. TB . Simatupang Kav. 23-24', 'Cilandak, Jakarta Selatan', '2018-07-20 15:34:47', '2018-07-20 15:34:47', '121.500000', '32.000000'), ('53', '93', 'Jl. Gatot Subroto KM. 4, Kawasan Industri Kalisabi No. 7, Uwung Jaya', 'Cibodas, Tangerang', '2018-07-20 15:36:43', '2018-07-20 15:36:43', '121.500000', '32.000000'), ('54', '94', 'Jl. RE Martadinata No. 1 Tanjung Priuk, Stasiun Priuk', 'Jakarta Utara', '2018-07-20 15:38:23', '2018-07-20 15:38:23', '121.500000', '32.000000'), ('55', '95', 'Jl.Budi Sari No.19 A Umban Sari', 'Rumbai, Pekanbaru', '2018-07-20 15:40:31', '2018-07-20 15:40:31', '121.500000', '32.000000'), ('56', '96', 'Greenland International Industrial Center (GIIC) Blok CG No. 01 Kota Deltamas, Desa Pasir Ranji, Kec. Cikarang Pusat, 17530.', 'Bekasi, Jawa Barat', '2018-07-20 15:41:42', '2018-07-20 15:41:42', '121.500000', '32.000000'), ('57', '97', 'Jl. Raya terate Bojonegara RT/RW 001/001 Kertasana', 'Serang, Banten', '2018-07-20 15:43:41', '2018-07-20 15:43:41', '121.500000', '32.000000'), ('58', '98', 'Jl. Industri 3 No. 18, Kawasan Industri Modern Cikande', 'Serang, Banten', '2018-07-20 15:47:46', '2018-07-20 15:47:46', '121.500000', '32.000000'), ('59', '99', 'Kawasan Indutry Gresik Kav. M No. 3-4 Jl. Raya Barat KIG', 'Gresik, Jawa Timur', '2018-07-20 15:49:31', '2018-07-20 15:49:31', '121.500000', '32.000000'), ('60', '100', 'Kawasan Industri Modern Cikande Tangerang QQ: PT. CHAROEND PHOKPAND', 'Cikande, Tangerang', '2018-07-20 15:51:51', '2018-07-20 15:51:51', '121.500000', '32.000000'), ('61', '102', 'RT/RW 01/01,Kampung Cigentur,Desa Mandala Sari,Kecamatan Cikalong Wetan,Kabupaten Bandung Barat.', 'Bandung', '2018-07-20 15:58:44', '2018-07-20 15:58:44', '121.500000', '32.000000'), ('62', '102', '-', '-', '2018-07-20 15:58:44', '2018-07-20 15:58:51', '121.500000', '32.000000'), ('63', '103', 'Jl. HMS Mintareja Sarjana Hukum Dekat Pusdikom, Baros, Cimahi Tengah, Kota Cimahi, Jawa Barat 40521', 'Bandung', '2018-07-20 16:02:14', '2018-07-20 16:02:14', '121.500000', '32.000000'), ('64', '104', 'Desa Kebonalas Kecamatan Manisrenggo Kabupaten Klaten. Masuk dari sebelah kiri Candi Prambanan (posisinya dibelakang Candi kira2 dari Jalan Raya Solo Jogya kurang lebih 10km ke arah utara)', 'Klaten, Jogjakarta', '2018-07-20 16:04:51', '2018-07-20 16:04:51', '121.500000', '32.000000'), ('65', '45', 'Desa Kadu Mekar Kecamatan Babakan Cikao, Purwakarta', '-', '2018-07-23 17:53:50', '2018-07-23 17:53:50', '121.500000', '32.000000'), ('66', '46', 'Jl KH Noor Ali, Kalimalang Bekasi Barat, Proyek Grand Kamala Lagoon', '-', '2018-07-23 17:54:49', '2018-07-23 17:54:49', '121.500000', '32.000000'), ('67', '48', 'JL. Swadaya RT 006/004 Kp. Cikeas Udik,Gunung Putri Kab. Bogor', '-', '2018-07-23 17:57:10', '2018-07-23 17:57:10', '121.500000', '32.000000'), ('68', '49', 'Komplek Pergudangan Miami Jl. Kayu Besar 3 Blok N No. 3.', '-', '2018-07-23 17:58:15', '2018-07-23 17:58:15', '121.500000', '32.000000'), ('69', '50', 'Jl. OTONOM JUNTI KP. AJEG GABUS DESA/KEL. CIKANDE KEC. CIKANDE SERANG PROV. BANTEN.', '-', '2018-07-23 17:59:51', '2018-07-23 17:59:51', '121.500000', '32.000000'), ('70', '51', 'Kawasan Berikat Nusantara KBN Marunda Jln. Madiun Blok C2 No. 22 Cilincing Jakarta Utara 14120 Indonesia', '-', '2018-07-23 18:02:33', '2018-07-23 18:02:33', '121.500000', '32.000000'), ('71', '52', 'Kawasan Berikat Nusantara KBN Marunda Jln. Madiun Blok C2 No. 22 Cilincing Jakarta Utara 14120 Indonesia', '-', '2018-07-23 18:04:53', '2018-07-23 18:05:04', '121.500000', '32.000000'), ('72', '53', 'kawasan industri terboyo semarang blok kk 12 Semarang', '-', '2018-07-23 18:11:58', '2018-07-23 18:11:58', '121.500000', '32.000000'), ('73', '54', 'JL.Terboyo Industri,Blok III No 7 Kawasan Industri Terboyo Megah, Genuk Semarang 50112', '-', '2018-07-24 19:48:00', '2018-07-24 19:48:00', '121.500000', '32.000000'), ('74', '55', 'Jl. Dusun Lawain RT.001 RW.002 Kel/Desa Umalor,Kec. Malaka, Nusa Tenggara Timur', '-', '2018-07-24 19:49:08', '2018-07-24 19:49:08', '121.500000', '32.000000'), ('75', '56', 'Jl. Griya Bukit Jaya No. 16 Rt. 02 Rw. 02 Desa Tlajung Udik Kec. Gunung Putri, Bogor', '-', '2018-07-24 19:51:41', '2018-07-24 19:51:41', '121.500000', '32.000000'), ('76', '57', 'Delta Silicon Industrial Park, Jl. Kruing 1 No.1 Lippo Cikarang Bekasi 17550 Indonesia', '-', '2018-07-24 19:55:53', '2018-07-24 19:55:53', '121.500000', '32.000000'), ('77', '58', 'PT.Indah Kiat Pulp & Paper Jl.Raya Serpong km 8, Tangerang,Jawa Barat', '-', '2018-07-24 19:57:40', '2018-07-24 19:57:50', '121.500000', '32.000000'), ('78', '60', 'Jl. Pos Sentul No 28 Raya Serang Km. 27 Balaraja Barat', '-', '2018-07-24 20:01:26', '2018-07-24 20:01:26', '121.500000', '32.000000'), ('79', '61', 'conchcement', '-', '2018-07-24 20:03:20', '2018-07-24 20:03:20', '121.500000', '32.000000'), ('80', '63', 'Jl.Selayar Blok B2-1 Kawasan Industri MM 2100 Cikarang Barat, Bekasi, Jawa Barat 17845', '-', '2018-07-24 20:05:49', '2018-07-24 20:05:49', '121.500000', '32.000000'), ('81', '64', 'Ujung Pandang Blok C 02, KBN Marunda, Cilincing', '-', '2018-07-24 20:09:14', '2018-07-24 20:09:14', '121.500000', '32.000000'), ('82', '65', 'Jl. Raya Narogong Km.26 Cileungsi Bogor', '-', '2018-07-24 20:10:30', '2018-07-24 20:10:30', '121.500000', '32.000000'), ('83', '70', 'Kawasan Industri Terpadu Indonesia China (KITIC) Kav No. 35 Jl. Tol Jakarta Cikampek KM37, GIIC Kota Deltamas.', '-', '2018-07-24 20:11:54', '2018-07-24 20:11:54', '121.500000', '32.000000'), ('84', '73', 'JL. Gajah Tunggal Pos 2 No. 100 Jatake - Tangerang', '-', '2018-07-25 17:25:19', '2018-07-25 17:25:19', '121.500000', '32.000000'), ('85', '74', 'Jl. Raya Kopo Maja KM. 1, Gabus-Kopo, Serang Banten', '-', '2018-07-25 17:31:11', '2018-07-25 17:31:11', '121.500000', '32.000000'), ('86', '180', 'Jl. Raya Bekasi KM. 21-22 TR. 001 RW. 005 Kel. Rawa Terate Kec. Cakung', 'Jakarta Timur, DKI Jakarta', '2018-07-26 11:54:55', '2018-07-26 11:54:55', '121.500000', '32.000000'), ('87', '181', 'Jl. Raya Serang KM 16,8 RT.002 RW.02 No.44 Desa Talaga Cikupa Tanggerang', 'Tangerang', '2018-07-26 11:56:49', '2018-07-26 11:56:49', '121.500000', '32.000000'), ('88', '182', 'Jl. Jendral Ahmad Yani No.39 Cikampek', 'Jakarta', '2018-07-26 11:59:56', '2018-07-26 11:59:56', '121.500000', '32.000000'), ('89', '183', 'Jl. Modern Industri XII Blok S No. 2 Kawasan Industri Modern Cikande', 'Tangerang ', '2018-07-26 12:01:37', '2018-07-26 12:01:37', '121.500000', '32.000000'), ('90', '184', 'PT. APAC INTI CORPORA JL.  Soekarno Hatta Km. 32, Hardjosari, Bawen 50661', 'Semarang, Jawa Tengah', '2018-07-26 12:02:59', '2018-07-26 12:02:59', '121.500000', '32.000000'), ('91', '185', 'Jl. Millenium Raya II-B F6/05', 'Tangerang', '2018-07-26 12:05:43', '2018-07-26 12:05:43', '121.500000', '32.000000'), ('92', '186', 'Jl. Cakung Industri Selatan I No. 12 Cakung Industrial Town, Cilincing.', 'Bekasi', '2018-07-26 12:38:02', '2018-07-26 12:38:02', '121.500000', '32.000000'), ('93', '187', 'Kawasan Greenland International Industrial Center (GIIC), Blok BA no 2, kota Deltamas, Sukamahi, Cikarang Pusat', 'Bekasi', '2018-07-26 12:42:35', '2018-07-26 12:42:35', '121.500000', '32.000000'), ('94', '2', 'add', 'ass', '2018-08-14 16:14:09', '2018-08-14 16:14:09', '121.500000', '32.000000');
COMMIT;

-- ----------------------------
--  Table structure for `iel_customer_contact`
-- ----------------------------
DROP TABLE IF EXISTS `iel_customer_contact`;
CREATE TABLE `iel_customer_contact` (
  `contact_id` int(11) NOT NULL AUTO_INCREMENT,
  `customer_id` int(11) DEFAULT NULL,
  `contact_name` varchar(200) DEFAULT NULL,
  `job_position` varchar(500) DEFAULT NULL,
  `email` varchar(200) DEFAULT NULL,
  `phone` varchar(200) DEFAULT NULL,
  `create_time` datetime DEFAULT NULL,
  `update_time` datetime DEFAULT NULL,
  PRIMARY KEY (`contact_id`)
) ENGINE=InnoDB AUTO_INCREMENT=102 DEFAULT CHARSET=utf8 ROW_FORMAT=DYNAMIC;

-- ----------------------------
--  Records of `iel_customer_contact`
-- ----------------------------
BEGIN;
INSERT INTO `iel_customer_contact` VALUES ('1', '2', 'NAME', 'JOB POSITION', 'EAMIL', 'CONTECT PHONE NUMBER', '2018-07-13 11:20:47', '2018-07-17 16:11:03'), ('2', '6', 'JACKY ZHANG', 'HEAD', 'JACKY@TED', '55550555', '2018-07-13 15:31:06', '2018-07-13 20:17:55'), ('3', '4', 'KRISTIN', 'MANAGER', 'KRISTIN@INDUEQUIPMENT', '12345678', '2018-07-13 19:50:06', '2018-07-13 19:50:06'), ('4', '3', 'BPK AFON', '-', '-', '021 82607548', '2018-07-17 16:46:09', '2018-07-17 16:46:09'), ('5', '10', 'BPK ROY', '-', 'aroyani91@gmail.com', '0857 23177188', '2018-07-17 16:52:48', '2018-07-17 16:52:48'), ('6', '10', 'IBU JULIA', '-', 'juliaams83@yahoo.com', '021 6904140', '2018-07-17 16:53:28', '2018-07-17 16:53:28'), ('7', '11', 'Bpk Dewa', '-', 'dewa.ajs@gmail.com', '0822 45785999', '2018-07-17 17:34:23', '2018-07-17 17:34:23'), ('8', '21', 'Bpk Warsito', '-', 'baskoro179@gmail.com', '0852 18833330', '2018-07-18 18:52:37', '2018-07-18 18:52:37'), ('9', '22', 'Ibu Sanvia', '-', '0', '0852 89579057', '2018-07-19 12:05:40', '2018-07-19 12:05:40'), ('10', '23', 'Ibu Yuni', '-', 'yuni_duwi@yahoo.com', '0812 85840982', '2018-07-19 12:09:10', '2018-07-19 12:09:10'), ('11', '24', 'Bpk Nurahman', '-', '1', '0812 10310040', '2018-07-19 12:12:30', '2018-07-19 12:12:30'), ('12', '25', 'Bpk Irsan', '-', 'pro02.bisc@Baosteel.com.sg', '0812 83234029', '2018-07-19 12:14:57', '2018-07-19 12:14:57'), ('13', '26', 'Bpk Anggung', '-', '2', '0823 26291394', '2018-07-19 12:17:28', '2018-07-19 12:17:28'), ('14', '28', 'Bpk Iqbal Mutaqin', '-', '3', '0812 14907545', '2018-07-19 12:23:28', '2018-07-19 12:23:28'), ('15', '29', 'Bpk Aris Widjaja', '-', '4', '0813 74418867', '2018-07-19 12:26:06', '2018-07-19 12:26:06'), ('16', '29', 'Kusnadiyanto', '-', '5', '0813 16773333', '2018-07-19 12:26:28', '2018-07-19 12:26:28'), ('17', '30', 'Bpk Subhan', '-', '6', '0812 90887049', '2018-07-19 12:30:26', '2018-07-19 12:30:26'), ('18', '28', '-', '-', '`', '-', '2018-07-19 12:32:22', '2018-07-19 12:33:00'), ('19', '31', 'Bpk Fendy Leodra', '-', '7', '0813 11318963', '2018-07-19 12:36:42', '2018-07-19 12:36:42'), ('20', '31', 'Bpk Poppy', '-', 'poppyisnardwi@gmail.com', '0813 28448777', '2018-07-19 12:37:18', '2018-07-19 12:37:18'), ('21', '32', 'Bpk Hendrik', '-', 'chmbeton@yahoo.com', '0823 48205198', '2018-07-19 12:39:33', '2018-07-19 12:39:33'), ('22', '33', 'Ibu Indah/Hikmah', '-', '8', '021 5512538/39', '2018-07-19 12:42:29', '2018-07-19 12:42:29'), ('23', '33', 'Bpk Daniel', '-', 'info@ptcalico.com', '0821 11950553', '2018-07-19 12:42:53', '2018-07-19 12:42:53'), ('24', '34', 'Ibu Lamria', 'Purchasing', 'lamria_manurung@yahoo.co.id', '0813 18933549', '2018-07-19 12:44:43', '2018-07-19 12:44:43'), ('25', '34', 'Ibu Hetty', '-', 'hettycentury@gmail.com', '021 5963399', '2018-07-19 12:45:27', '2018-07-19 12:45:27'), ('26', '35', 'Bpk Budi', '-', 'budinu@ciptakwi.com', '0813 16936394', '2018-07-19 12:47:52', '2018-07-19 12:47:52'), ('27', '36', 'Bpk Hadi', 'Mechanic', '9', '0819 08073845', '2018-07-19 12:54:55', '2018-07-19 12:54:55'), ('28', '37', 'Ibu Inaf', 'Purchasing', 'purchasing@cedeaseafood.com', '0813 82258423', '2018-07-19 12:57:01', '2018-07-19 12:57:01'), ('29', '39', '', '', '', '0852 13083954', '2018-07-19 13:01:00', '2018-07-19 13:01:10'), ('30', '40', 'Ibu Titin', '-', 'titin-Yani@crowncork.com.sg', '0812 82882682', '2018-07-19 13:03:27', '2018-07-19 13:03:27'), ('31', '40', 'Ibu Apriani', 'Treasury', 'apriani@crowncork.com.sg', '021 30424449-53 Ext. 212', '2018-07-19 13:05:20', '2018-07-19 13:05:20'), ('32', '41', 'Bpk Hengki', '-', '10', '081280716780', '2018-07-19 13:07:56', '2018-07-19 13:07:56'), ('33', '41', 'Bpk Andi', '-', 'suandihong@gmail.com', '0811 9798983', '2018-07-19 13:09:29', '2018-07-19 13:09:29'), ('34', '43', 'Bpk Rudi', '-', 'chikamotorcilangkap@gmail.com', '0812 86600199', '2018-07-19 14:42:06', '2018-07-19 14:42:06'), ('35', '47', 'Mr. Han', '-', '11', '0878 80008097', '2018-07-19 14:45:15', '2018-07-19 14:45:15'), ('36', '47', 'Bpk Dudi', '-', 'deodie.wahyudi@gmail.com', '0819 11001010', '2018-07-19 14:45:55', '2018-07-19 14:45:55'), ('37', '59', 'Mr. Liu Peng', '-', '12', '0812 85139558', '2018-07-19 15:28:50', '2018-07-19 15:28:50'), ('38', '62', 'Bpk Tafroni', '-', '13', '0813 85804666', '2018-07-19 15:35:23', '2018-07-19 15:35:23'), ('39', '66', 'Bpk Pras', '-', '14', '0812 34379555', '2018-07-19 15:38:37', '2018-07-19 15:38:37'), ('40', '67', 'Bpk Hendra', '-', 'dynamaxsolid@yahoo.com', '0856 97875463', '2018-07-19 15:42:02', '2018-07-19 15:42:02'), ('41', '44', '', '', '', '', '2018-07-19 15:42:07', '2018-07-19 15:59:18'), ('42', '68', 'Bpk Yusuf', '-', '15', '0812 16603211', '2018-07-19 15:47:22', '2018-07-19 15:47:22'), ('43', '69', 'Mr. Simon Chen', '-', '16', '0813 93959189 - 0858 83332988', '2018-07-19 16:04:14', '2018-07-19 16:04:14'), ('44', '71', 'Bpk Frisky Adrian', '-', '17', '0853 17655555', '2018-07-19 16:06:22', '2018-07-19 16:06:22'), ('45', '72', 'Bpk Hendro', '-', 'marchendro@pbm.gui-group.co.id', '0821 96789035', '2018-07-19 16:09:05', '2018-07-19 16:09:05'), ('46', '76', 'Ibu Hanni', '-', '18', '0852 67240777 - 0821 96789035', '2018-07-19 16:12:06', '2018-07-19 16:12:06'), ('47', '79', 'Bpk Mumu', '-', 'mumu@globalnf.com', '0821 13526760', '2018-07-19 16:15:10', '2018-07-19 16:15:10'), ('48', '90', '', '', '', '', '2018-07-19 19:37:41', '2018-07-19 19:42:32'), ('49', '90', '', '', '', '', '2018-07-19 19:40:33', '2018-07-19 19:42:37'), ('50', '89', 'H. Handri Muntaha', 'S', 'S', '085281141117/082115395840', '2018-07-19 19:43:26', '2018-07-19 19:43:26'), ('51', '91', 'Ms. Hu', '-', '221', '0813 83689036', '2018-07-20 15:32:50', '2018-07-20 15:32:50'), ('52', '91', 'Ibu Karo', 'Translator', '222', '081270803242', '2018-07-20 15:33:10', '2018-07-20 15:33:10'), ('53', '92', 'Bpk Kamilun', '-', '206', '021 29661994', '2018-07-20 15:35:39', '2018-07-20 15:35:39'), ('54', '93', 'Bpk Handi', '-', '39', '082179871096', '2018-07-20 15:37:16', '2018-07-20 15:37:16'), ('55', '95', 'Bpk Abdillah', '-', '40', '0811 7510619', '2018-07-20 15:39:54', '2018-07-20 15:39:54'), ('56', '96', 'Bpk Yoga', '-', 'hummeribis@gmail.com', '0852 45766677', '2018-07-20 15:42:32', '2018-07-20 15:42:32'), ('57', '97', 'Mr. Li', '-', '43', '0812 13311515', '2018-07-20 15:44:14', '2018-07-20 15:44:14'), ('58', '98', 'Ibu Ani', '-', '44', '081315037680', '2018-07-20 15:48:29', '2018-07-20 15:48:29'), ('59', '99', 'Bpk Heri', '-', 'heri@harvestar.co.id', '0813 30691691', '2018-07-20 15:50:21', '2018-07-20 15:50:21'), ('60', '100', 'Bpk Didi', '-', 'tyo.sales@hdbmulticont.co.id', '0853 11935646', '2018-07-20 15:52:51', '2018-07-20 15:52:51'), ('61', '101', 'Bpk Masrun', '-', '47', '0859 66603599', '2018-07-20 15:54:38', '2018-07-20 15:54:38'), ('62', '101', '', '', 'hengdasteel66@gmail.com', '', '2018-07-20 15:56:13', '2018-07-20 15:56:34'), ('63', '102', 'Mr. Huang', '-', '48', '0821 14717367', '2018-07-20 15:59:40', '2018-07-20 16:00:46'), ('64', '102', 'Bpk Joko', '-', '48(2)', '0812-54633143', '2018-07-20 16:00:12', '2018-07-20 16:00:12'), ('65', '102', 'Mr. Ding', '-', '48(3)', '0853 58818413', '2018-07-20 16:01:06', '2018-07-20 16:01:06'), ('66', '103', 'Bpk Biantoro', '-', '49', '0899 9091166', '2018-07-20 16:02:39', '2018-07-20 16:02:39'), ('67', '104', 'Ibu Hilda', '-', '50', '0818 835858 / 0812 84522255', '2018-07-20 16:05:20', '2018-07-20 16:05:20'), ('68', '42', 'BPK SUTARDI', '', '', '', '2018-07-23 17:47:07', '2018-07-23 17:47:41'), ('69', '44', 'BPK TONO', '-', '112', '081284177024', '2018-07-23 17:50:26', '2018-07-23 17:50:26'), ('70', '45', 'BPK TATA', '-', '113', '082311720497', '2018-07-23 17:54:24', '2018-07-23 17:54:24'), ('71', '46', 'BPK YONO', '-', '114', '081310330279', '2018-07-23 17:55:15', '2018-07-23 17:55:15'), ('72', '48', 'BPK AGATARI', '-', '115', '08129150858', '2018-07-23 17:57:41', '2018-07-23 17:57:41'), ('73', '49', 'BPK TRIONO', '-', '116', '0816851288', '2018-07-23 17:59:25', '2018-07-23 17:59:25'), ('74', '50', 'BPK YONGKI', '-', '117', 'O81316206878', '2018-07-23 18:00:39', '2018-07-23 18:00:39'), ('75', '51', 'IBU LINA YULIANA', '-', '118', '0895335074821', '2018-07-23 18:03:29', '2018-07-23 18:03:29'), ('76', '51', 'BPK NANDO', '-', '119', '087776088149', '2018-07-23 18:04:08', '2018-07-23 18:04:08'), ('77', '52', 'BPK SAMSUL', '-', '---', '081290332762', '2018-07-23 18:05:56', '2018-07-23 18:05:56'), ('78', '53', 'Ibu Sansan', '-', '----', '085217559980', '2018-07-24 19:48:41', '2018-07-24 19:48:41'), ('79', '55', 'BPK ROMUALDUS LAKA', '-', '122', '081937304135', '2018-07-24 19:50:34', '2018-07-24 19:50:34'), ('80', '56', 'BPK HENRY WIJAYA', '-', '123', '0218670731', '2018-07-24 19:52:42', '2018-07-24 19:52:42'), ('81', '56', 'IBU NISA', '-', '124', '08118688812', '2018-07-24 19:53:39', '2018-07-24 19:53:39'), ('82', '57', 'IBU DIAN', '-', '--', '085881210815', '2018-07-24 19:57:02', '2018-07-24 19:57:02'), ('83', '58', 'BPK HADI', '-', '-----', '0816913909', '2018-07-24 19:58:38', '2018-07-24 19:58:38'), ('84', '58', 'BPK YONO', '-', '------', '081287786234', '2018-07-24 19:59:08', '2018-07-24 19:59:08'), ('85', '60', '126', '-', '-------', '(021)5950265/6', '2018-07-24 20:02:16', '2018-07-24 20:02:16'), ('86', '61', 'BPK DANIEL', '-', '000', '081216203177', '2018-07-24 20:03:59', '2018-07-24 20:03:59'), ('87', '63', 'BPK ASEP', '-', '--------', '085715734667', '2018-07-24 20:07:07', '2018-07-24 20:07:07'), ('88', '64', 'BPK BAYU', '-', '129', '082112345955', '2018-07-24 20:09:59', '2018-07-24 20:09:59'), ('89', '65', 'BPK SAPRUDIN', '-', '130', '021-84396302/085743216413', '2018-07-24 20:11:15', '2018-07-24 20:11:15'), ('90', '73', 'BPK AKIO', '-', '---------', '085719397299', '2018-07-25 17:26:00', '2018-07-25 17:26:00'), ('91', '73', 'BPK HARSONO', '-', '132', '0215903173', '2018-07-25 17:26:46', '2018-07-25 17:26:46'), ('92', '74', 'BPK SAMSU', '-', '133', '087771191824', '2018-07-25 17:32:08', '2018-07-25 17:32:08'), ('93', '180', 'Ibu Eni', '-', 'eni.hxs@gmail.com', '081282563041', '2018-07-26 11:55:31', '2018-07-26 11:55:31'), ('94', '181', 'Mr. A Hai', '-', '52', '081281532250', '2018-07-26 11:57:23', '2018-07-26 11:57:23'), ('95', '181', 'Bpk Hendi', '-', '53', '085289358369', '2018-07-26 11:58:37', '2018-07-26 11:58:37'), ('96', '182', 'Bpk Rozack', '-', 'huriputamapt@yahoo.co.id', '0852 16414614', '2018-07-26 12:00:35', '2018-07-26 12:00:35'), ('97', '183', 'Mr. Yang', '-', '54', '0812 85566668', '2018-07-26 12:02:02', '2018-07-26 12:02:02'), ('98', '184', 'Ibu Fuah', '-', 'sparepart.weaving@apacinti.com', '0899 1734279', '2018-07-26 12:04:17', '2018-07-26 12:04:17'), ('99', '185', 'Ibu Yely', '-', '56', '021 29007072', '2018-07-26 12:35:00', '2018-07-26 12:35:00'), ('100', '186', 'Bpk Teguh', '-', '57', '0812 84636402', '2018-07-26 12:39:04', '2018-07-26 12:39:04'), ('101', '187', 'Ibu Leni', '-', '58', '0811 3219253', '2018-07-26 12:44:25', '2018-07-26 12:44:25');
COMMIT;

-- ----------------------------
--  Table structure for `iel_entry`
-- ----------------------------
DROP TABLE IF EXISTS `iel_entry`;
CREATE TABLE `iel_entry` (
  `id` int(11) NOT NULL AUTO_INCREMENT COMMENT '主键id',
  `entry_no` varchar(200) DEFAULT NULL COMMENT '入库编号',
  `declare_num` varchar(100) DEFAULT NULL COMMENT '报关次数',
  `destination` varchar(200) DEFAULT NULL COMMENT '目的地',
  `status` int(11) DEFAULT NULL COMMENT '状态',
  `inspector` varchar(200) DEFAULT NULL COMMENT '检查员',
  `create_time` datetime DEFAULT NULL COMMENT '创建时间',
  `update_time` datetime DEFAULT NULL COMMENT '更新时间',
  `ship_num` varchar(200) DEFAULT NULL,
  PRIMARY KEY (`id`)
) ENGINE=InnoDB AUTO_INCREMENT=205 DEFAULT CHARSET=utf8;

-- ----------------------------
--  Records of `iel_entry`
-- ----------------------------
BEGIN;
INSERT INTO `iel_entry` VALUES ('142', '1531998130308', 'INLINE 5', 'SURABAYA', '2', '', '2018-07-19 19:02:10', '2018-07-19 19:03:45', 'NORTHERN VOLITION'), ('143', '1531998135389', 'INLINE 6', 'JAKARTA', '2', '', '2018-07-19 19:02:15', '2018-07-19 19:08:12', 'NORTHERN VOLITION'), ('144', '1531998140471', 'INLINE 7', 'SURABAYA', '2', '', '2018-07-19 19:02:20', '2018-07-20 14:05:07', 'NORTHERN VOLITION'), ('147', '1531998159177', 'INLINE 11', 'BAHODOPI ANCHORAGE PORT', '0', '', '2018-07-19 19:02:39', '2018-07-19 19:02:39', 'RORO SAWITRI V,RS1801'), ('151', '1532000675536', 'HANGCHA  07_02', 'SURABAYA', '2', '', '2018-07-19 19:44:35', '2018-07-20 14:12:39', 'YM ENHANCER 098S'), ('152', '1532002789047', 'HANGCHA_05_01', 'JAKARTA', '2', '', '2018-07-19 20:19:49', '2018-07-20 14:13:16', 'BOMAR SPRING 0060 006S'), ('153', '1532003471196', 'HANGCHA_05_02', 'SURABAYA', '2', '', '2018-07-19 20:31:11', '2018-07-20 14:13:47', 'BOMAR SPRING 0060 006S'), ('155', '1532068202703', 'INLINE 9', 'BAHODOPI ANCHORAGE PORT', '2', '', '2018-07-20 14:30:02', '2018-08-10 11:31:16', 'CHANG XIONG V.CX1803'), ('156', '1532068700107', 'INLINE 8', 'BAHODOPI ANCHORAGE PORT', '2', '', '2018-07-20 14:38:20', '2018-08-09 15:54:12', 'CSC RONG HAI V.1808'), ('157', '1532068736557', 'INLINE 12', 'SURABAYA', '2', '', '2018-07-20 14:38:56', '2018-07-20 14:40:59', 'ZIM DALIAN V.51S'), ('158', '1532089406323', 'HANGCHA_04_03', 'SURABAYA', '2', '', '2018-07-20 20:23:26', '2018-08-07 17:39:24', 'PONA 0058 031S'), ('159', '1532091122703', 'HANGCHA_04_01', 'JAKARTA', '2', '', '2018-07-20 20:52:02', '2018-08-07 17:38:45', 'PONA 0058 031S'), ('160', '1532092298957', 'HANGCHA_04_04', 'JAKARTA', '0', '', '2018-07-20 21:11:38', '2018-07-20 21:11:38', 'LOUDS ISLAND 092S'), ('161', '1532099474640', 'HANGCHA_03_01', 'JAKARTA', '2', '', '2018-07-20 23:11:14', '2018-08-07 17:37:38', 'AS COLUMBIA 0006S'), ('162', '1535950878014', 'LONKING_01_01', 'JAKARTA', '0', '', '2018-09-03 13:01:17', '2018-09-03 13:01:17', 'SEASPAN FELIXSTOW 007S'), ('163', '1535950941368', 'LONKING_01_02', 'JAKARTA', '0', '', '2018-09-03 13:02:21', '2018-09-03 13:02:21', 'SEASPAN FELIXSTOW 007S'), ('164', '1535950961430', 'LONKING_01_03', 'JAKARTA', '0', '', '2018-09-03 13:02:41', '2018-09-03 13:02:41', 'SEASPAN FELIXSTOW 007S'), ('165', '1535950985167', 'LONKING_02_01', 'SURABAYA', '0', '', '2018-09-03 13:03:05', '2018-09-03 13:03:05', 'CAPE MAGNUS 1804S'), ('166', '1535951005478', 'LONKING_02_02', 'SURABAYA', '1', '', '2018-09-03 13:03:25', '2018-09-04 14:02:39', 'CAPE MAGNUS 1804S'), ('167', '1536115044474', 'LONKING_03_01', 'MEDAN', '0', '', '2018-09-05 10:37:24', '2018-09-05 10:37:24', 'VESSEL TEMP 01'), ('168', '1536115259389', 'LONKING_03_02', 'JAKARTA', '0', '', '2018-09-05 10:40:59', '2018-09-05 10:40:59', 'VESSEL TEMP 02'), ('169', '1536115735827', 'LONKING_03_04', 'SURABAYA', '0', '', '2018-09-05 10:48:55', '2018-09-05 10:48:55', 'VESSEL TEMP 04'), ('170', '1536116131856', 'LONKING_05_02', 'SURABAYA', '2', '', '2018-09-05 10:55:31', '2018-09-05 12:48:40', 'VESSEL TEMP 02'), ('171', '1536122101726', 'LONKING_04_01', 'MAKASSAR', '0', '', '2018-09-05 12:35:01', '2018-09-05 12:35:01', 'VESSEL TEMP 05'), ('172', '1536122140329', 'LONKING_04_02', 'JAKARTA', '0', '', '2018-09-05 12:35:40', '2018-09-05 12:35:40', 'VESSEL TEMP 02'), ('173', '1536122156188', 'LONKING_05_01', 'JAKARTA', '0', '', '2018-09-05 12:35:56', '2018-09-05 12:35:56', 'VESSEL TEMP 01'), ('174', '1536122200913', 'LONKING_05_03', 'SURABAYA', '0', '', '2018-09-05 12:36:40', '2018-09-05 12:36:40', 'VESSEL TEMP 03'), ('175', '1536122218740', 'LONKING_05_04', 'SURABAYA', '0', '', '2018-09-05 12:36:58', '2018-09-05 12:36:58', 'VESSEL TEMP 04'), ('176', '1536122243218', 'LONKING_02_06', 'MOROWALI', '0', '', '2018-09-05 12:37:23', '2018-09-05 12:37:23', 'VESSEL TEMP 06'), ('177', '1536122265468', 'LONKING_08_01', 'JAKARTA', '0', '', '2018-09-05 12:37:45', '2018-09-05 12:37:45', 'VESSEL TEMP 01'), ('178', '1536122274869', 'LONKING_08_02', 'JAKARTA', '0', '', '2018-09-05 12:37:54', '2018-09-05 12:37:54', 'VESSEL TEMP 02'), ('179', '1536140340278', 'INLINE 17', 'BAHODOPI ANCHORAGE PORT', '0', '', '2018-09-05 17:39:00', '2018-09-05 17:39:00', 'GRAND TAJIAM ONE/GT1801'), ('180', '1536142432658', 'INLINE 15', 'BAHODOPI/POSO PORT', '2', '', '2018-09-05 18:13:52', '2018-09-05 18:16:43', 'MV UNIEVER/1812'), ('181', '1536144532713', 'INLINE 14', 'WEDABAY', '1', '', '2018-09-05 18:48:52', '2018-09-06 09:59:01', 'MV.SPRING SHINE/211'), ('182', '1536229643909', 'HANGCHA 01 01 ', 'JAKARTA', '0', '', '2018-09-06 18:27:23', '2018-09-07 15:34:59', 'VESSEL TEMP 01'), ('183', '1536231877144', 'HANGCHA 04 01', 'JAKARTA', '0', '', '2018-09-06 19:04:37', '2018-09-06 19:04:37', 'VESSEL TEMP 01'), ('184', '1536231938321', 'HANGCHA 05 01', 'JAKARTA', '0', '', '2018-09-06 19:05:38', '2018-09-06 19:05:38', 'VESSEL TEMP 01'), ('185', '1536231986408', 'HANGCHA_05_03', 'SURABAYA', '0', '', '2018-09-06 19:06:26', '2018-09-06 19:06:26', 'VESSEL TEMP 03'), ('186', '1536232006586', 'HANGCHA 05 02', 'JAKARTA', '0', '', '2018-09-06 19:06:46', '2018-09-07 10:46:51', 'VESSEL TEMP 02'), ('187', '1536232031587', 'HANGCHA_05_04', 'SURABAYA', '0', '', '2018-09-06 19:07:11', '2018-09-06 19:07:11', 'VESSEL TEMP 04'), ('188', '1536232046502', 'HANGCHA_05_05', 'SURABAYA', '0', '', '2018-09-06 19:07:26', '2018-09-06 19:07:26', 'VESSEL TEMP 05'), ('189', '1536232066528', 'HANGCHA_05_06', 'JAKARTA', '0', '', '2018-09-06 19:07:46', '2018-09-06 19:07:46', 'VESSEL TEMP 06'), ('190', '1536232080660', 'HANGCHA 05 03', 'SURABAYA', '0', '', '2018-09-06 19:08:00', '2018-09-06 19:08:00', 'VESSEL TEMP 03'), ('191', '1536232095524', 'HANGCHA 05 04', 'SURABAYA', '0', '', '2018-09-06 19:08:15', '2018-09-06 19:08:15', 'VESSEL TEMP 04'), ('192', '1536232104255', 'HANGCHA 05 05', 'SURABAYA', '0', '', '2018-09-06 19:08:24', '2018-09-06 19:08:24', 'VESSEL TEMP 05'), ('193', '1536232117738', 'HANGCHA 05 06', 'JAKARTA', '0', '', '2018-09-06 19:08:37', '2018-09-06 19:08:37', 'VESSEL TEMP 06'), ('194', '1536232142256', 'HANGCHA_07_01', 'SURABAYA', '0', '', '2018-09-06 19:09:02', '2018-09-06 19:09:02', 'VESSEL TEMP 01'), ('195', '1536232152913', 'HANGCHA_07_02', 'JAKARTA', '2', '', '2018-09-06 19:09:12', '2018-09-10 17:34:42', 'VESSEL TEMP 02'), ('196', '1536232178855', 'HANGCHA_07_03', 'JAKARTA', '0', '', '2018-09-06 19:09:38', '2018-09-06 19:09:38', 'VESSEL TEMP 03'), ('197', '1536232232674', 'HANGCHA 07 01', 'SURABAYA', '0', '', '2018-09-06 19:10:32', '2018-09-06 19:10:32', 'VESSEL TEMP 01'), ('198', '1536232240616', 'HANGCHA 07 02', 'JAKARTA', '2', '', '2018-09-06 19:10:40', '2018-09-10 14:57:58', 'VESSEL TEMP 02'), ('199', '1536232247209', 'HANGCHA 07 03', 'JAKARTA', '2', '', '2018-09-06 19:10:47', '2018-09-10 11:39:42', 'VESSEL TEMP 03'), ('200', '1536302893593', 'XCMG_07_01', 'SURABAYA', '0', '', '2018-09-07 14:48:13', '2018-09-07 14:48:13', 'VESSEL TEMP 01'), ('201', '1536306650500', 'tes', 'surabaya', '0', '', '2018-09-07 15:50:50', '2018-09-07 15:50:50', 'testes'), ('202', '1536307158665', 'rere', 'rere', '0', '', '2018-09-07 15:59:18', '2018-09-07 15:59:18', 'rere'), ('203', '1536547940522', 'SHACMAN_04_01', 'SURABAYA', '0', '', '2018-09-10 10:52:20', '2018-09-10 10:52:20', 'VESSEL TEMP 01'), ('204', '1536547982336', 'SHACMAN_08_01', 'SURABAYA', '1', '', '2018-09-10 10:53:02', '2018-09-10 12:46:25', 'VESSEL TEMP 01');
COMMIT;

-- ----------------------------
--  Table structure for `iel_entry_detail`
-- ----------------------------
DROP TABLE IF EXISTS `iel_entry_detail`;
CREATE TABLE `iel_entry_detail` (
  `id` int(11) NOT NULL AUTO_INCREMENT,
  `entry_id` int(11) DEFAULT NULL,
  `customs_clearance` varchar(200) DEFAULT NULL,
  `destination` varchar(200) DEFAULT NULL,
  `package_no` varchar(200) DEFAULT NULL,
  `serial_no` varchar(200) DEFAULT NULL,
  `parts_no` varchar(200) DEFAULT NULL,
  `parts_name` varchar(200) DEFAULT NULL,
  `parts_en_name` varchar(200) DEFAULT NULL,
  `unit` varchar(200) DEFAULT NULL,
  `purchase_num` int(11) DEFAULT NULL,
  `purchase_price` decimal(20,2) DEFAULT NULL,
  `sales_price` decimal(20,2) DEFAULT NULL,
  `device_type` varchar(200) DEFAULT NULL,
  `entry_position` int(11) DEFAULT NULL,
  `inspect_status` int(11) DEFAULT '0' COMMENT '0不对，1对',
  `entry_num` int(11) DEFAULT NULL,
  `create_time` datetime DEFAULT NULL,
  `update_time` datetime DEFAULT NULL,
  `ship_num` varchar(100) DEFAULT NULL,
  `buy_contract_no` varchar(200) DEFAULT NULL,
  `model` varchar(200) DEFAULT NULL,
  `sn` varchar(200) DEFAULT NULL,
  `engine_no` varchar(500) DEFAULT NULL,
  `xx_no` varchar(500) DEFAULT NULL,
  `brand` varchar(50) DEFAULT NULL,
  `error_descs` varchar(500) DEFAULT NULL,
  `type_category_id` int(11) DEFAULT NULL,
  `model_alias` varchar(100) DEFAULT NULL,
  `configuration` varchar(500) DEFAULT NULL,
  `error_img` varchar(500) DEFAULT NULL,
  PRIMARY KEY (`id`)
) ENGINE=InnoDB AUTO_INCREMENT=6091 DEFAULT CHARSET=utf8;

-- ----------------------------
--  Records of `iel_entry_detail`
-- ----------------------------
BEGIN;
INSERT INTO `iel_entry_detail` VALUES ('5516', '142', 'INLINE 5', 'SURABAYA', null, null, null, null, null, null, '1', null, null, 'Forklift', '26', '1', null, '2018-07-19 19:02:10', '2018-07-19 19:03:40', 'NORTHERN VOLITION', 'HL2018032201', 'CPCD50-WX6K', '010501T2798', '1049197', '', 'HELI', null, null, null, 'MAST: 4M; PENUMETIC TIRE; 1220FORK; FAW ENGINE国III', 'aa,bb,cc'), ('5517', '142', 'INLINE 5', 'SURABAYA', null, null, null, null, null, null, '1', null, null, 'Forklift', '26', '1', null, '2018-07-19 19:02:10', '2018-07-19 19:03:41', 'NORTHERN VOLITION', 'HL2018032201', 'CPCD50-WX6K with side shifter', '010501T2799', '1048668', '', 'HELI', null, null, null, 'MAST: 4M; PENUMETIC TIRE; 1220FORK; FAW ENGINE国III;SIDE SHIFTER', null), ('5518', '143', 'INLINE 6', 'JAKARTA', null, null, null, null, null, null, '1', null, null, 'WHEEL LOADER', '25', '1', null, '2018-07-19 19:02:15', '2018-07-19 19:07:47', 'NORTHERN VOLITION', 'SC2018-00470', 'CDM816D', 'LSL0816DPJA381015', 'XA18009032', 'S18020146', 'LONKING', null, null, null, 'STANDARD', null), ('5519', '143', 'INLINE 6', 'JAKARTA', null, null, null, null, null, null, '1', null, null, 'WHEEL LOADER', '25', '1', null, '2018-07-19 19:02:15', '2018-07-19 19:07:48', 'NORTHERN VOLITION', 'SC2018-00470', 'CDM816D', 'LSL0816DJJA381017', 'XA18009033', 'S18020148', 'LONKING', null, null, null, 'STANDARD', null), ('5520', '143', 'INLINE 6', 'JAKARTA', null, null, null, null, null, null, '1', null, null, 'WHEEL LOADER', '25', '1', null, '2018-07-19 19:02:15', '2018-07-19 19:07:50', 'NORTHERN VOLITION', 'SC2018-00470', 'CDM816D', 'LSL0816DKJA381016', 'XA18009036', 'S18020143', 'LONKING', null, null, null, 'STANDARD', null), ('5521', '143', 'INLINE 6', 'JAKARTA', null, null, null, null, null, null, '1', null, null, 'WHEEL LOADER', '25', '1', null, '2018-07-19 19:02:15', '2018-07-19 19:07:52', 'NORTHERN VOLITION', 'SC2018-00470', 'CDM833N', 'LSH0833NTJA201627', '6P17K050020', '', 'LONKING', null, null, null, 'STANDARD', null), ('5522', '143', 'INLINE 6', 'JAKARTA', null, null, null, null, null, null, '1', null, null, 'WHEEL LOADER', '25', '1', null, '2018-07-19 19:02:15', '2018-07-19 19:08:09', 'NORTHERN VOLITION', 'SC2018-00470', 'ZL50NC', 'LSH050NCPJA302461', '1218A000807', '', 'LONKING', null, null, null, 'STANDARD', null), ('5523', '144', 'INLINE 7', 'SURABAYA', null, null, null, null, null, null, '1', null, null, 'WHEEL LOADER', '26', '1', null, '2018-07-19 19:02:20', '2018-07-20 14:04:49', 'NORTHERN VOLITION', 'SC2018-00470', 'CDM816D', 'LSL0816DAJA380972', 'XA18010466', 'S18020145', 'LONKING', null, null, null, 'STANDARD', null), ('5524', '144', 'INLINE 7', 'SURABAYA', null, null, null, null, null, null, '1', null, null, 'WHEEL LOADER', '26', '1', null, '2018-07-19 19:02:20', '2018-07-20 13:55:46', 'NORTHERN VOLITION', 'SC2018-00532', 'CDM816D', 'LSL0816DKJA380965', 'XA18009023', 'S18020079', 'LONKING', null, null, null, 'STANDARD', null), ('5525', '144', 'INLINE 7', 'SURABAYA', null, null, null, null, null, null, '1', null, null, 'WHEEL LOADER', '26', '1', null, '2018-07-19 19:02:20', '2018-07-20 13:55:47', 'NORTHERN VOLITION', 'SC2018-00532', 'CDM816D', 'LSL0816DJJA380966', 'XA18009031', 'S18020073', 'LONKING', null, null, null, 'STANDARD', null), ('5526', '144', 'INLINE 7', 'SURABAYA', null, null, null, null, null, null, '1', null, null, 'WHEEL LOADER', '26', '1', null, '2018-07-19 19:02:20', '2018-07-20 13:55:48', 'NORTHERN VOLITION', 'SC2018-00532', 'CDM816D', 'LSL0816DCJA380970', 'XA18010464', 'S18020150', 'LONKING', null, null, null, 'STANDARD', null), ('5527', '144', 'INLINE 7', 'SURABAYA', null, null, null, null, null, null, '1', null, null, 'WHEEL LOADER', '26', '1', null, '2018-07-19 19:02:20', '2018-07-20 13:55:49', 'NORTHERN VOLITION', 'SC2018-00532', 'CDM816D', 'LSL0816DVJA380971', 'XA18010469', 'S18020147', 'LONKING', null, null, null, 'STANDARD', null), ('5528', '144', 'INLINE 7', 'SURABAYA', null, null, null, null, null, null, '1', null, null, 'WHEEL LOADER', '26', '1', null, '2018-07-19 19:02:20', '2018-07-20 13:55:51', 'NORTHERN VOLITION', 'SC2018-00534', 'CDM833N', 'LSH0833NPJA201628', '6P17K049592', '', 'LONKING', null, null, null, 'STANDARD', null), ('5529', '144', 'INLINE 7', 'SURABAYA', null, null, null, null, null, null, '1', null, null, 'WHEEL LOADER', '26', '1', null, '2018-07-19 19:02:20', '2018-07-20 13:55:52', 'NORTHERN VOLITION', 'SC2018-00534', 'CDM833N', 'LSH0833NTJA201630', '6P17K049593', '', 'LONKING', null, null, null, 'STANDARD', null), ('5530', '144', 'INLINE 7', 'SURABAYA', null, null, null, null, null, null, '1', null, null, 'WHEEL LOADER', '26', '1', null, '2018-07-19 19:02:20', '2018-07-20 13:55:53', 'NORTHERN VOLITION', 'SC2018-00470', 'CDM833N', 'LSH0833NJJA201583', '6P17K049596', '', 'LONKING', null, null, null, 'STANDARD', null), ('5531', '144', 'INLINE 7', 'SURABAYA', null, null, null, null, null, null, '1', null, null, 'WHEEL LOADER', '26', '1', null, '2018-07-19 19:02:20', '2018-07-20 13:55:54', 'NORTHERN VOLITION', 'SC2018-00470', 'CDM833N', 'LSH0833NKJA201629', '6P17K050228', '', 'LONKING', null, null, null, 'STANDARD', null), ('5532', '144', 'INLINE 7', 'SURABAYA', null, null, null, null, null, null, '1', null, null, 'WHEEL LOADER', '26', '1', null, '2018-07-19 19:02:20', '2018-07-20 13:55:55', 'NORTHERN VOLITION', 'SC2018-00470', 'LG833N', ' LSH0833NKJA101208', '6P17K049601', '', 'LONKING', null, null, null, 'STANDARD', null), ('5533', '144', 'INLINE 7', 'SURABAYA', null, null, null, null, null, null, '1', null, null, 'WHEEL LOADER', '26', '1', null, '2018-07-19 19:02:20', '2018-07-20 13:55:56', 'NORTHERN VOLITION', 'SC2018-00470', 'LG833N', 'LSH0833NPJA303249', '6P18C013293', '', 'LONKING', null, null, null, 'STANDARD', null), ('5534', '144', 'INLINE 7', 'SURABAYA', null, null, null, null, null, null, '1', null, null, 'WHEEL LOADER', '26', '1', null, '2018-07-19 19:02:20', '2018-07-20 13:55:57', 'NORTHERN VOLITION', 'SC2018-00470', 'LG855N', 'LSH0855NCJA302552', '1218A000798', '', 'LONKING', null, null, null, 'STANDARD', null), ('5535', '144', 'INLINE 7', 'SURABAYA', null, null, null, null, null, null, '1', null, null, 'WHEEL LOADER', '26', '1', null, '2018-07-19 19:02:20', '2018-07-20 14:05:05', 'NORTHERN VOLITION', 'SC2018-00470', 'LG855N', 'LSH0855NJJA302551', '1218A000943', '', 'LONKING', null, null, null, 'STANDARD', null), ('5536', '144', 'INLINE 7', 'SURABAYA', null, null, null, null, null, null, '1', null, null, 'WHEEL LOADER', '26', '1', null, '2018-07-19 19:02:20', '2018-07-20 13:56:00', 'NORTHERN VOLITION', 'SC2018-00470', 'ZL50NC', 'LSH050NCJJA302463', '1218A000794', '', 'LONKING', null, null, null, 'STANDARD', null), ('5537', '144', 'INLINE 7', 'SURABAYA', null, null, null, null, null, null, '1', null, null, 'WHEEL LOADER', '26', '1', null, '2018-07-19 19:02:20', '2018-07-20 14:03:15', 'NORTHERN VOLITION', 'SC2018-00470', 'ZL50NC', 'LSH050NCKJA302462', '1218A000812', '', 'LONKING', null, null, null, 'STANDARD', null), ('5638', '147', 'INLINE 11', 'BAHODOPI', null, null, null, null, null, null, '1', null, null, 'DUMP TRUCK', null, '0', null, '2018-07-19 19:02:39', '2018-07-19 19:02:39', 'RORO SAWITRI V,RS1801', '18SQZ0601038034', 'SX3255DR384R', 'LZGJLDR44JX016518', '1618C030729', '', 'SHACMAN', null, null, '6X4自卸车', '340HP; 6X4', null), ('5639', '147', 'INLINE 11', 'BAHODOPI', null, null, null, null, null, null, '1', null, null, 'DUMP TRUCK', null, '0', null, '2018-07-19 19:02:39', '2018-07-19 19:02:39', 'RORO SAWITRI V,RS1801', '18SQZ0601038034', 'SX3255DR384R', 'LZGJLDR46JX016519', '1618B026040', '', 'SHACMAN', null, null, '6X4自卸车', '340HP; 6X4', null), ('5640', '147', 'INLINE 11', 'BAHODOPI', null, null, null, null, null, null, '1', null, null, 'DUMP TRUCK', null, '0', null, '2018-07-19 19:02:39', '2018-07-19 19:02:39', 'RORO SAWITRI V,RS1801', '18SQZ0601038034', 'SX3255DR384R', 'LZGJLDR42JX016520', '1618B027081', '', 'SHACMAN', null, null, '6X4自卸车', '340HP; 6X4', null), ('5641', '147', 'INLINE 11', 'BAHODOPI', null, null, null, null, null, null, '1', null, null, 'DUMP TRUCK', null, '0', null, '2018-07-19 19:02:39', '2018-07-19 19:02:39', 'RORO SAWITRI V,RS1801', '18SQZ0601038034', 'SX3255DR384R', 'LZGJLDR44JX016521', '1618B025891', '', 'SHACMAN', null, null, '6X4自卸车', '340HP; 6X4', null), ('5642', '147', 'INLINE 11', 'BAHODOPI', null, null, null, null, null, null, '1', null, null, 'DUMP TRUCK', null, '0', null, '2018-07-19 19:02:39', '2018-07-19 19:02:39', 'RORO SAWITRI V,RS1801', '18SQZ0601038034', 'SX3255DR384R', 'LZGJLDR46JX016522', '1618C030736', '', 'SHACMAN', null, null, '6X4自卸车', '340HP; 6X4', null), ('5643', '147', 'INLINE 11', 'BAHODOPI', null, null, null, null, null, null, '1', null, null, 'DUMP TRUCK', null, '0', null, '2018-07-19 19:02:39', '2018-07-19 19:02:39', 'RORO SAWITRI V,RS1801', '18SQZ0601038034', 'SX3255DR384R', 'LZGJLDR48JX016523', '1618A011241', '', 'SHACMAN', null, null, '6X4自卸车', '340HP; 6X4', null), ('5644', '147', 'INLINE 11', 'BAHODOPI', null, null, null, null, null, null, '1', null, null, 'DUMP TRUCK', null, '0', null, '2018-07-19 19:02:39', '2018-07-19 19:02:39', 'RORO SAWITRI V,RS1801', '18SQZ0601038034', 'SX3255DR384R', 'LZGJLDR4XJX016524', '1618B025903', '', 'SHACMAN', null, null, '6X4自卸车', '340HP; 6X4', null), ('5645', '147', 'INLINE 11', 'BAHODOPI', null, null, null, null, null, null, '1', null, null, 'DUMP TRUCK', null, '0', null, '2018-07-19 19:02:39', '2018-07-19 19:02:39', 'RORO SAWITRI V,RS1801', '18SQZ0601038034', 'SX3255DR384R', 'LZGJLDR41JX016525', '1618A011243', '', 'SHACMAN', null, null, '6X4自卸车', '340HP; 6X4', null), ('5646', '147', 'INLINE 11', 'BAHODOPI', null, null, null, null, null, null, '1', null, null, 'DUMP TRUCK', null, '0', null, '2018-07-19 19:02:39', '2018-07-19 19:02:39', 'RORO SAWITRI V,RS1801', '18SQZ0601038034', 'SX3255DR384R', 'LZGJLDR43JX016526', '1618A011236', '', 'SHACMAN', null, null, '6X4自卸车', '340HP; 6X4', null), ('5647', '147', 'INLINE 11', 'BAHODOPI', null, null, null, null, null, null, '1', null, null, 'DUMP TRUCK', null, '0', null, '2018-07-19 19:02:39', '2018-07-19 19:02:39', 'RORO SAWITRI V,RS1801', '18SQZ0601038034', 'SX3255DR384R', 'LZGJLDR45JX016527', '1618A011252', '', 'SHACMAN', null, null, '6X4自卸车', '340HP; 6X4', null), ('5648', '147', 'INLINE 11', 'BAHODOPI', null, null, null, null, null, null, '1', null, null, 'DUMP TRUCK', null, '0', null, '2018-07-19 19:02:39', '2018-07-19 19:02:39', 'RORO SAWITRI V,RS1801', '18SQZ0601038034', 'SX3255DR384R', 'LZGJLDR47JX016528', '1618A011242', '', 'SHACMAN', null, null, '6X4自卸车', '340HP; 6X4', null), ('5649', '147', 'INLINE 11', 'BAHODOPI', null, null, null, null, null, null, '1', null, null, 'DUMP TRUCK', null, '0', null, '2018-07-19 19:02:39', '2018-07-19 19:02:39', 'RORO SAWITRI V,RS1801', '18SQZ0601038034', 'SX3255DR384R', 'LZGJLDR45JX016530', '1618B027062', '', 'SHACMAN', null, null, '6X4自卸车', '340HP; 6X4', null), ('5650', '147', 'INLINE 11', 'BAHODOPI', null, null, null, null, null, null, '1', null, null, 'DUMP TRUCK', null, '0', null, '2018-07-19 19:02:39', '2018-07-19 19:02:39', 'RORO SAWITRI V,RS1801', '18SQZ0601038034', 'SX3255DR384R', 'LZGJLDR47JX016531', '1618B025897', '', 'SHACMAN', null, null, '6X4自卸车', '340HP; 6X4', null), ('5651', '147', 'INLINE 11', 'BAHODOPI', null, null, null, null, null, null, '1', null, null, 'DUMP TRUCK', null, '0', null, '2018-07-19 19:02:39', '2018-07-19 19:02:39', 'RORO SAWITRI V,RS1801', '18SQZ0601038034', 'SX3255DR384R', 'LZGJLDR49JX016532', '1618B025898', '', 'SHACMAN', null, null, '6X4自卸车', '340HP; 6X4', null), ('5652', '147', 'INLINE 11', 'BAHODOPI', null, null, null, null, null, null, '1', null, null, 'DUMP TRUCK', null, '0', null, '2018-07-19 19:02:39', '2018-07-19 19:02:39', 'RORO SAWITRI V,RS1801', '18SQZ0601038034', 'SX3255DR384R', 'LZGJLDR40JX016533', '1618C030730', '', 'SHACMAN', null, null, '6X4自卸车', '340HP; 6X4', null), ('5653', '147', 'INLINE 11', 'BAHODOPI', null, null, null, null, null, null, '1', null, null, 'DUMP TRUCK', null, '0', null, '2018-07-19 19:02:39', '2018-07-19 19:02:39', 'RORO SAWITRI V,RS1801', '18SQZ0601038034', 'SX3255DR384R', 'LZGJLDR42JX016534', '1618B025779', '', 'SHACMAN', null, null, '6X4自卸车', '340HP; 6X4', null), ('5654', '147', 'INLINE 11', 'BAHODOPI', null, null, null, null, null, null, '1', null, null, 'DUMP TRUCK', null, '0', null, '2018-07-19 19:02:39', '2018-07-19 19:02:39', 'RORO SAWITRI V,RS1801', '18SQZ0601038034', 'SX3255DR384R', 'LZGJLDR44JX016535', '1618B025778', '', 'SHACMAN', null, null, '6X4自卸车', '340HP; 6X4', null), ('5655', '147', 'INLINE 11', 'BAHODOPI', null, null, null, null, null, null, '1', null, null, 'DUMP TRUCK', null, '0', null, '2018-07-19 19:02:39', '2018-07-19 19:02:39', 'RORO SAWITRI V,RS1801', '18SQZ0601038034', 'SX3255DR384R', 'LZGJLDR46JX016536', '1618B025755', '', 'SHACMAN', null, null, '6X4自卸车', '340HP; 6X4', null), ('5656', '147', 'INLINE 11', 'BAHODOPI', null, null, null, null, null, null, '1', null, null, 'DUMP TRUCK', null, '0', null, '2018-07-19 19:02:39', '2018-07-19 19:02:39', 'RORO SAWITRI V,RS1801', '18SQZ0601038034', 'SX3255DR384R', 'LZGJLDR48JX016537', '1618B025762', '', 'SHACMAN', null, null, '6X4自卸车', '340HP; 6X4', null), ('5657', '147', 'INLINE 11', 'BAHODOPI', null, null, null, null, null, null, '1', null, null, 'DUMP TRUCK', null, '0', null, '2018-07-19 19:02:39', '2018-07-19 19:02:39', 'RORO SAWITRI V,RS1801', '18SQZ0601038034', 'SX3255DR384R', 'LZGJLDR4XJX016538', '1618A011250', '', 'SHACMAN', null, null, '6X4自卸车', '340HP; 6X4', null), ('5658', '147', 'INLINE 11', 'BAHODOPI', null, null, null, null, null, null, '1', null, null, 'DUMP TRUCK', null, '0', null, '2018-07-19 19:02:39', '2018-07-19 19:02:39', 'RORO SAWITRI V,RS1801', '18SQZ0601038034', 'SX3255DR384R', 'LZGJLDR41JX016539', '1618A011253', '', 'SHACMAN', null, null, '6X4自卸车', '340HP; 6X4', null), ('5659', '147', 'INLINE 11', 'BAHODOPI', null, null, null, null, null, null, '1', null, null, 'DUMP TRUCK', null, '0', null, '2018-07-19 19:02:39', '2018-07-19 19:02:39', 'RORO SAWITRI V,RS1801', '18SQZ0601038034', 'SX3255DR384R', 'LZGJLDR48JX016540', '1618B025873', '', 'SHACMAN', null, null, '6X4自卸车', '340HP; 6X4', null), ('5660', '147', 'INLINE 11', 'BAHODOPI', null, null, null, null, null, null, '1', null, null, 'DUMP TRUCK', null, '0', null, '2018-07-19 19:02:39', '2018-07-19 19:02:39', 'RORO SAWITRI V,RS1801', '18SQZ0601038012', 'SX3255DR384R', 'LZGJLDR4XJX016541', '1618A004418', '', 'SHACMAN', null, null, '6X4自卸车', '340HP; 6X4', null), ('5661', '147', 'INLINE 11', 'BAHODOPI', null, null, null, null, null, null, '1', null, null, 'DUMP TRUCK', null, '0', null, '2018-07-19 19:02:39', '2018-07-19 19:02:39', 'RORO SAWITRI V,RS1801', '18SQZ0601038012', 'SX3255DR384R', 'LZGJLDR41JX016542', '1618A004407', '', 'SHACMAN', null, null, '6X4自卸车', '340HP; 6X4', null), ('5662', '147', 'INLINE 11', 'BAHODOPI', null, null, null, null, null, null, '1', null, null, 'DUMP TRUCK', null, '0', null, '2018-07-19 19:02:39', '2018-07-19 19:02:39', 'RORO SAWITRI V,RS1801', '18SQZ0601038012', 'SX3255DR384R', 'LZGJLDR43JX016543', '1618C030735', '', 'SHACMAN', null, null, '6X4自卸车', '340HP; 6X4', null), ('5663', '147', 'INLINE 11', 'BAHODOPI', null, null, null, null, null, null, '1', null, null, 'DUMP TRUCK', null, '0', null, '2018-07-19 19:02:39', '2018-07-19 19:02:39', 'RORO SAWITRI V,RS1801', '18SQZ0601038012', 'SX3255DR384R', 'LZGJLDR45JX016544', '1618B025775', '', 'SHACMAN', null, null, '6X4自卸车', '340HP; 6X4', null), ('5664', '147', 'INLINE 11', 'BAHODOPI', null, null, null, null, null, null, '1', null, null, 'DUMP TRUCK', null, '0', null, '2018-07-19 19:02:39', '2018-07-19 19:02:39', 'RORO SAWITRI V,RS1801', '18SQZ0601038012', 'SX3255DR384R', 'LZGJLDR47JX016545', '1618B025761', '', 'SHACMAN', null, null, '6X4自卸车', '340HP; 6X4', null), ('5665', '147', 'INLINE 11', 'BAHODOPI', null, null, null, null, null, null, '1', null, null, 'DUMP TRUCK', null, '0', null, '2018-07-19 19:02:39', '2018-07-19 19:02:39', 'RORO SAWITRI V,RS1801', '18SQZ0601038012', 'SX3255DR384R', 'LZGJLDR49JX016546', '1618B025748', '', 'SHACMAN', null, null, '6X4自卸车', '340HP; 6X4', null), ('5666', '147', 'INLINE 11', 'BAHODOPI', null, null, null, null, null, null, '1', null, null, 'DUMP TRUCK', null, '0', null, '2018-07-19 19:02:39', '2018-07-19 19:02:39', 'RORO SAWITRI V,RS1801', '18SQZ0601038012', 'SX3255DR384R', 'LZGJLDR40JX016547', '1618B025776', '', 'SHACMAN', null, null, '6X4自卸车', '340HP; 6X4', null), ('5667', '147', 'INLINE 11', 'BAHODOPI', null, null, null, null, null, null, '1', null, null, 'DUMP TRUCK', null, '0', null, '2018-07-19 19:02:39', '2018-07-19 19:02:39', 'RORO SAWITRI V,RS1801', '18SQZ0601038012', 'SX3255DR384R', 'LZGJLDR42JX016548', '1618B025875', '', 'SHACMAN', null, null, '6X4自卸车', '340HP; 6X4', null), ('5668', '147', 'INLINE 11', 'BAHODOPI', null, null, null, null, null, null, '1', null, null, 'DUMP TRUCK', null, '0', null, '2018-07-19 19:02:39', '2018-07-19 19:02:39', 'RORO SAWITRI V,RS1801', '18SQZ0601038012', 'SX3255DR384R', 'LZGJLDR44JX016549', '1618B019537', '', 'SHACMAN', null, null, '6X4自卸车', '340HP; 6X4', null), ('5669', '147', 'INLINE 11', 'BAHODOPI', null, null, null, null, null, null, '1', null, null, 'DUMP TRUCK', null, '0', null, '2018-07-19 19:02:39', '2018-07-19 19:02:39', 'RORO SAWITRI V,RS1801', '18SQZ0601038012', 'SX3255DR384R', 'LZGJLDR40JX016550', '1618B025902', '', 'SHACMAN', null, null, '6X4自卸车', '340HP; 6X4', null), ('5670', '147', 'INLINE 11', 'BAHODOPI', null, null, null, null, null, null, '1', null, null, 'DUMP TRUCK', null, '0', null, '2018-07-19 19:02:39', '2018-07-19 19:02:39', 'RORO SAWITRI V,RS1801', '18SQZ0601038012', 'SX3255DR384R', 'LZGJLDR42JX016551', '1618A011254', '', 'SHACMAN', null, null, '6X4自卸车', '340HP; 6X4', null), ('5671', '147', 'INLINE 11', 'BAHODOPI', null, null, null, null, null, null, '1', null, null, 'DUMP TRUCK', null, '0', null, '2018-07-19 19:02:39', '2018-07-19 19:02:39', 'RORO SAWITRI V,RS1801', '18SQZ0601038012', 'SX3255DR384R', 'LZGJLDR44JX016552', '1618C030732', '', 'SHACMAN', null, null, '6X4自卸车', '340HP; 6X4', null), ('5672', '147', 'INLINE 11', 'BAHODOPI', null, null, null, null, null, null, '1', null, null, 'DUMP TRUCK', null, '0', null, '2018-07-19 19:02:39', '2018-07-19 19:02:39', 'RORO SAWITRI V,RS1801', '18SQZ0601038012', 'SX3255DR384R', 'LZGJLDR46JX017024', '1618C030541', '', 'SHACMAN', null, null, '6X4自卸车', '340HP; 6X4', null), ('5673', '147', 'INLINE 11', 'BAHODOPI', null, null, null, null, null, null, '1', null, null, 'DUMP TRUCK', null, '0', null, '2018-07-19 19:02:39', '2018-07-19 19:02:39', 'RORO SAWITRI V,RS1801', '18SQZ0601038012', 'SX3255DR384R', 'LZGJLDR48JX017025', '1618B021144', '', 'SHACMAN', null, null, '6X4自卸车', '340HP; 6X4', null), ('5674', '147', 'INLINE 11', 'BAHODOPI', null, null, null, null, null, null, '1', null, null, 'DUMP TRUCK', null, '0', null, '2018-07-19 19:02:39', '2018-07-19 19:02:39', 'RORO SAWITRI V,RS1801', '18SQZ0601038012', 'SX3255DR384R', 'LZGJLDR4XJX017026', '1618B021159', '', 'SHACMAN', null, null, '6X4自卸车', '340HP; 6X4', null), ('5675', '147', 'INLINE 11', 'BAHODOPI', null, null, null, null, null, null, '1', null, null, 'DUMP TRUCK', null, '0', null, '2018-07-19 19:02:39', '2018-07-19 19:02:39', 'RORO SAWITRI V,RS1801', '18SQZ0601038012', 'SX3255DR384R', 'LZGJLDR41JX017027', '1618B025892', '', 'SHACMAN', null, null, '6X4自卸车', '340HP; 6X4', null), ('5676', '147', 'INLINE 11', 'BAHODOPI', null, null, null, null, null, null, '1', null, null, 'DUMP TRUCK', null, '0', null, '2018-07-19 19:02:39', '2018-07-19 19:02:39', 'RORO SAWITRI V,RS1801', '18SQZ0601038012', 'SX3255DR384R', 'LZGJLDR43JX017028', '1618B025896', '', 'SHACMAN', null, null, '6X4自卸车', '340HP; 6X4', null), ('5677', '147', 'INLINE 11', 'BAHODOPI', null, null, null, null, null, null, '1', null, null, 'DUMP TRUCK', null, '0', null, '2018-07-19 19:02:39', '2018-07-19 19:02:39', 'RORO SAWITRI V,RS1801', '18SQZ0601038012', 'SX3255DR384R', 'LZGJLDR45JX017029', '1618B025881', '', 'SHACMAN', null, null, '6X4自卸车', '340HP; 6X4', null), ('5678', '147', 'INLINE 11', 'BAHODOPI', null, null, null, null, null, null, '1', null, null, 'DUMP TRUCK', null, '0', null, '2018-07-19 19:02:39', '2018-07-19 19:02:39', 'RORO SAWITRI V,RS1801', '18SQZ0601038012', 'SX3255DR384R', 'LZGJLDR41JX017030', '1618B025879', '', 'SHACMAN', null, null, '6X4自卸车', '340HP; 6X4', null), ('5679', '147', 'INLINE 11', 'BAHODOPI', null, null, null, null, null, null, '1', null, null, 'DUMP TRUCK', null, '0', null, '2018-07-19 19:02:39', '2018-07-19 19:02:39', 'RORO SAWITRI V,RS1801', '18SQZ0601038012', 'SX3255DR384R', 'LZGJLDR43JX017031', '1618B026008', '', 'SHACMAN', null, null, '6X4自卸车', '340HP; 6X4', null), ('5680', '147', 'INLINE 11', 'BAHODOPI', null, null, null, null, null, null, '1', null, null, 'DUMP TRUCK', null, '0', null, '2018-07-19 19:02:39', '2018-07-19 19:02:39', 'RORO SAWITRI V,RS1801', '18SQZ0601038012', 'SX3255DR384R', 'LZGJLDR45JX017032', '1618B021142', '', 'SHACMAN', null, null, '6X4自卸车', '340HP; 6X4', null), ('5681', '147', 'INLINE 11', 'BAHODOPI', null, null, null, null, null, null, '1', null, null, 'DUMP TRUCK', null, '0', null, '2018-07-19 19:02:39', '2018-07-19 19:02:39', 'RORO SAWITRI V,RS1801', '18SQZ0601038012', 'SX3255DR384R', 'LZGJLDR47JX017033', '1618C032781', '', 'SHACMAN', null, null, '6X4自卸车', '340HP; 6X4', null), ('5682', '147', 'INLINE 11', 'BAHODOPI', null, null, null, null, null, null, '1', null, null, 'DUMP TRUCK', null, '0', null, '2018-07-19 19:02:39', '2018-07-19 19:02:39', 'RORO SAWITRI V,RS1801', '18SQZ0601038012', 'SX3255DR384R', 'LZGJLDR49JX017034', '1618B027072', '', 'SHACMAN', null, null, '6X4自卸车', '340HP; 6X4', null), ('5683', '147', 'INLINE 11', 'BAHODOPI', null, null, null, null, null, null, '1', null, null, 'DUMP TRUCK', null, '0', null, '2018-07-19 19:02:39', '2018-07-19 19:02:39', 'RORO SAWITRI V,RS1801', '18SQZ0601038012', 'SX3255DR384R', 'LZGJLDR40JX017035', '1618B021132', '', 'SHACMAN', null, null, '6X4自卸车', '340HP; 6X4', null), ('5684', '147', 'INLINE 11', 'BAHODOPI', null, null, null, null, null, null, '1', null, null, 'DUMP TRUCK', null, '0', null, '2018-07-19 19:02:39', '2018-07-19 19:02:39', 'RORO SAWITRI V,RS1801', '18SQZ0601038012', 'SX3255DR384R', 'LZGJLDR42JX017036', '1618B026015', '', 'SHACMAN', null, null, '6X4自卸车', '340HP; 6X4', null), ('5685', '147', 'INLINE 11', 'BAHODOPI', null, null, null, null, null, null, '1', null, null, 'DUMP TRUCK', null, '0', null, '2018-07-19 19:02:39', '2018-07-19 19:02:39', 'RORO SAWITRI V,RS1801', '18SQZ0601038012', 'SX3255DR384R', 'LZGJLDR44JX017037', '1618B021126', '', 'SHACMAN', null, null, '6X4自卸车', '340HP; 6X4', null), ('5686', '147', 'INLINE 11', 'BAHODOPI', null, null, null, null, null, null, '1', null, null, 'DUMP TRUCK', null, '0', null, '2018-07-19 19:02:39', '2018-07-19 19:02:39', 'RORO SAWITRI V,RS1801', '18SQZ0601038012', 'SX3255DR384R', 'LZGJLDR46JX017038', '1618B025895', '', 'SHACMAN', null, null, '6X4自卸车', '340HP; 6X4', null), ('5687', '147', 'INLINE 11', 'BAHODOPI', null, null, null, null, null, null, '1', null, null, 'DUMP TRUCK', null, '0', null, '2018-07-19 19:02:39', '2018-07-19 19:02:39', 'RORO SAWITRI V,RS1801', '18SQZ0601038012', 'SX3255DR384R', 'LZGJLDR48JX017039', '1618B025893', '', 'SHACMAN', null, null, '6X4自卸车', '340HP; 6X4', null), ('5688', '147', 'INLINE 11', 'BAHODOPI', null, null, null, null, null, null, '1', null, null, 'DUMP TRUCK', null, '0', null, '2018-07-19 19:02:39', '2018-07-19 19:02:39', 'RORO SAWITRI V,RS1801', '18SQZ0601038012', 'SX3255DR384R', 'LZGJLDR44JX017040', '1618B025767', '', 'SHACMAN', null, null, '6X4自卸车', '340HP; 6X4', null), ('5689', '147', 'INLINE 11', 'BAHODOPI', null, null, null, null, null, null, '1', null, null, 'DUMP TRUCK', null, '0', null, '2018-07-19 19:02:39', '2018-07-19 19:02:39', 'RORO SAWITRI V,RS1801', '18SQZ0601038012', 'SX3255DR384R', 'LZGJLDR46JX017041', '1618B025772', '', 'SHACMAN', null, null, '6X4自卸车', '340HP; 6X4', null), ('5690', '147', 'INLINE 11', 'BAHODOPI', null, null, null, null, null, null, '1', null, null, 'DUMP TRUCK', null, '0', null, '2018-07-19 19:02:39', '2018-07-19 19:02:39', 'RORO SAWITRI V,RS1801', '18SQZ0601038012', 'SX3255DR384R', 'LZGJLDR48JX017042', '1618C032784', '', 'SHACMAN', null, null, '6X4自卸车', '340HP; 6X4', null), ('5691', '147', 'INLINE 11', 'BAHODOPI', null, null, null, null, null, null, '1', null, null, 'DUMP TRUCK', null, '0', null, '2018-07-19 19:02:39', '2018-07-19 19:02:39', 'RORO SAWITRI V,RS1801', '18SQZ0601038012', 'SX3255DR384R', 'LZGJLDR4XJX017043', '1618B021139', '', 'SHACMAN', null, null, '6X4自卸车', '340HP; 6X4', null), ('5692', '147', 'INLINE 11', 'BAHODOPI', null, null, null, null, null, null, '1', null, null, 'DUMP TRUCK', null, '0', null, '2018-07-19 19:02:39', '2018-07-19 19:02:39', 'RORO SAWITRI V,RS1801', '18SQZ0601038012', 'SX3255DR384R', 'LZGJLDR41JX017044', '1618B025905', '', 'SHACMAN', null, null, '6X4自卸车', '340HP; 6X4', null), ('5693', '147', 'INLINE 11', 'BAHODOPI', null, null, null, null, null, null, '1', null, null, 'DUMP TRUCK', null, '0', null, '2018-07-19 19:02:39', '2018-07-19 19:02:39', 'RORO SAWITRI V,RS1801', '18SQZ0601038012', 'SX3255DR384R', 'LZGJLDR43JX017045', '1618B025888', '', 'SHACMAN', null, null, '6X4自卸车', '340HP; 6X4', null), ('5694', '147', 'INLINE 11', 'BAHODOPI', null, null, null, null, null, null, '1', null, null, 'DUMP TRUCK', null, '0', null, '2018-07-19 19:02:39', '2018-07-19 19:02:39', 'RORO SAWITRI V,RS1801', '18SQZ0601038012', 'SX3255DR384R', 'LZGJLDR45JX017046', '1618B021125', '', 'SHACMAN', null, null, '6X4自卸车', '340HP; 6X4', null), ('5695', '147', 'INLINE 11', 'BAHODOPI', null, null, null, null, null, null, '1', null, null, 'DUMP TRUCK', null, '0', null, '2018-07-19 19:02:39', '2018-07-19 19:02:39', 'RORO SAWITRI V,RS1801', '18SQZ0601038012', 'SX3255DR384R', 'LZGJLDR47JX017047', '1618B021128', '', 'SHACMAN', null, null, '6X4自卸车', '340HP; 6X4', null), ('5696', '147', 'INLINE 11', 'BAHODOPI', null, null, null, null, null, null, '1', null, null, 'DUMP TRUCK', null, '0', null, '2018-07-19 19:02:39', '2018-07-19 19:02:39', 'RORO SAWITRI V,RS1801', '18SQZ0601038012', 'SX3255DR384R', 'LZGJLDR49JX017048', '1618B025883', '', 'SHACMAN', null, null, '6X4自卸车', '340HP; 6X4', null), ('5697', '147', 'INLINE 11', 'BAHODOPI', null, null, null, null, null, null, '1', null, null, 'DUMP TRUCK', null, '0', null, '2018-07-19 19:02:39', '2018-07-19 19:02:39', 'RORO SAWITRI V,RS1801', '18SQZ0601038012', 'SX3255DR384R', 'LZGJLDR40JX017049', '1618B025880', '', 'SHACMAN', null, null, '6X4自卸车', '340HP; 6X4', null), ('5698', '147', 'INLINE 11', 'BAHODOPI', null, null, null, null, null, null, '1', null, null, 'DUMP TRUCK', null, '0', null, '2018-07-19 19:02:39', '2018-07-19 19:02:39', 'RORO SAWITRI V,RS1801', '18SQZ0601038012', 'SX3255DR384R', 'LZGJLDR47JX017050', '1618C032780', '', 'SHACMAN', null, null, '6X4自卸车', '340HP; 6X4', null), ('5699', '147', 'INLINE 11', 'BAHODOPI', null, null, null, null, null, null, '1', null, null, 'DUMP TRUCK', null, '0', null, '2018-07-19 19:02:39', '2018-07-19 19:02:39', 'RORO SAWITRI V,RS1801', '18SQZ0601038012', 'SX3255DR384R', 'LZGJLDR49JX017051', '1618C032782', '', 'SHACMAN', null, null, '6X4自卸车', '340HP; 6X4', null), ('5700', '147', 'INLINE 11', 'BAHODOPI', null, null, null, null, null, null, '1', null, null, 'DUMP TRUCK', null, '0', null, '2018-07-19 19:02:39', '2018-07-19 19:02:39', 'RORO SAWITRI V,RS1801', '18SQZ0601038012', 'SX3255DR384R', 'LZGJLDR40JX017052', '1618B027070', '', 'SHACMAN', null, null, '6X4自卸车', '340HP; 6X4', null), ('5701', '147', 'INLINE 11', 'BAHODOPI', null, null, null, null, null, null, '1', null, null, 'DUMP TRUCK', null, '0', null, '2018-07-19 19:02:39', '2018-07-19 19:02:39', 'RORO SAWITRI V,RS1801', '18SQZ0601038012', 'SX3255DR384R', 'LZGJLDR42JX017053', '1618B027065', '', 'SHACMAN', null, null, '6X4自卸车', '340HP; 6X4', null), ('5702', '147', 'INLINE 11', 'BAHODOPI', null, null, null, null, null, null, '1', null, null, 'DUMP TRUCK', null, '0', null, '2018-07-19 19:02:39', '2018-07-19 19:02:39', 'RORO SAWITRI V,RS1801', '18SQZ0601038012', 'SX3255DR384R', 'LZGJLDR44JX017054', '1618B025876', '', 'SHACMAN', null, null, '6X4自卸车', '340HP; 6X4', null), ('5703', '147', 'INLINE 11', 'BAHODOPI', null, null, null, null, null, null, '1', null, null, 'DUMP TRUCK', null, '0', null, '2018-07-19 19:02:39', '2018-07-19 19:02:39', 'RORO SAWITRI V,RS1801', '18SQZ0601038012', 'SX3255DR384R', 'LZGJLDR46JX017055', '1618B025889', '', 'SHACMAN', null, null, '6X4自卸车', '340HP; 6X4', null), ('5704', '147', 'INLINE 11', 'BAHODOPI', null, null, null, null, null, null, '1', null, null, 'DUMP TRUCK', null, '0', null, '2018-07-19 19:02:39', '2018-07-19 19:02:39', 'RORO SAWITRI V,RS1801', '18SQZ0601038012', 'SX3255DR384R', 'LZGJLDR48JX017056', '1618B025878', '', 'SHACMAN', null, null, '6X4自卸车', '340HP; 6X4', null), ('5705', '147', 'INLINE 11', 'BAHODOPI', null, null, null, null, null, null, '1', null, null, 'DUMP TRUCK', null, '0', null, '2018-07-19 19:02:39', '2018-07-19 19:02:39', 'RORO SAWITRI V,RS1801', '18SQZ0601038012', 'SX3255DR384R', 'LZGJLDR4XJX017057', '1618B025766', '', 'SHACMAN', null, null, '6X4自卸车', '340HP; 6X4', null), ('5706', '147', 'INLINE 11', 'BAHODOPI', null, null, null, null, null, null, '1', null, null, 'DUMP TRUCK', null, '0', null, '2018-07-19 19:02:39', '2018-07-19 19:02:39', 'RORO SAWITRI V,RS1801', '18SQZ0601038012', 'SX3255DR384R', 'LZGJLDR41JX017058', '1618B021147', '', 'SHACMAN', null, null, '6X4自卸车', '340HP; 6X4', null), ('5707', '147', 'INLINE 11', 'BAHODOPI', null, null, null, null, null, null, '1', null, null, 'DUMP TRUCK', null, '0', null, '2018-07-19 19:02:39', '2018-07-19 19:02:39', 'RORO SAWITRI V,RS1801', '18SQZ0601038012', 'SX3255DR384R', 'LZGJLDR43JX017059', '1618B021269', '', 'SHACMAN', null, null, '6X4自卸车', '340HP; 6X4', null), ('5708', '147', 'INLINE 11', 'BAHODOPI', null, null, null, null, null, null, '1', null, null, 'DUMP TRUCK', null, '0', null, '2018-07-19 19:02:39', '2018-07-19 19:02:39', 'RORO SAWITRI V,RS1801', '18SQZ0601038012', 'SX3255DR384R', 'LZGJLDR4XJX017060', '1618B019548', '', 'SHACMAN', null, null, '6X4自卸车', '340HP; 6X4', null), ('5709', '147', 'INLINE 11', 'BAHODOPI', null, null, null, null, null, null, '1', null, null, 'DUMP TRUCK', null, '0', null, '2018-07-19 19:02:39', '2018-07-19 19:02:39', 'RORO SAWITRI V,RS1801', '18SQZ0601038012', 'SX3255DR384R', 'LZGJLDR41JX017061', '1618B021152', '', 'SHACMAN', null, null, '6X4自卸车', '340HP; 6X4', null), ('5710', '147', 'INLINE 11', 'BAHODOPI', null, null, null, null, null, null, '1', null, null, 'DUMP TRUCK', null, '0', null, '2018-07-19 19:02:39', '2018-07-19 19:02:39', 'RORO SAWITRI V,RS1801', '18SQZ0601038012', 'SX3255DR384R', 'LZGJLDR43JX017062', '1618B025909', '', 'SHACMAN', null, null, '6X4自卸车', '340HP; 6X4', null), ('5711', '147', 'INLINE 11', 'BAHODOPI', null, null, null, null, null, null, '1', null, null, 'DUMP TRUCK', null, '0', null, '2018-07-19 19:02:39', '2018-07-19 19:02:39', 'RORO SAWITRI V,RS1801', '18SQZ0601038012', 'SX3255DR384R', 'LZGJLDR45JX017063', '1618B021264', '', 'SHACMAN', null, null, '6X4自卸车', '340HP; 6X4', null), ('5712', '147', 'INLINE 11', 'BAHODOPI', null, null, null, null, null, null, '1', null, null, 'DUMP TRUCK', null, '0', null, '2018-07-19 19:02:39', '2018-07-19 19:02:39', 'RORO SAWITRI V,RS1801', '18SQZ0601038012', 'SX3255DR384R', 'LZGJLDR47JX017064', '1618B025770', '', 'SHACMAN', null, null, '6X4自卸车', '340HP; 6X4', null), ('5713', '147', 'INLINE 11', 'BAHODOPI', null, null, null, null, null, null, '1', null, null, 'DUMP TRUCK', null, '0', null, '2018-07-19 19:02:39', '2018-07-19 19:02:39', 'RORO SAWITRI V,RS1801', '18SQZ0601038012', 'SX3255DR384R', 'LZGJLDR49JX017065', '1618B027094', '', 'SHACMAN', null, null, '6X4自卸车', '340HP; 6X4', null), ('5714', '147', 'INLINE 11', 'BAHODOPI', null, null, null, null, null, null, '1', null, null, 'DUMP TRUCK', null, '0', null, '2018-07-19 19:02:39', '2018-07-19 19:02:39', 'RORO SAWITRI V,RS1801', '18SQZ0601038012', 'SX3255DR384R', 'LZGJLDR40JX017066', '1618B027055', '', 'SHACMAN', null, null, '6X4自卸车', '340HP; 6X4', null), ('5715', '147', 'INLINE 11', 'BAHODOPI', null, null, null, null, null, null, '1', null, null, 'DUMP TRUCK', null, '0', null, '2018-07-19 19:02:39', '2018-07-19 19:02:39', 'RORO SAWITRI V,RS1801', '18SQZ0601038012', 'SX3255DR384R', 'LZGJLDR42JX017067', '1618B027069', '', 'SHACMAN', null, null, '6X4自卸车', '340HP; 6X4', null), ('5716', '147', 'INLINE 11', 'BAHODOPI', null, null, null, null, null, null, '1', null, null, 'DUMP TRUCK', null, '0', null, '2018-07-19 19:02:39', '2018-07-19 19:02:39', 'RORO SAWITRI V,RS1801', '18SQZ0601038012', 'SX3255DR384R', 'LZGJLDR44JX017068', '1618B021156', '', 'SHACMAN', null, null, '6X4自卸车', '340HP; 6X4', null), ('5717', '147', 'INLINE 11', 'BAHODOPI', null, null, null, null, null, null, '1', null, null, 'DUMP TRUCK', null, '0', null, '2018-07-19 19:02:39', '2018-07-19 19:02:39', 'RORO SAWITRI V,RS1801', '18SQZ0601038012', 'SX3255DR384R', 'LZGJLDR46JX017069', '1618B025771', '', 'SHACMAN', null, null, '6X4自卸车', '340HP; 6X4', null), ('5718', '147', 'INLINE 11', 'BAHODOPI', null, null, null, null, null, null, '1', null, null, 'DUMP TRUCK', null, '0', null, '2018-07-19 19:02:39', '2018-07-19 19:02:39', 'RORO SAWITRI V,RS1801', '18SQZ0601038012', 'SX3255DR384R', 'LZGJLDR42JX017070', '1618B025773', '', 'SHACMAN', null, null, '6X4自卸车', '340HP; 6X4', null), ('5719', '147', 'INLINE 11', 'BAHODOPI', null, null, null, null, null, null, '1', null, null, 'DUMP TRUCK', null, '0', null, '2018-07-19 19:02:39', '2018-07-19 19:02:39', 'RORO SAWITRI V,RS1801', '18SQZ0601038012', 'SX3255DR384R', 'LZGJLDR44JX017071', '1618B027068', '', 'SHACMAN', null, null, '6X4自卸车', '340HP; 6X4', null), ('5720', '147', 'INLINE 11', 'BAHODOPI', null, null, null, null, null, null, '1', null, null, 'DUMP TRUCK', null, '0', null, '2018-07-19 19:02:39', '2018-07-19 19:02:39', 'RORO SAWITRI V,RS1801', '18SQZ0601038012', 'SX3255DR384R', 'LZGJLDR46JX017072', '1618B027071', '', 'SHACMAN', null, null, '6X4自卸车', '340HP; 6X4', null), ('5721', '147', 'INLINE 11', 'BAHODOPI', null, null, null, null, null, null, '1', null, null, 'DUMP TRUCK', null, '0', null, '2018-07-19 19:02:39', '2018-07-19 19:02:39', 'RORO SAWITRI V,RS1801', '18SQZ0601038012', 'SX3255DR384R', 'LZGJLDR48JX017073', '1618B021140', '', 'SHACMAN', null, null, '6X4自卸车', '340HP; 6X4', null), ('5722', '147', 'INLINE 11', 'BAHODOPI', null, null, null, null, null, null, '1', null, null, 'DUMP TRUCK', null, '0', null, '2018-07-19 19:02:39', '2018-07-19 19:02:39', 'RORO SAWITRI V,RS1801', '18SQZ0601038012', 'SX3255DR384R', 'LZGJLDR43JX016509', '1618B025760', '', 'SHACMAN', null, null, '6X4自卸车', '340HP; 6X4', null), ('5723', '147', 'INLINE 11', 'BAHODOPI', null, null, null, null, null, null, '1', null, null, 'DUMP TRUCK', null, '0', null, '2018-07-19 19:02:39', '2018-07-19 19:02:39', 'RORO SAWITRI V,RS1801', '18SQZ0601038012', 'SX3255DR384R', 'LZGJLDR4XJX016510', '1618C030560', '', 'SHACMAN', null, null, '6X4自卸车', '340HP; 6X4', null), ('5724', '147', 'INLINE 11', 'BAHODOPI', null, null, null, null, null, null, '1', null, null, 'DUMP TRUCK', null, '0', null, '2018-07-19 19:02:39', '2018-07-19 19:02:39', 'RORO SAWITRI V,RS1801', '18SQZ0601038012', 'SX3255DR384R', 'LZGJLDR47JX016514', '1618A011239', '', 'SHACMAN', null, null, '6X4自卸车', '340HP; 6X4', null), ('5725', '147', 'INLINE 11', 'BAHODOPI', null, null, null, null, null, null, '1', null, null, 'DUMP TRUCK', null, '0', null, '2018-07-19 19:02:39', '2018-07-19 19:02:39', 'RORO SAWITRI V,RS1801', '18SQZ0601038012', 'SX3255DR384R', 'LZGJLDR49JX016515', '1618B025882', '', 'SHACMAN', null, null, '6X4自卸车', '340HP; 6X4', null), ('5726', '147', 'INLINE 11', 'BAHODOPI', null, null, null, null, null, null, '1', null, null, 'DUMP TRUCK', null, '0', null, '2018-07-19 19:02:39', '2018-07-19 19:02:39', 'RORO SAWITRI V,RS1801', '18SQZ0601038012', 'SX3255DR384R', 'LZGJLDR42JX016517', '1618A011248', '', 'SHACMAN', null, null, '6X4自卸车', '340HP; 6X4', null), ('5727', '147', 'INLINE 11', 'BAHODOPI', null, null, null, null, null, null, '1', null, null, 'DUMP TRUCK', null, '0', null, '2018-07-19 19:02:39', '2018-07-19 19:02:39', 'RORO SAWITRI V,RS1801', '18SQZ0601038012', 'SX3315DT406R', 'LZGJRDT63HX155171', '1617L157710', '', 'SHACMAN', null, null, null, '380HP; 8X4', null), ('5728', '147', 'INLINE 11', 'BAHODOPI', null, null, null, null, null, null, '1', null, null, 'TRACTOR HEAD', null, '0', null, '2018-07-19 19:02:39', '2018-07-19 19:02:39', 'RORO SAWITRI V,RS1801', '18SQZ0601038012', 'SX4255JV324R', 'LZGJLJV47JX017201', '1418C029411', '', 'SHACMAN', null, null, null, '420HP: 6X4', null), ('5729', '147', 'INLINE 11', 'BAHODOPI', null, null, null, null, null, null, '1', null, null, 'TRACTOR HEAD', null, '0', null, '2018-07-19 19:02:39', '2018-07-19 19:02:39', 'RORO SAWITRI V,RS1801', '17SQZ0601038137', 'SX4255JV324R', 'LZGJLJV41JX045611', '1418E063896', '', 'SHACMAN', null, null, null, '420HP: 6X4', null), ('5740', '151', 'HANGCHA  07_02', 'SURABAYA', null, null, null, null, null, null, '1', null, null, 'FORKLIFT TRUCK', '26', '1', null, '2018-07-19 19:44:35', '2018-07-20 14:12:26', 'YM ENHANCER 098S', 'SUB-H18A0451-03029', 'CPCD50-RXG24', 'A2AH09431', 'Y18025612', '02DA05133', 'HANGCHA', null, null, null, '1070mm fork, 3.0M duplex Mast & pneumatic tyres', null), ('5741', '151', 'HANGCHA  07_02', 'SURABAYA', null, null, null, null, null, null, '1', null, null, 'FORKLIFT TRUCK', '26', '1', null, '2018-07-19 19:44:35', '2018-07-20 14:12:27', 'YM ENHANCER 098S', 'SUB-H18A0451-03029', 'CPCD50-RW14', 'A3AH07657', '375686', '05DA16511', 'HANGCHA', null, null, null, '1220mm fork, 3.0M duplex Mast & double front pneumatic tyres', null), ('5742', '151', 'HANGCHA  07_02', 'SURABAYA', null, null, null, null, null, null, '1', null, null, 'FORKLIFT TRUCK', '26', '1', null, '2018-07-19 19:44:35', '2018-07-20 14:12:29', 'YM ENHANCER 098S', 'SUB-H18A0451-03029', 'CPCD50-RG24', 'A3AH07559', 'Y18025490', '03DA09744', 'HANGCHA', null, null, null, '1220mm fork, 3.0M duplex Mast & double front pneumatic tyres', null), ('5743', '151', 'HANGCHA  07_02', 'SURABAYA', null, null, null, null, null, null, '1', null, null, 'FORKLIFT TRUCK', '26', '1', null, '2018-07-19 19:44:35', '2018-07-20 14:12:38', 'YM ENHANCER 098S', 'SUB-H18A0451-03029', 'CPCD70-RW14', 'A3AH07631', '374901', '05DA14557', 'HANGCHA', null, null, null, '1220mm fork, 4.0M duplex Mast & double front pneumatic tyres', null), ('5744', '151', 'HANGCHA  07_02', 'SURABAYA', null, null, null, null, null, null, '1', null, null, 'FORKLIFT TRUCK', '26', '1', null, '2018-07-19 19:44:35', '2018-07-20 14:12:30', 'YM ENHANCER 098S', 'SUB-H18A0451-03029', 'CPCD100-RW14', 'A3AH07630', '374897', '05DA14536', 'HANGCHA', null, null, null, '1220mm fork, 3.0M duplex Mast & double front solid tyres', null), ('5745', '151', 'HANGCHA  07_02', 'SURABAYA', null, null, null, null, null, null, '1', null, null, 'FORKLIFT TRUCK', '26', '1', null, '2018-07-19 19:44:35', '2018-07-20 14:12:37', 'YM ENHANCER 098S', 'SUB-H18A0451-03029', 'CPCD30-AG2', 'G5AHN9166', '18066742', '03DK06340', 'HANGCHA', null, null, null, '1070mm fork, 3.0M duplex Mast & pneumatic tyres', null), ('5746', '151', 'HANGCHA  07_02', 'SURABAYA', null, null, null, null, null, null, '1', null, null, 'FORKLIFT TRUCK', '26', '1', null, '2018-07-19 19:44:35', '2018-07-20 14:12:36', 'YM ENHANCER 098S', 'SUB-H18A0451-03029', 'CPC30-AG2', 'G5AHN9164', '18069058', '03DK06364', 'HANGCHA', null, null, null, '1070mm fork, 3.0M duplex Mast & pneumatic tyres', null), ('5747', '151', 'HANGCHA  07_02', 'SURABAYA', null, null, null, null, null, null, '1', null, null, 'FORKLIFT TRUCK', '26', '1', null, '2018-07-19 19:44:35', '2018-07-20 14:12:36', 'YM ENHANCER 098S', 'SUB-H18A0451-03029', 'CPCD30-AW10', 'G5AHN9167', '261362', '03DK07250', 'HANGCHA', null, null, null, '1070mm fork, 3.0M duplex Mast & pneumatic tyres', null), ('5748', '151', 'HANGCHA  07_02', 'SURABAYA', null, null, null, null, null, null, '1', null, null, 'FORKLIFT TRUCK', '26', '1', null, '2018-07-19 19:44:35', '2018-07-20 14:12:35', 'YM ENHANCER 098S', 'SUB-H18A0451-03029', 'CPC30-AW10', 'G5AHN9160', '261364', '03DK07248', 'HANGCHA', null, null, null, '1070mm fork, 3.0M duplex Mast & pneumatic tyres', null), ('5749', '152', 'HANGCHA_05_01', 'Jakarta', null, null, null, null, null, null, '1', null, null, 'FORKLIFT', '25', '1', null, '2018-07-19 20:19:49', '2018-07-20 14:13:09', 'BOMAR SPRING 0060 006S', 'HC-JKT-H17A0451-05102,05135', 'CPCD30-XRW55F', 'M5AG01203', '301387', '07CA16766', 'HANGCHA', null, null, null, 'Mitsubishi S4S , 5.0M duplex Mast, 1670 fork, double front solid tyres', null), ('5750', '152', 'HANGCHA_05_01', 'Jakarta', null, null, null, null, null, null, '1', null, null, 'FORKLIFT', '25', '1', null, '2018-07-19 20:19:49', '2018-07-20 14:13:10', 'BOMAR SPRING 0060 006S', 'HC-JKT-H17A0451-05102,05135', 'CPCD30-XRW55F', 'M5AG01204', '301384', '08CA19382', 'HANGCHA', null, null, null, 'Mitsubishi S4S , 4.0M duplex Mast, 1520 fork, pneumatic', null), ('5751', '152', 'HANGCHA_05_01', 'Jakarta', null, null, null, null, null, null, '1', null, null, 'FORKLIFT', '25', '1', null, '2018-07-19 20:19:49', '2018-07-20 14:13:11', 'BOMAR SPRING 0060 006S', 'HC-JKT-H17A0451-05102,05135', 'CPCD30-XRW55F', 'M5AG01201', '299297', '07CA17557', 'HANGCHA', null, null, null, 'Mitsubishi S4S , 4.3M triplex Mast, 1070 fork, pneumatic', null), ('5752', '152', 'HANGCHA_05_01', 'Jakarta', null, null, null, null, null, null, '1', null, null, 'FORKLIFT', '25', '1', null, '2018-07-19 20:19:49', '2018-07-20 14:13:13', 'BOMAR SPRING 0060 006S', 'HC-JKT-H17A0451-05102,05135', 'CPCD30-XRW55F', 'M5AG01186', '299299', '07CA17553', 'HANGCHA', null, null, null, 'Mitsubishi S4S , 3.0m duplex mast, 1070 Fork, pneumatic', null), ('5753', '152', 'HANGCHA_05_01', 'Jakarta', null, null, null, null, null, null, '1', null, null, 'FORKLIFT', '25', '1', null, '2018-07-19 20:19:49', '2018-07-20 14:13:14', 'BOMAR SPRING 0060 006S', 'HC-JKT-H17A0451-05102,05135', 'CPCD25-XRW55F', 'M5AG01188', '299291', '07CA16125', 'HANGCHA', null, null, null, 'Mitsubishi S4S , 3.0m duplex mast, 1070 Fork, pneumatic', null), ('5754', '153', 'HANGCHA_05_02', 'Surabaya', null, null, null, null, null, null, '1', null, null, 'FORKLIFT', '26', '1', null, '2018-07-19 20:31:11', '2018-07-20 14:13:41', 'BOMAR SPRING 0060 006S', 'HC-SBY-H17A0451-05102,05135', 'CPCD35-XRG2', 'M5AG00910', '17081926', '07CA15872', 'HANGCHA', null, null, null, 'XINCHAI C490BPG, 4.0M duplex Mast, 1370 fork, pneumatic', null), ('5755', '153', 'HANGCHA_05_02', 'Surabaya', null, null, null, null, null, null, '1', null, null, 'FORKLIFT', '26', '1', null, '2018-07-19 20:31:11', '2018-07-20 14:13:42', 'BOMAR SPRING 0060 006S', 'HC-SBY-H17A0451-05102,05135', 'CPCD35-XRW55F', 'M5AG01210', '301380', '06CA14608', 'HANGCHA', null, null, null, 'Mitsubishi S4S , 3.0M duplex Mast, 1070 fork, pneumatic', null), ('5756', '153', 'HANGCHA_05_02', 'Surabaya', null, null, null, null, null, null, '1', null, null, 'FORKLIFT', '26', '1', null, '2018-07-19 20:31:11', '2018-07-20 14:13:43', 'BOMAR SPRING 0060 006S', 'HC-SBY-H17A0451-05102,05135', 'CPCD30-XRW55F', 'M5AG01205', '301388', '08CA19387', 'HANGCHA', null, null, null, 'Mitsubishi S4S , 4.0M duplex Mast, 1520 fork, pneumatic', null), ('5757', '153', 'HANGCHA_05_02', 'Surabaya', null, null, null, null, null, null, '1', null, null, 'FORKLIFT', '26', '1', null, '2018-07-19 20:31:11', '2018-07-20 14:13:45', 'BOMAR SPRING 0060 006S', 'HC-SBY-H17A0451-05102,05135', 'CPCD30-XRW55F', 'M5AG01185', '299298', '07CA17555', 'HANGCHA', null, null, null, 'Mitsubishi S4S , 3.0m duplex mast, 1070 Fork, pneumatic', null), ('5758', '153', 'HANGCHA_05_02', 'Surabaya', null, null, null, null, null, null, '1', null, null, 'FORKLIFT', '26', '1', null, '2018-07-19 20:31:11', '2018-07-20 14:13:46', 'BOMAR SPRING 0060 006S', 'HC-SBY-H17A0451-05102,05135', 'CPCD30-XRW55F', 'M5AG01184', '299288', '07CA17552', 'HANGCHA', null, null, null, 'Mitsubishi S4S , 3.0m duplex mast, 1070 Fork, pneumatic', null), ('5759', '155', 'INLINE 12', 'SURABAYA', null, null, null, null, null, null, '1', null, null, 'EXCAVATOR', '26', '0', null, '2018-07-20 14:30:03', '2018-08-10 11:31:05', 'ZIM DALIAN V.51S', 'INLINE1812', 'XE215C', 'XUG0215BPJKA00730', '6BG1-369996', '', 'XCMG', '556', null, null, 'STANDARD', 'http://cdn.ayotrust.com/upload/2018-08-10image1.jpeg'), ('5760', '155', 'INLINE 12', 'SURABAYA', null, null, null, null, null, null, '1', null, null, 'EXCAVATOR', '25', '1', null, '2018-07-20 14:30:03', '2018-08-10 11:31:07', 'ZIM DALIAN V.51S', 'INLINE1812', 'XE215C', 'XUG0215BKJKA00731', '6BG1-369780', '', 'XCMG', '123', null, null, 'STANDARD', 'http://cdn.ayotrust.com/upload/2018-08-10image1.jpeg'), ('5761', '155', 'INLINE 12', 'SURABAYA', null, null, null, null, null, null, '1', null, null, 'EXCAVATOR', '26', '1', null, '2018-07-20 14:30:03', '2018-08-10 11:31:08', 'ZIM DALIAN V.51S', 'INLINE1812', 'XE215C', 'XUG0215BAJKA00752', '6BG1-372572', '', 'XCMG', null, null, null, 'STANDARD', null), ('5762', '155', 'INLINE 12', 'SURABAYA', null, null, null, null, null, null, '1', null, null, 'EXCAVATOR', '26', '1', null, '2018-07-20 14:30:03', '2018-08-10 11:31:10', 'ZIM DALIAN V.51S', 'INLINE1812', 'XE215C', 'XUG0215BLJKA00753', '6BG1-372757', '', 'XCMG', null, null, null, 'STANDARD', null), ('5763', '155', 'INLINE 12', 'SURABAYA', null, null, null, null, null, null, '1', null, null, 'EXCAVATOR', '26', '1', null, '2018-07-20 14:30:03', '2018-08-10 11:31:11', 'ZIM DALIAN V.51S', 'INLINE1812', 'XE215C', 'XUG0215BHJKA00754', '6BG1-372758', '', 'XCMG', null, null, null, 'STANDARD', null), ('5764', '155', 'INLINE 12', 'SURABAYA', null, null, null, null, null, null, '1', null, null, 'EXCAVATOR', '26', '1', null, '2018-07-20 14:30:03', '2018-08-10 11:31:12', 'ZIM DALIAN V.51S', 'INLINE1812', 'XE215C', 'XUG0215BEJKA00755', '6BG1-372336', '', 'XCMG', null, null, null, 'STANDARD', null), ('5765', '155', 'INLINE 12', 'SURABAYA', null, null, null, null, null, null, '1', null, null, 'EXCAVATOR', '26', '1', null, '2018-07-20 14:30:03', '2018-08-10 11:31:13', 'ZIM DALIAN V.51S', 'INLINE1812', 'XE370CA', 'XUG03703CHKA01942', '6HK1-905825', '', 'XCMG', null, null, null, 'STANDARD', null), ('5766', '156', 'INLINE 12', 'SURABAYA', null, null, null, null, null, null, '1', null, null, 'EXCAVATOR', '26', '1', null, '2018-07-20 14:38:20', '2018-08-09 15:53:32', 'ZIM DALIAN V.51S', 'INLINE1812', 'XE215C', 'XUG0215BPJKA00730', '6BG1-369996', '', 'XCMG', null, null, null, 'STANDARD', null), ('5767', '156', 'INLINE 12', 'SURABAYA', null, null, null, null, null, null, '1', null, null, 'EXCAVATOR', '26', '1', null, '2018-07-20 14:38:20', '2018-08-09 15:53:34', 'ZIM DALIAN V.51S', 'INLINE1812', 'XE215C', 'XUG0215BKJKA00731', '6BG1-369780', '', 'XCMG', null, null, null, 'STANDARD', null), ('5768', '156', 'INLINE 12', 'SURABAYA', null, null, null, null, null, null, '1', null, null, 'EXCAVATOR', '25', '1', null, '2018-07-20 14:38:20', '2018-08-09 15:53:35', 'ZIM DALIAN V.51S', 'INLINE1812', 'XE215C', 'XUG0215BAJKA00752', '6BG1-372572', '', 'XCMG', null, null, null, 'STANDARD', null), ('5769', '156', 'INLINE 12', 'SURABAYA', null, null, null, null, null, null, '1', null, null, 'EXCAVATOR', '26', '1', null, '2018-07-20 14:38:20', '2018-08-09 15:53:48', 'ZIM DALIAN V.51S', 'INLINE1812', 'XE215C', 'XUG0215BLJKA00753', '6BG1-372757', '', 'XCMG', null, null, null, 'STANDARD', null), ('5770', '156', 'INLINE 12', 'SURABAYA', null, null, null, null, null, null, '1', null, null, 'EXCAVATOR', '26', '1', null, '2018-07-20 14:38:20', '2018-08-09 15:53:50', 'ZIM DALIAN V.51S', 'INLINE1812', 'XE215C', 'XUG0215BHJKA00754', '6BG1-372758', '', 'XCMG', null, null, null, 'STANDARD', null), ('5771', '156', 'INLINE 12', 'SURABAYA', null, null, null, null, null, null, '1', null, null, 'EXCAVATOR', '25', '1', null, '2018-07-20 14:38:20', '2018-08-09 15:53:52', 'ZIM DALIAN V.51S', 'INLINE1812', 'XE215C', 'XUG0215BEJKA00755', '6BG1-372336', '', 'XCMG', null, null, null, 'STANDARD', null), ('5772', '156', 'INLINE 12', 'SURABAYA', null, null, null, null, null, null, '1', null, null, 'EXCAVATOR', '25', '1', null, '2018-07-20 14:38:20', '2018-08-09 15:53:53', 'ZIM DALIAN V.51S', 'INLINE1812', 'XE370CA', 'XUG03703CHKA01942', '6HK1-905825', '', 'XCMG', null, null, null, 'STANDARD', null), ('5773', '157', 'INLINE 12', 'SURABAYA', null, null, null, null, null, null, '1', null, null, 'EXCAVATOR', '26', '1', null, '2018-07-20 14:38:56', '2018-07-20 14:40:45', 'ZIM DALIAN V.51S', 'INLINE1812', 'XE215C', 'XUG0215BPJKA00730', '6BG1-369996', '', 'XCMG', null, null, null, 'STANDARD', null), ('5774', '157', 'INLINE 12', 'SURABAYA', null, null, null, null, null, null, '1', null, null, 'EXCAVATOR', '26', '1', null, '2018-07-20 14:38:56', '2018-07-20 14:40:47', 'ZIM DALIAN V.51S', 'INLINE1812', 'XE215C', 'XUG0215BKJKA00731', '6BG1-369780', '', 'XCMG', null, null, null, 'STANDARD', null), ('5775', '157', 'INLINE 12', 'SURABAYA', null, null, null, null, null, null, '1', null, null, 'EXCAVATOR', '26', '1', null, '2018-07-20 14:38:56', '2018-07-20 14:40:48', 'ZIM DALIAN V.51S', 'INLINE1812', 'XE215C', 'XUG0215BAJKA00752', '6BG1-372572', '', 'XCMG', null, null, null, 'STANDARD', null), ('5776', '157', 'INLINE 12', 'SURABAYA', null, null, null, null, null, null, '1', null, null, 'EXCAVATOR', '26', '1', null, '2018-07-20 14:38:56', '2018-07-20 14:40:49', 'ZIM DALIAN V.51S', 'INLINE1812', 'XE215C', 'XUG0215BLJKA00753', '6BG1-372757', '', 'XCMG', null, null, null, 'STANDARD', null), ('5777', '157', 'INLINE 12', 'SURABAYA', null, null, null, null, null, null, '1', null, null, 'EXCAVATOR', '26', '1', null, '2018-07-20 14:38:56', '2018-07-20 14:40:50', 'ZIM DALIAN V.51S', 'INLINE1812', 'XE215C', 'XUG0215BHJKA00754', '6BG1-372758', '', 'XCMG', null, null, null, 'STANDARD', null), ('5778', '157', 'INLINE 12', 'SURABAYA', null, null, null, null, null, null, '1', null, null, 'EXCAVATOR', '26', '1', null, '2018-07-20 14:38:56', '2018-07-20 14:40:53', 'ZIM DALIAN V.51S', 'INLINE1812', 'XE215C', 'XUG0215BEJKA00755', '6BG1-372336', '', 'XCMG', null, null, null, 'STANDARD', null), ('5779', '157', 'INLINE 12', 'SURABAYA', null, null, null, null, null, null, '1', null, null, 'EXCAVATOR', '26', '1', null, '2018-07-20 14:38:56', '2018-07-20 14:40:53', 'ZIM DALIAN V.51S', 'INLINE1812', 'XE370CA', 'XUG03703CHKA01942', '6HK1-905825', '', 'XCMG', null, null, null, 'STANDARD', null), ('5780', '158', 'HANGCHA_04_03', 'Surabaya', null, null, null, null, null, null, '1', null, null, 'FORKLIFT', '26', '1', null, '2018-07-20 20:23:26', '2018-08-07 17:39:07', 'PONA 0058 031S', 'HC-SBY-H18A0451-01882, 01143', 'CPCD40-RW19', 'A2AH09401', '500236', '10CA25406', 'HANGCHA', null, null, null, 'Japanese NISSAN TD42 engine, hydraulic transmission,  electric shift, 5.0M duplex Mast, 1070mm fork, double front pneumatic tyres', null), ('5781', '158', 'HANGCHA_04_03', 'Surabaya', null, null, null, null, null, null, '1', null, null, 'FORKLIFT', '26', '1', null, '2018-07-20 20:23:26', '2018-08-07 17:39:09', 'PONA 0058 031S', 'HC-SBY-H18A0451-01882, 01143', 'CPCD40-RW19', 'A2AH09402', '500233', '03DA08443', 'HANGCHA', null, null, null, 'Japanese NISSAN TD42 engine, hydraulic transmission,  electric shift, 5.0M duplex Mast, 1070mm fork, double front pneumatic tyres', null), ('5782', '158', 'HANGCHA_04_03', 'Surabaya', null, null, null, null, null, null, '1', null, null, 'FORKLIFT', '26', '1', null, '2018-07-20 20:23:26', '2018-08-07 17:39:10', 'PONA 0058 031S', 'HC-SBY-H18A0451-01882, 01143', 'CPCD40-RW19', 'A2AH09403', '500235', '03DA08442', 'HANGCHA', null, null, null, 'Japanese NISSAN TD42 engine, hydraulic transmission,  electric shift, 5.0M duplex Mast, 1070mm fork, double front pneumatic tyres', null), ('5783', '158', 'HANGCHA_04_03', 'Surabaya', null, null, null, null, null, null, '1', null, null, 'FORKLIFT', '26', '1', null, '2018-07-20 20:23:26', '2018-08-07 17:39:12', 'PONA 0058 031S', 'HC-SBY-H18A0451-01882, 01143', 'CPCD40-RW19', 'A2AH09404', '500234', '03DA08456', 'HANGCHA', null, null, null, 'Japanese NISSAN TD42 engine, hydraulic transmission,  electric shift, 5.0M duplex Mast, 1070mm fork, double front pneumatic tyres', null), ('5784', '158', 'HANGCHA_04_03', 'Surabaya', null, null, null, null, null, null, '1', null, null, 'FORKLIFT', '26', '1', null, '2018-07-20 20:23:26', '2018-08-07 17:39:13', 'PONA 0058 031S', 'HC-SBY-H18A0451-01882, 01143', 'CPCD40-RW19', 'A2AH09405', '500251', '03DA08457', 'HANGCHA', null, null, null, 'Japanese NISSAN TD42 engine, hydraulic transmission,  electric shift, 5.0M duplex Mast, 1070mm fork, double front pneumatic tyres', null), ('5785', '158', 'HANGCHA_04_03', 'Surabaya', null, null, null, null, null, null, '1', null, null, 'FORKLIFT', '26', '1', null, '2018-07-20 20:23:26', '2018-08-07 17:39:15', 'PONA 0058 031S', 'HC-SBY-H18A0451-01882, 01143', 'CPCD40-RW19', 'A2AH09408', '500261', '03DA08440', 'HANGCHA', null, null, null, 'Japanese NISSAN TD42 engine, hydraulic transmission,  electric shift, 5.0M duplex Mast, 1070mm fork, double front pneumatic tyres', null), ('5786', '158', 'HANGCHA_04_03', 'Surabaya', null, null, null, null, null, null, '1', null, null, 'FORKLIFT', '26', '1', null, '2018-07-20 20:23:26', '2018-08-07 17:39:18', 'PONA 0058 031S', 'HC-SBY-H18A0451-01882, 01143', 'CPCD40-RW19', 'A2AH09409', '500255', '03DA08447', 'HANGCHA', null, null, null, 'Japanese NISSAN TD42 engine, hydraulic transmission,  electric shift, 5.0M duplex Mast, 1070mm fork, double front pneumatic tyres', null), ('5787', '158', 'HANGCHA_04_03', 'Surabaya', null, null, null, null, null, null, '1', null, null, 'FORKLIFT', '26', '1', null, '2018-07-20 20:23:26', '2018-08-07 17:39:20', 'PONA 0058 031S', 'HC-SBY-H18A0451-01882, 01143', 'CPCD40-RW19', 'A2AH09410', '500259', '03DA08441', 'HANGCHA', null, null, null, 'Japanese NISSAN TD42 engine, hydraulic transmission,  electric shift, 5.0M duplex Mast, 1070mm fork, double front pneumatic tyres', null), ('5788', '158', 'HANGCHA_04_03', 'Surabaya', null, null, null, null, null, null, '1', null, null, 'FORKLIFT', '26', '1', null, '2018-07-20 20:23:26', '2018-08-07 17:39:21', 'PONA 0058 031S', 'HC-SBY-H18A0451-01882, 01143', 'CPCD40-RW19', 'A2AH09411', '500260', '03DA08439', 'HANGCHA', null, null, null, 'Japanese NISSAN TD42 engine, hydraulic transmission,  electric shift, 5.0M duplex Mast, 1070mm fork, double front pneumatic tyres', null), ('5789', '158', 'HANGCHA_04_03', 'Surabaya', null, null, null, null, null, null, '1', null, null, 'FORKLIFT', '26', '1', null, '2018-07-20 20:23:26', '2018-08-07 17:39:22', 'PONA 0058 031S', 'HC-SBY-H18A0451-01882, 01143', 'CPCD70-RW14', 'A3AH07461', '371006', '02DA05093', 'HANGCHA', null, null, null, 'ISUZU 6BG1 engine, hydraulic transmission, 6.0M duplex Mast, 1220mm fork,pneumatic tyres', null), ('5790', '159', 'HANGCHA_04_01', 'Jakarta', null, null, null, null, null, null, '1', null, null, 'FORKLIFT', '25', '1', null, '2018-07-20 20:52:03', '2018-08-07 17:38:38', 'PONA 0058 031S', 'HC-JKT-H18A0451-01602,02501,02847', 'CPCD30-XRG2', 'M5AH03182', 'M5AH03182', '04DA10196', 'HANGCHA', null, null, null, ' XINCHAI C490BPG engine, hydraulic transmission,  electric shift, 4.5M triplex Mast, 1520mm fork, pneumatic tyres', null), ('5791', '159', 'HANGCHA_04_01', 'Jakarta', null, null, null, null, null, null, '1', null, null, 'FORKLIFT', '25', '1', null, '2018-07-20 20:52:03', '2018-08-07 17:38:41', 'PONA 0058 031S', 'HC-JKT-H18A0451-01602,02501,02847', 'CPCD30-XRG2', 'M5AH03181', 'M5AH03181', '04DA10197', 'HANGCHA', null, null, null, ' XINCHAI C490BPG engine, hydraulic transmission,  electric shift, 4.5M triplex Mast, 1520mm fork, pneumatic tyres', null), ('5792', '159', 'HANGCHA_04_01', 'Jakarta', null, null, null, null, null, null, '1', null, null, 'FORKLIFT', '25', '1', null, '2018-07-20 20:52:03', '2018-08-07 17:38:42', 'PONA 0058 031S', 'HC-JKT-H18A0451-01602,02501,02847', 'CPCD30-XRG2', 'M5AH03183', 'M5AH03183', '04DA10168', 'HANGCHA', null, null, null, 'XINCHAI C490BPG engine, hydraulic transmission,  electric shift, 4.5M triplex Mast, 1520mm fork, pneumatic tyres', null), ('5793', '159', 'HANGCHA_04_01', 'Jakarta', null, null, null, null, null, null, '1', null, null, 'FORKLIFT', '25', '1', null, '2018-07-20 20:52:03', '2018-08-07 17:38:43', 'PONA 0058 031S', 'HC-JKT-H18A0451-01602,02501,02847', 'CPCD50-XRXW76', 'M8AH00166', 'M8AH00166', '03DA08765', 'HANGCHA', null, null, null, 'Diesel forklift with Japan Mitsubishi S6S diesel engine, hydraulic transimission, 4.0M duplex Mast, 1220mm fork, solid tyre', null), ('5794', '161', 'HANGCHA_03_01', 'Jakarta', null, null, null, null, null, null, '1', null, null, 'ELECTRIC STACKER', '25', '1', null, '2018-07-20 23:11:15', '2018-08-07 17:37:10', 'AS COLUMBIA 0006S', 'HC-JKT-HCIE2018A045-1158', 'CDD16-AC1S', 'J1AH01887', '01DA03913', '', 'HANGCHA', 'test', null, null, 'Max. fork height 3000 mm, Battery 24V / 340Ah, ', null), ('5795', '161', 'HANGCHA_03_01', 'Jakarta', null, null, null, null, null, null, '1', null, null, 'ELECTRIC STACKER', '25', '1', null, '2018-07-20 23:11:15', '2018-08-07 17:37:11', 'AS COLUMBIA 0006S', 'HC-JKT-HCIE2018A045-1158', 'CDD16-AC1S', 'J1AH01888', '01DA03917', '', 'HANGCHA', null, null, null, '3-stage mast4500 mm, Battery 24V / 340Ah, 1150*680 forks', null), ('5796', '161', 'HANGCHA_03_01', 'Jakarta', null, null, null, null, null, null, '1', null, null, 'SCISSOR LIFT', '25', '1', null, '2018-07-20 23:11:15', '2018-08-07 17:37:13', 'AS COLUMBIA 0006S', 'HC-JKT-HCIE2018A045-1158', 'HLT10', 'G18013105', '0', '', 'HANGCHA', null, null, null, 'Minimum fork height 85 mm, Maximum fork height 800 mm, Fork length 1150 mm & Out side fork width 680 mm', null), ('5797', '161', 'HANGCHA_03_01', 'Jakarta', null, null, null, null, null, null, '1', null, null, 'SCISSOR LIFT', '25', '1', null, '2018-07-20 23:11:15', '2018-08-07 17:37:15', 'AS COLUMBIA 0006S', 'HC-JKT-HCIE2018A045-1158', 'HLT10', 'G18013106', '0', '', 'HANGCHA', null, null, null, 'Minimum fork height 85 mm, Maximum fork height 800 mm, Fork length 1150 mm & Out side fork width 680 mm', null), ('5798', '161', 'HANGCHA_03_01', 'Jakarta', null, null, null, null, null, null, '1', null, null, 'SCISSOR LIFT', '25', '1', null, '2018-07-20 23:11:15', '2018-08-07 17:37:18', 'AS COLUMBIA 0006S', 'HC-JKT-HCIE2018A045-1158', 'HLT10', 'G18013107', '0', '', 'HANGCHA', null, null, null, 'Minimum fork height 85 mm, Maximum fork height 800 mm, Fork length 1150 mm & Out side fork width 680 mm', null), ('5799', '161', 'HANGCHA_03_01', 'Jakarta', null, null, null, null, null, null, '1', null, null, 'SCISSOR LIFT', '25', '1', null, '2018-07-20 23:11:15', '2018-08-07 17:37:20', 'AS COLUMBIA 0006S', 'HC-JKT-HCIE2018A045-1158', 'HLT10', 'G18013108', '0', '', 'HANGCHA', null, null, null, 'Minimum fork height 85 mm, Maximum fork height 800 mm, Fork length 1150 mm & Out side fork width 680 mm', null), ('5800', '161', 'HANGCHA_03_01', 'Jakarta', null, null, null, null, null, null, '1', null, null, 'SCISSOR LIFT', '25', '1', null, '2018-07-20 23:11:15', '2018-08-07 17:37:22', 'AS COLUMBIA 0006S', 'HC-JKT-HCIE2018A045-1158', 'HLT10', 'G18013109', '0', '', 'HANGCHA', null, null, null, 'Minimum fork height 85 mm, Maximum fork height 800 mm, Fork length 1150 mm & Out side fork width 680 mm', null), ('5801', '161', 'HANGCHA_03_01', 'Jakarta', null, null, null, null, null, null, '1', null, null, 'SCISSOR LIFT', '25', '1', null, '2018-07-20 23:11:15', '2018-08-07 17:37:24', 'AS COLUMBIA 0006S', 'HC-JKT-HCIE2018A045-1158', 'HLT10', 'G18013110', '0', '', 'HANGCHA', null, null, null, 'Minimum fork height 85 mm, Maximum fork height 800 mm, Fork length 1150 mm & Out side fork width 680 mm', null), ('5802', '161', 'HANGCHA_03_01', 'Jakarta', null, null, null, null, null, null, '1', null, null, 'SCISSOR LIFT', '25', '1', null, '2018-07-20 23:11:15', '2018-08-07 17:37:26', 'AS COLUMBIA 0006S', 'HC-JKT-HCIE2018A045-1158', 'HLT10', 'G18013111', '0', '', 'HANGCHA', null, null, null, 'Minimum fork height 85 mm, Maximum fork height 800 mm, Fork length 1150 mm & Out side fork width 680 mm', null), ('5803', '161', 'HANGCHA_03_01', 'Jakarta', null, null, null, null, null, null, '1', null, null, 'SCISSOR LIFT', '25', '1', null, '2018-07-20 23:11:15', '2018-08-07 17:37:28', 'AS COLUMBIA 0006S', 'HC-JKT-HCIE2018A045-1158', 'HLT10', 'G18013112', '0', '', 'HANGCHA', null, null, null, 'Minimum fork height 85 mm, Maximum fork height 800 mm, Fork length 1150 mm & Out side fork width 680 mm', null), ('5804', '161', 'HANGCHA_03_01', 'Jakarta', null, null, null, null, null, null, '1', null, null, 'SCISSOR LIFT', '25', '1', null, '2018-07-20 23:11:15', '2018-08-07 17:37:30', 'AS COLUMBIA 0006S', 'HC-JKT-HCIE2018A045-1158', 'HLT10', 'G18013113', '0', '', 'HANGCHA', null, null, null, 'Minimum fork height 85 mm, Maximum fork height 800 mm, Fork length 1150 mm & Out side fork width 680 mm', null), ('5805', '161', 'HANGCHA_03_01', 'Jakarta', null, null, null, null, null, null, '1', null, null, 'SCISSOR LIFT', '25', '1', null, '2018-07-20 23:11:15', '2018-08-07 17:37:34', 'AS COLUMBIA 0006S', 'HC-JKT-HCIE2018A045-1158', 'HLT10', 'G18013114', '0', '', 'HANGCHA', null, null, null, 'Minimum fork height 85 mm, Maximum fork height 800 mm, Fork length 1150 mm & Out side fork width 680 mm', null), ('5806', '162', 'LONKING_01_01', 'Jakarta', null, null, null, null, null, null, '1', null, null, 'Wheel loader', null, '0', null, '2018-09-03 13:01:18', '2018-09-03 13:01:18', 'SEASPAN FELIXSTOW 007S', 'SC2017-01879', 'ZL50C ', 'LSH050NCPIA100365', '1217K007973', 'LSH050NCPIA100365', 'LONKING', null, null, null, '1. Weichai WD10G220E21\n2. LONKING gearbox (pneumatic control chuck brake) & Lonking Bridge\n3. Second valve & pipe, no MP3\n4. Standard air conditioning, mechanical and electrical equipment\n5. Bucket capacity (3.0m³)', null), ('5807', '162', 'LONKING_01_01', 'Jakarta', null, null, null, null, null, null, '1', null, null, 'Wheel loader', null, '0', null, '2018-09-03 13:01:18', '2018-09-03 13:01:18', 'SEASPAN FELIXSTOW 007S', 'SC2017-01879', 'ZL50C ', 'LSH050NCTIA100364', '1217K007983', 'LSH050NCTIA100364', 'LONKING', null, null, null, '1. Weichai WD10G220E21\n2. LONKING gearbox (pneumatic control chuck brake) & Lonking Bridge\n3. Second valve & pipe, no MP3\n4. Standard air conditioning, mechanical and electrical equipment\n5. Bucket capacity (3.0m³)', null), ('5808', '162', 'LONKING_01_01', 'Jakarta', null, null, null, null, null, null, '1', null, null, 'Wheel loader', null, '0', null, '2018-09-03 13:01:18', '2018-09-03 13:01:18', 'SEASPAN FELIXSTOW 007S', 'SC2017-01879', 'ZL50C ', 'LSH050NCLIA100181', '1217K007968', 'LSH050NCLIA100181', 'LONKING', null, null, null, '1. Weichai WD10G220E21\n2. LONKING gearbox (pneumatic control chuck brake) & Lonking Bridge\n3. Second valve & pipe, no MP3\n4. Standard air conditioning, mechanical and electrical equipment\n5. Bucket capacity (3.0m³)', null), ('5809', '162', 'LONKING_01_01', 'Jakarta', null, null, null, null, null, null, '1', null, null, 'Wheel loader', null, '0', null, '2018-09-03 13:01:18', '2018-09-03 13:01:18', 'SEASPAN FELIXSTOW 007S', 'SC2017-01879', 'ZL50C ', 'LSH050NCAIA100180', '1217K007981', 'LSH050NCAIA100180', 'LONKING', null, null, null, '1. Weichai WD10G220E21\n2. LONKING gearbox (pneumatic control chuck brake) & Lonking Bridge\n3. Second valve & pipe, no MP3\n4. Standard air conditioning, mechanical and electrical equipment\n5. Bucket capacity (3.0m³)', null), ('5810', '162', 'LONKING_01_01', 'Jakarta', null, null, null, null, null, null, '1', null, null, 'Wheel loader', null, '0', null, '2018-09-03 13:01:18', '2018-09-03 13:01:18', 'SEASPAN FELIXSTOW 007S', 'SC2017-01879', 'ZL50C ', 'LSH050NCHIA100179', '1217K007966', 'LSH050NCHIA100179', 'LONKING', null, null, null, '1. Weichai WD10G220E21\n2. LONKING gearbox (pneumatic control chuck brake) & Lonking Bridge\n3. Second valve & pipe, no MP3\n4. Standard air conditioning, mechanical and electrical equipment\n5. Bucket capacity (3.0m³)', null), ('5811', '163', 'LONKING_01_02', 'Jakarta', null, null, null, null, null, null, '1', null, null, 'Wheel Loader', null, '0', null, '2018-09-03 13:02:21', '2018-09-03 13:02:21', 'SEASPAN FELIXSTOW 007S', 'SC2017-01879/01880', 'ZL50C ', 'LSH050NCAIA100177', '1217K007979', 'LSH050NCAIA100177', 'LONKING', null, null, null, '1. Weichai WD10G220E21\n2. LONKING gearbox (pneumatic control chuck brake) & Lonking Bridge\n3. Second valve & pipe, no MP3\n4. Standard air conditioning, mechanical and electrical equipment\n5. Bucket capacity (3.0m³)', null), ('5812', '163', 'LONKING_01_02', 'Jakarta', null, null, null, null, null, null, '1', null, null, 'Wheel Loader', null, '0', null, '2018-09-03 13:02:21', '2018-09-03 13:02:21', 'SEASPAN FELIXSTOW 007S', 'SC2017-01879/01880', 'ZL50C ', 'LSH050NCLIA100178', '1217K007980', 'LSH050NCLIA100178', 'LONKING', null, null, null, '1. Weichai WD10G220E21\n2. LONKING gearbox (pneumatic control chuck brake) & Lonking Bridge\n3. Second valve & pipe, no MP3\n4. Standard air conditioning, mechanical and electrical equipment\n5. Bucket capacity (3.0m³)', null), ('5813', '163', 'LONKING_01_02', 'Jakarta', null, null, null, null, null, null, '1', null, null, 'Wheel Loader', null, '0', null, '2018-09-03 13:02:21', '2018-09-03 13:02:21', 'SEASPAN FELIXSTOW 007S', 'SC2017-01879/01880', 'ZL50C ', 'LSH050NCLIA100262', '1217K007975', 'LSH050NCLIA100262', 'LONKING', null, null, null, '1. Weichai WD10G220E21\n2. LONKING gearbox (pneumatic control chuck brake) & Lonking Bridge\n3. Second valve & pipe, no MP3\n4. Standard air conditioning, mechanical and electrical equipment\n5. Bucket capacity (3.0m³)', null), ('5814', '163', 'LONKING_01_02', 'Jakarta', null, null, null, null, null, null, '1', null, null, 'Wheel Loader', null, '0', null, '2018-09-03 13:02:21', '2018-09-03 13:02:21', 'SEASPAN FELIXSTOW 007S', 'SC2017-01879/01880', 'ZL50C ', 'LSH050NCHIA100313', '1217K007967', 'LSH050NCHIA100313', 'LONKING', null, null, null, '1. Weichai WD10G220E21\n2. LONKING gearbox (pneumatic control chuck brake) & Lonking Bridge\n3. Second valve & pipe, no MP3\n4. Standard air conditioning, mechanical and electrical equipment\n5. Bucket capacity (3.0m³)', null);
INSERT INTO `iel_entry_detail` VALUES ('5815', '163', 'LONKING_01_02', 'Jakarta', null, null, null, null, null, null, '1', null, null, 'Wheel Loader', null, '0', null, '2018-09-03 13:02:21', '2018-09-03 13:02:21', 'SEASPAN FELIXSTOW 007S', 'SC2017-01879/01880', 'ZL50C ', 'LSH050NCHIA100263', '1217K007835', 'LSH050NCHIA100263', 'LONKING', null, null, null, '1. Weichai WD10G220E21\n2. LONKING gearbox (pneumatic control chuck brake) & Lonking Bridge\n3. Second valve & pipe, no MP3\n4. Standard air conditioning, mechanical and electrical equipment\n5. Bucket capacity (3.0m³)', null), ('5816', '165', 'LONKING_02_01', 'Surabaya', null, null, null, null, null, null, '1', null, null, 'WHEEL LOADER', null, '0', null, '2018-09-03 13:03:05', '2018-09-03 13:03:05', 'CAPE MAGNUS 1804S', 'SC2017-01518', 'LG855N', 'LSH0855NLHAB09076', '1217J006800', 'LSH0855NLHAB09076', 'LONKING', null, null, null, '1. Weichai WD10G220E21\n2. LONKING gearbox (soft shaft clamp brake) &Lonking Bridge\n3. Soft shaft operation control\n4. Second valve & pipe\n5. Air conditioning, mechanical instrument\"', null), ('5817', '165', 'LONKING_02_01', 'Surabaya', null, null, null, null, null, null, '1', null, null, 'WHEEL LOADER', null, '0', null, '2018-09-03 13:03:05', '2018-09-03 13:03:05', 'CAPE MAGNUS 1804S', 'SC2017-01518', 'LG855N', 'LSH0855NJHAB09220', '1217K007701', 'LSH0855NJHAB09220', 'LONKING', null, null, null, '1. Weichai WD10G220E21\n2. LONKING gearbox (soft shaft clamp brake) &Lonking Bridge\n3. Soft shaft operation control\n4. Second valve & pipe\n5. Air conditioning, mechanical instrument\"', null), ('5818', '165', 'LONKING_02_01', 'Surabaya', null, null, null, null, null, null, '1', null, null, 'WHEEL LOADER', null, '0', null, '2018-09-03 13:03:05', '2018-09-03 13:03:05', 'CAPE MAGNUS 1804S', 'SC2017-01518', 'LG855N', 'LSH0855NVHAB09074', '1217J006799', 'LSH0855NVHAB09074', 'LONKING', null, null, null, '1. Weichai WD10G220E21\n2. LONKING gearbox (soft shaft clamp brake) &Lonking Bridge\n3. Soft shaft operation control\n4. Second valve & pipe\n5. Air conditioning, mechanical instrument\"', null), ('5819', '166', 'LONKING_02_02', 'Surabaya', null, null, null, null, null, null, '1', null, null, 'WHEEL LOADER', '26', '0', null, '2018-09-03 13:03:25', '2018-09-04 16:49:06', 'CAPE MAGNUS 1804S', 'SC2017-01518', 'ZL50C', 'LSH050NCVHAB09036', '1217J006816', 'LSH050NCVHAB09036', 'LONKING', null, null, null, '1. Weichai WD10G220E21\n2. LONKING gearbox (pneumatic control chuck brake) & Lonking Bridge\n3. Second valve & pipe, no MP3\n4. Standard air conditioning, mechanical and electrical equipment\n5. Bucket capacity (3.0m³)', null), ('5820', '166', 'LONKING_02_02', 'Surabaya', null, null, null, null, null, null, '1', null, null, 'WHEEL LOADER', '25', '0', null, '2018-09-03 13:03:25', '2018-09-04 16:49:00', 'CAPE MAGNUS 1804S', 'SC2017-01518', 'ZL50C', 'LSH050NCLHAB09038', '1217J007063', 'LSH050NCLHAB09038', 'LONKING', null, null, null, '1. Weichai WD10G220E21\n2. LONKING gearbox (pneumatic control chuck brake) & Lonking Bridge\n3. Second valve & pipe, no MP3\n4. Standard air conditioning, mechanical and electrical equipment\n5. Bucket capacity (3.0m³)', null), ('5821', '166', 'LONKING_02_02', 'Surabaya', null, null, null, null, null, null, '1', null, null, 'WHEEL LOADER', '25', '0', null, '2018-09-03 13:03:25', '2018-09-04 16:49:02', 'CAPE MAGNUS 1804S', 'SC2017-01518', 'LG855N', 'LSH0833NJHAB08978', '6P17S038572', 'LSH0833NJHAB08978', 'LONKING', null, null, null, '1. Weichai WD10G220E21\n2. LONKING gearbox (soft shaft clamp brake) &Lonking Bridge\n3. Soft shaft operation control\n4. Second valve & pipe\n5. Air conditioning, mechanical instrument\"', null), ('5822', '166', 'LONKING_02_02', 'Surabaya', null, null, null, null, null, null, '1', null, null, 'WHEEL LOADER', '23', '0', null, '2018-09-03 13:03:25', '2018-09-04 16:49:04', 'CAPE MAGNUS 1804S', 'SC2017-01518', 'LG855N', 'LSH0833NJHAB08978', '6P17S038590', 'LSH0833NJHAB08978', 'LONKING', null, null, null, '1. Weichai WD10G220E21\n2. LONKING gearbox (soft shaft clamp brake) &Lonking Bridge\n3. Soft shaft operation control\n4. Second valve & pipe\n5. Air conditioning, mechanical instrument\"', null), ('5823', '167', 'LONKING_03_01', 'Medan', null, null, null, null, null, null, '1', null, null, 'WHEEL LOADER', null, '0', null, '2018-09-05 10:37:24', '2018-09-05 10:37:24', 'VESSEL TEMP 01', 'LK-MEDAN-CV2018-1262', 'CDM833N', 'LSH0833NVJA100953', '6P18A000717', 'LSH0833NVJA100953', 'LONKING', null, null, null, '1. Engine Type: 4 Stroke, Turbo Charged, Water-Cooled, Direct Injection, Diesel Engine.       2.Bucket Capacity: 1.7 m3                    3.Type: Hydraulic Load Sensing Systems                           4.Service Brake Single Circuit Caliper, Dry Brake.                     5. Standard Equipment: Mechanical Shift Control', null), ('5824', '167', 'LONKING_03_01', 'Medan', null, null, null, null, null, null, '1', null, null, 'WHEEL LOADER', null, '0', null, '2018-09-05 10:37:24', '2018-09-05 10:37:24', 'VESSEL TEMP 01', 'LK-MEDAN-CV2018-1262', 'CDM833N', 'LSH0833NAJA100954', '6P18A000709', 'LSH0833NAJA100954', 'LONKING', null, null, null, '1. Engine Type: 4 Stroke, Turbo Charged, Water-Cooled, Direct Injection, Diesel Engine.       2.Bucket Capacity: 1.7 m3                    3.Type: Hydraulic Load Sensing Systems                           4.Service Brake Single Circuit Caliper, Dry Brake.                     5. Standard Equipment: Mechanical Shift Control', null), ('5825', '168', 'LONKING_03_02', 'Jakarta', null, null, null, null, null, null, '1', null, null, 'WHEEL LOADER', null, '0', null, '2018-09-05 10:40:59', '2018-09-05 10:40:59', 'VESSEL TEMP 02', 'LK-JKT-SC2018-00264-PC2018-0049', 'CDM843N', 'LFJ0843NEJA280037', '6P17L054985', 'LFJ0843NEJA280037', 'LONKING', null, null, null, '1. Engine Type: 4 Stroke, Turbo Charged, Water-Cooled, Direct Injection, Diesel Engine.         2. Bucket Capacity: 2.3 m3              3. Type: Single-lever (Joystick) Control                            4.Service Brake Single Circuit Caliper, Dry Brake.     5.Standard Equipment: Single Lever (Joystick) Control', null), ('5826', '170', 'LONKING_05_02', 'Surabaya', null, null, null, null, null, null, '1', null, null, 'WHEEL LOADER', '26', '1', null, '2018-09-05 10:55:31', '2018-09-05 12:48:28', 'VESSEL TEMP 02', 'LNK-SBY-INLINE1807-3', 'CDM816D', 'LSL0816DKJA380965', 'XA18009023', 'LSL0816DKJA380965', 'LONKING', null, null, null, '1. Engine: Rated Power (kW.hp)/rpm) : 55.(75)/2400.         2.Bucket Capacity: 0.95m3.                                    3. Type: Hydraulic Load Sensor Systems.                              4.Drive Train: Torque Converter; Single-Stage, Single-Turbine, 3-Element.             5.Hydraulic Transmision: Log Grapple (J). ', null), ('5827', '170', 'LONKING_05_02', 'Surabaya', null, null, null, null, null, null, '1', null, null, 'WHEEL LOADER', '26', '1', null, '2018-09-05 10:55:31', '2018-09-05 12:48:30', 'VESSEL TEMP 02', 'LNK-SBY-INLINE1807-3', 'CDM816D', 'LSL0816DJJA380966', 'XA18009031', 'LSL0816DJJA380966', 'LONKING', null, null, null, '1. Engine: Rated Power (kW.hp)/rpm) : 55.(75)/2400.         2.Bucket Capacity: 0.95m3.                                    3. Type: Hydraulic Load Sensor Systems.                              4.Drive Train: Torque Converter; Single-Stage, Single-Turbine, 3-Element.             5.Hydraulic Transmision: Log Grapple (J). ', null), ('5828', '170', 'LONKING_05_02', 'Surabaya', null, null, null, null, null, null, '1', null, null, 'WHEEL LOADER', '26', '1', null, '2018-09-05 10:55:31', '2018-09-05 12:48:33', 'VESSEL TEMP 02', 'LNK-SBY-INLINE1807-3', 'CDM816D', 'LSL0816DCJA380970', 'XA18010464', 'LSL0816DCJA380970', 'LONKING', null, null, null, '1. Engine: Rated Power (kW.hp)/rpm) : 55.(75)/2400.         2.Bucket Capacity: 0.95m3.                                    3. Type: Hydraulic Load Sensor Systems.                              4.Drive Train: Torque Converter; Single-Stage, Single-Turbine, 3-Element.             5.Hydraulic Transmision: Log Grapple (J). ', null), ('5829', '170', 'LONKING_05_02', 'Surabaya', null, null, null, null, null, null, '1', null, null, 'WHEEL LOADER', '26', '1', null, '2018-09-05 10:55:31', '2018-09-05 12:48:35', 'VESSEL TEMP 02', 'LNK-SBY-INLINE1807-3', 'CDM816D', 'LSL0816DVJA380971', 'XA18010469', 'LSL0816DVJA380971', 'LONKING', null, null, null, '1. Engine: Rated Power (kW.hp)/rpm) : 55.(75)/2400.         2.Bucket Capacity: 0.95m3.                                    3. Type: Hydraulic Load Sensor Systems.                              4.Drive Train: Torque Converter; Single-Stage, Single-Turbine, 3-Element.             5.Hydraulic Transmision: Log Grapple (J). ', null), ('5830', '170', 'LONKING_05_02', 'Surabaya', null, null, null, null, null, null, '1', null, null, 'WHEEL LOADER', '26', '1', null, '2018-09-05 10:55:31', '2018-09-05 12:48:36', 'VESSEL TEMP 02', 'LNK-SBY-INLINE1807-3', 'CDM833N', 'LSH0833NJJA201583', '6P17K049596', 'LSH0833NJJA201583', 'LONKING', null, null, null, '1. Engine Type: 4 Stroke, Turbo Charged, Water-Cooled, Direct Injection, Diesel Engine.       2.Bucket Capacity: 1.7 m3                    3.Type: Hydraulic Load Sensing Systems                           4.Service Brake Single Circuit Caliper, Dry Brake.                     5. Standard Equipment: Mechanical Shift Control', null), ('5831', '170', 'LONKING_05_02', 'Surabaya', null, null, null, null, null, null, '1', null, null, 'WHEEL LOADER', '26', '1', null, '2018-09-05 10:55:31', '2018-09-05 12:48:38', 'VESSEL TEMP 02', 'LNK-SBY-INLINE1807-3', 'CDM833N', 'LSH0833NKJA201629', '6P17K050228', 'LSH0833NKJA201629', 'LONKING', null, null, null, '1. Engine Type: 4 Stroke, Turbo Charged, Water-Cooled, Direct Injection, Diesel Engine.       2.Bucket Capacity: 1.7 m3                    3.Type: Hydraulic Load Sensing Systems                           4.Service Brake Single Circuit Caliper, Dry Brake.                     5. Standard Equipment: Mechanical Shift Control', null), ('5832', '171', 'LONKING_04_01', 'Makassar', null, null, null, null, null, null, '1', null, null, 'WHEEL LOADER', null, '0', null, '2018-09-05 12:35:01', '2018-09-05 12:35:01', 'VESSEL TEMP 05', 'LK-MKSR-SC2017-01852', 'CDM833N', 'LSH0833NCJA201626', '6P17K049605', 'LSH0833NCJA201626', 'LONKING', null, null, null, '1. Engine Type: 4 Stroke, Turbo Charged, Water-Cooled, Direct Injection, Diesel Engine.       2.Bucket Capacity: 1.7 m3                    3.Type: Hydraulic Load Sensing Systems                           4.Service Brake Single Circuit Caliper, Dry Brake.                     5. Standard Equipment: Mechanical Shift Control', null), ('5833', '173', 'LONKING_05_01', 'Jakarta', null, null, null, null, null, null, '1', null, null, 'WHEEL LOADER', null, '0', null, '2018-09-05 12:35:56', '2018-09-05 12:35:56', 'VESSEL TEMP 01', 'LNK-JKT-INLINE1806', 'CDM816D', 'LSL0816DPJA381015', 'XA18009032', 'LSL0816DPJA381015', 'LONKING', null, null, null, '1. Engine: Rated Power (kW.hp)/rpm) : 55.(75)/2400.         2.Bucket Capacity: 0.95m3.                                    3. Type: Hydraulic Load Sensor Systems.                              4.Drive Train: Torque Converter; Single-Stage, Single-Turbine, 3-Element.             5.Hydraulic Transmision: Log Grapple (J). ', null), ('5834', '173', 'LONKING_05_01', 'Jakarta', null, null, null, null, null, null, '1', null, null, 'WHEEL LOADER', null, '0', null, '2018-09-05 12:35:56', '2018-09-05 12:35:56', 'VESSEL TEMP 01', 'LNK-JKT-INLINE1806', 'CDM816D', 'LSL0816DJJA381017', 'XA18009033', 'LSL0816DJJA381017', 'LONKING', null, null, null, '1. Engine: Rated Power (kW.hp)/rpm) : 55.(75)/2400.         2.Bucket Capacity: 0.95m3.                                    3. Type: Hydraulic Load Sensor Systems.                              4.Drive Train: Torque Converter; Single-Stage, Single-Turbine, 3-Element.             5.Hydraulic Transmision: Log Grapple (J). ', null), ('5835', '173', 'LONKING_05_01', 'Jakarta', null, null, null, null, null, null, '1', null, null, 'WHEEL LOADER', null, '0', null, '2018-09-05 12:35:56', '2018-09-05 12:35:56', 'VESSEL TEMP 01', 'LNK-JKT-INLINE1806', 'CDM816D', 'LSL0816DKJA381016', 'XA18009036', 'LSL0816DKJA381016', 'LONKING', null, null, null, '1. Engine: Rated Power (kW.hp)/rpm) : 55.(75)/2400.         2.Bucket Capacity: 0.95m3.                                    3. Type: Hydraulic Load Sensor Systems.                              4.Drive Train: Torque Converter; Single-Stage, Single-Turbine, 3-Element.             5.Hydraulic Transmision: Log Grapple (J). ', null), ('5836', '173', 'LONKING_05_01', 'Jakarta', null, null, null, null, null, null, '1', null, null, 'WHEEL LOADER', null, '0', null, '2018-09-05 12:35:56', '2018-09-05 12:35:56', 'VESSEL TEMP 01', 'LNK-JKT-INLINE1806', 'CDM833N', 'LSH0833NTJA201627', '6P17K050020', 'LSH0833NTJA201627', 'LONKING', null, null, null, '1. Engine Type: 4 Stroke, Turbo Charged, Water-Cooled, Direct Injection, Diesel Engine.       2.Bucket Capacity: 1.7 m3                    3.Type: Hydraulic Load Sensing Systems                           4.Service Brake Single Circuit Caliper, Dry Brake.                     5. Standard Equipment: Mechanical Shift Control', null), ('5837', '173', 'LONKING_05_01', 'Jakarta', null, null, null, null, null, null, '1', null, null, 'WHEEL LOADER', null, '0', null, '2018-09-05 12:35:56', '2018-09-05 12:35:56', 'VESSEL TEMP 01', 'LNK-JKT-INLINE1806', 'ZL50NC', 'LSH05NCPJA302461', '1218A000807', 'LSH05NCPJA302461', 'LONKING', null, null, null, '1. Weichai WD10G220E21\n2. LONKING gearbox (pneumatic control chuck brake) & Lonking Bridge\n3. Second valve & pipe, no MP3\n4. Standard air conditioning, mechanical and electrical equipment\n5. Bucket capacity (3.0m³)', null), ('5838', '174', 'LONKING_05_03', 'Surabaya', null, null, null, null, null, null, '1', null, null, 'WHEEL LOADER', null, '0', null, '2018-09-05 12:36:40', '2018-09-05 12:36:40', 'VESSEL TEMP 03', 'LNK-SBY-INLINE1807-1', 'CDM816D', 'LSL0816DAJA380972', 'XA18010466', 'LSL0816DAJA380972', 'LONKING', null, null, null, '1. Engine: Rated Power (kW.hp)/rpm) : 55.(75)/2400.         2.Bucket Capacity: 0.95m3.                                    3. Type: Hydraulic Load Sensor Systems.                              4.Drive Train: Torque Converter; Single-Stage, Single-Turbine, 3-Element.             5.Hydraulic Transmision: Log Grapple (J). ', null), ('5839', '174', 'LONKING_05_03', 'Surabaya', null, null, null, null, null, null, '1', null, null, 'WHEEL LOADER', null, '0', null, '2018-09-05 12:36:40', '2018-09-05 12:36:40', 'VESSEL TEMP 03', 'LNK-SBY-INLINE1807-1', 'LG833N', 'LSH0833NKJA101208', '6P17K049601', 'LSH0833NKJA101208', 'LONKING', null, null, null, '1. Engine Type: 4 Stroke, Turbo Charged, Water-Cooled, Direct Injection, Diesel Engine.         2. Bucket Capacity: 1.7 m3              3. Type: Hydraulic Load Sensing Systems            4.Service Brake Single Circuit Caliper, Dry Brake.     5.Standard Equipment: Mechanical Shift Control', null), ('5840', '174', 'LONKING_05_03', 'Surabaya', null, null, null, null, null, null, '1', null, null, 'WHEEL LOADER', null, '0', null, '2018-09-05 12:36:40', '2018-09-05 12:36:40', 'VESSEL TEMP 03', 'LNK-SBY-INLINE1807-1', 'LG833N', 'LSH0833NPJA303249', '6P18C013293', 'LSH0833NPJA303249', 'LONKING', null, null, null, '1. Engine Type: 4 Stroke, Turbo Charged, Water-Cooled, Direct Injection, Diesel Engine.         2. Bucket Capacity: 1.7 m3              3. Type: Hydraulic Load Sensing Systems            4.Service Brake Single Circuit Caliper, Dry Brake.     5.Standard Equipment: Mechanical Shift Control', null), ('5841', '174', 'LONKING_05_03', 'Surabaya', null, null, null, null, null, null, '1', null, null, 'WHEEL LOADER', null, '0', null, '2018-09-05 12:36:40', '2018-09-05 12:36:40', 'VESSEL TEMP 03', 'LNK-SBY-INLINE1807-1', 'CDM833N', 'LSH0833NPJA201628', '6P17K049592', 'LSH0833NPJA201628', 'LONKING', null, null, null, '1. Engine Type: 4 Stroke, Turbo Charged, Water-Cooled, Direct Injection, Diesel Engine.       2.Bucket Capacity: 1.7 m3                    3.Type: Hydraulic Load Sensing Systems                           4.Service Brake Single Circuit Caliper, Dry Brake.                     5. Standard Equipment: Mechanical Shift Control', null), ('5842', '174', 'LONKING_05_03', 'Surabaya', null, null, null, null, null, null, '1', null, null, 'WHEEL LOADER', null, '0', null, '2018-09-05 12:36:40', '2018-09-05 12:36:40', 'VESSEL TEMP 03', 'LNK-SBY-INLINE1807-1', 'CDM833N', 'LSH0833NTJA201630', '6P17K049593', 'LSH0833NTJA201630', 'LONKING', null, null, null, '1. Engine Type: 4 Stroke, Turbo Charged, Water-Cooled, Direct Injection, Diesel Engine.       2.Bucket Capacity: 1.7 m3                    3.Type: Hydraulic Load Sensing Systems                           4.Service Brake Single Circuit Caliper, Dry Brake.                     5. Standard Equipment: Mechanical Shift Control', null), ('5843', '175', 'LONKING_05_04', 'Surabaya', null, null, null, null, null, null, '1', null, null, 'WHEEL LOADER', null, '0', null, '2018-09-05 12:36:58', '2018-09-05 12:36:58', 'VESSEL TEMP 04', 'LNK-SBY-INLINE1807-2', 'LG855N', 'LSH0855NCJA302552', '1218A000798', 'LSH0855NCJA302552', 'LONKING', null, null, null, '1. Weichai WD10G220E21\n2. LONKING gearbox (soft shaft clamp brake) &Lonking Bridge\n3. Soft shaft operation control\n4. Second valve & pipe\n5. Air conditioning, mechanical instrument\"', null), ('5844', '175', 'LONKING_05_04', 'Surabaya', null, null, null, null, null, null, '1', null, null, 'WHEEL LOADER', null, '0', null, '2018-09-05 12:36:58', '2018-09-05 12:36:58', 'VESSEL TEMP 04', 'LNK-SBY-INLINE1807-2', 'LG855N', 'LSH0855NJJA302551', '1218A000943', 'LSH0855NJJA302551', 'LONKING', null, null, null, '1. Weichai WD10G220E21\n2. LONKING gearbox (soft shaft clamp brake) &Lonking Bridge\n3. Soft shaft operation control\n4. Second valve & pipe\n5. Air conditioning, mechanical instrument\"', null), ('5845', '175', 'LONKING_05_04', 'Surabaya', null, null, null, null, null, null, '1', null, null, 'WHEEL LOADER', null, '0', null, '2018-09-05 12:36:58', '2018-09-05 12:36:58', 'VESSEL TEMP 04', 'LNK-SBY-INLINE1807-2', 'ZL50NC', 'LSH050NCJJA302463', '1218A000794', 'LSH050NCJJA302463', 'LONKING', null, null, null, '1. Weichai WD10G220E21\n2. LONKING gearbox (pneumatic control chuck brake) & Lonking Bridge\n3. Second valve & pipe, no MP3\n4. Standard air conditioning, mechanical and electrical equipment\n5. Bucket capacity (3.0m³)', null), ('5846', '175', 'LONKING_05_04', 'Surabaya', null, null, null, null, null, null, '1', null, null, 'WHEEL LOADER', null, '0', null, '2018-09-05 12:36:58', '2018-09-05 12:36:58', 'VESSEL TEMP 04', 'LNK-SBY-INLINE1807-2', 'ZL50NC', 'LSH050NCKJA302462', '1218A000812', 'LSH050NCKJA302462', 'LONKING', null, null, null, '1. Weichai WD10G220E21\n2. LONKING gearbox (pneumatic control chuck brake) & Lonking Bridge\n3. Second valve & pipe, no MP3\n4. Standard air conditioning, mechanical and electrical equipment\n5. Bucket capacity (3.0m³)', null), ('5847', '176', 'LONKING_02_06', 'Morowali', null, null, null, null, null, null, '1', null, null, 'WHEEL LOADER', null, '0', null, '2018-09-05 12:37:23', '2018-09-05 12:37:23', 'VESSEL TEMP 06', 'SC2018-00162', 'LG855N', 'LSH0855NVHAB09222', '1217J006811', 'LSH0855NVHAB09222', 'LONKING', null, null, null, '1. Weichai WD10G220E21\n2. LONKING gearbox (soft shaft clamp brake) &Lonking Bridge\n3. Soft shaft operation control\n4. Second valve & pipe\n5. Air conditioning, mechanical instrument\"', null), ('5848', '177', 'LONKING_08_01', 'Jakarta', null, null, null, null, null, null, '1', null, null, 'WHEEL LOADER', null, '0', null, '2018-09-05 12:37:45', '2018-09-05 12:37:45', 'VESSEL TEMP 01', 'LKG-JKT-SC2018-01012', 'CDM816D', 'LSL0816DCJA381142', 'XA17009016', 'LSL0816DCJA381142', 'LONKING', null, null, null, '1. Engine: Rated Power (kW.hp)/rpm) : 55.(75)/2400.         2.Bucket Capacity: 0.95m3.                                    3. Type: Hydraulic Load Sensor Systems.                              4.Drive Train: Torque Converter; Single-Stage, Single-Turbine, 3-Element.             5.Hydraulic Transmision: Log Grapple (J). ', null), ('5849', '177', 'LONKING_08_01', 'Jakarta', null, null, null, null, null, null, '1', null, null, 'WHEEL LOADER', null, '0', null, '2018-09-05 12:37:45', '2018-09-05 12:37:45', 'VESSEL TEMP 01', 'LKG-JKT-SC2018-01012', 'CDM816D', 'LSL0816DPJA381144', 'XA18010471', 'LSL0816DPJA381144', 'LONKING', null, null, null, '1. Engine: Rated Power (kW.hp)/rpm) : 55.(75)/2400.         2.Bucket Capacity: 0.95m3.                                    3. Type: Hydraulic Load Sensor Systems.                              4.Drive Train: Torque Converter; Single-Stage, Single-Turbine, 3-Element.             5.Hydraulic Transmision: Log Grapple (J). ', null), ('5850', '178', 'LONKING_08_02', 'Jakarta', null, null, null, null, null, null, '1', null, null, 'WHEEL LOADER', null, '0', null, '2018-09-05 12:37:54', '2018-09-05 12:37:54', 'VESSEL TEMP 02', 'LKG-JKT-SC2018-01012', 'CDM816D', 'LSL0816DKJA381145', 'XA18010462', 'LSL0816DKJA381145', 'LONKING', null, null, null, '1. Engine: Rated Power (kW.hp)/rpm) : 55.(75)/2400.         2.Bucket Capacity: 0.95m3.                                    3. Type: Hydraulic Load Sensor Systems.                              4.Drive Train: Torque Converter; Single-Stage, Single-Turbine, 3-Element.             5.Hydraulic Transmision: Log Grapple (J). ', null), ('5851', '178', 'LONKING_08_02', 'Jakarta', null, null, null, null, null, null, '1', null, null, 'WHEEL LOADER', null, '0', null, '2018-09-05 12:37:54', '2018-09-05 12:37:54', 'VESSEL TEMP 02', 'LKG-JKT-SC2018-01012', 'CDM816D', 'LSL0816DEJA381138', 'XA1705989', 'LSL0816DEJA381138', 'LONKING', null, null, null, '1. Engine: Rated Power (kW.hp)/rpm) : 55.(75)/2400.         2.Bucket Capacity: 0.95m3.                                    3. Type: Hydraulic Load Sensor Systems.                              4.Drive Train: Torque Converter; Single-Stage, Single-Turbine, 3-Element.             5.Hydraulic Transmision: Log Grapple (J). ', null), ('5852', '179', 'INLINE 17', 'BAHODOPI', null, null, null, null, null, null, '1', null, null, 'WHEEL LOADER', null, '0', null, '2018-09-05 17:39:00', '2018-09-05 17:39:00', 'GRAND TAJIAM ONE/GT1801', '', 'LW500FN标配', 'XUG0500FCJCB09708', '1218E005410', '', 'XCMG', null, null, null, '', null), ('5853', '179', 'INLINE 17', 'BAHODOPI', null, null, null, null, null, null, '1', null, null, 'WHEEL LOADER', null, '0', null, '2018-09-05 17:39:00', '2018-09-05 17:39:00', 'GRAND TAJIAM ONE/GT1801', '', 'LW500FN标配', 'XUG0500FTJCB09709', '1218E005321', '', 'XCMG', null, null, null, '', null), ('5854', '179', 'INLINE 17', 'BAHODOPI', null, null, null, null, null, null, '1', null, null, 'WHEEL LOADER', null, '0', null, '2018-09-05 17:39:00', '2018-09-05 17:39:00', 'GRAND TAJIAM ONE/GT1801', '', 'LW500FN标配', 'XUG0500FEJCB09710', '1218E005318', '', 'XCMG', null, null, null, '', null), ('5855', '179', 'INLINE 17', 'BAHODOPI', null, null, null, null, null, null, '1', null, null, 'WHEEL LOADER', null, '0', null, '2018-09-05 17:39:00', '2018-09-05 17:39:00', 'GRAND TAJIAM ONE/GT1801', '', 'LW500FN标配', 'XUG0500FCJCB09649', '1218E005322', '', 'XCMG', null, null, null, '', null), ('5856', '179', 'INLINE 17', 'BAHODOPI', null, null, null, null, null, null, '1', null, null, 'WHEEL LOADER', null, '0', null, '2018-09-05 17:39:00', '2018-09-05 17:39:00', 'GRAND TAJIAM ONE/GT1801', '', 'LW500FN标配', 'XUG0500FCJCB09711', '1218E005412', '', 'XCMG', null, null, null, '', null), ('5857', '179', 'INLINE 17', 'BAHODOPI', null, null, null, null, null, null, '1', null, null, 'WHEEL LOADER', null, '0', null, '2018-09-05 17:39:00', '2018-09-05 17:39:00', 'GRAND TAJIAM ONE/GT1801', '', 'LW500FN标配', 'XUG0500FLJCB09798', '1218E005268', '', 'XCMG', null, null, null, '', null), ('5858', '179', 'INLINE 17', 'BAHODOPI', null, null, null, null, null, null, '1', null, null, 'WHEEL LOADER', null, '0', null, '2018-09-05 17:39:00', '2018-09-05 17:39:00', 'GRAND TAJIAM ONE/GT1801', '', 'LW500FN标配', 'XUG0500FPJCB09856', '1218G006027', '', 'XCMG', null, null, null, '', null), ('5859', '179', 'INLINE 17', 'BAHODOPI', null, null, null, null, null, null, '1', null, null, 'WHEEL LOADER', null, '0', null, '2018-09-05 17:39:00', '2018-09-05 17:39:00', 'GRAND TAJIAM ONE/GT1801', '', 'LW500FN标配', 'XUG0500FCJCB09854', '1218E005317', '', 'XCMG', null, null, null, '', null), ('5860', '179', 'INLINE 17', 'BAHODOPI', null, null, null, null, null, null, '1', null, null, 'WHEEL LOADER', null, '0', null, '2018-09-05 17:39:00', '2018-09-05 17:39:00', 'GRAND TAJIAM ONE/GT1801', '', 'LW500FN标配', 'XUG0500FCJCB09983', '1218G006019', '', 'XCMG', null, null, null, '', null), ('5861', '179', 'INLINE 17', 'BAHODOPI', null, null, null, null, null, null, '1', null, null, 'WHEEL LOADER', null, '0', null, '2018-09-05 17:39:00', '2018-09-05 17:39:00', 'GRAND TAJIAM ONE/GT1801', '', 'LW500FN标配', 'XUG0500FEJCB09853', '1218E005308', '', 'XCMG', null, null, null, '', null), ('5862', '179', 'INLINE 17', 'BAHODOPI', null, null, null, null, null, null, '1', null, null, 'WHEEL LOADER', null, '0', null, '2018-09-05 17:39:00', '2018-09-05 17:39:00', 'GRAND TAJIAM ONE/GT1801', '', 'LW500FN标配', 'XUG0500FLJCB09980', '1218G006022', '', 'XCMG', null, null, null, '', null), ('5863', '179', 'INLINE 17', 'BAHODOPI', null, null, null, null, null, null, '1', null, null, 'WHEEL LOADER', null, '0', null, '2018-09-05 17:39:00', '2018-09-05 17:39:00', 'GRAND TAJIAM ONE/GT1801', '', 'LW500FN标配', 'XUG0500FEJCB09982', '1218G006024', '', 'XCMG', null, null, null, '', null), ('5864', '179', 'INLINE 17', 'BAHODOPI', null, null, null, null, null, null, '1', null, null, 'WHEEL LOADER', null, '0', null, '2018-09-05 17:39:00', '2018-09-05 17:39:00', 'GRAND TAJIAM ONE/GT1801', '', 'LW500FN标配', 'XUG0500FTJCB09855', '1218G006026', '', 'XCMG', null, null, null, '', null), ('5865', '179', 'INLINE 17', 'BAHODOPI', null, null, null, null, null, null, '1', null, null, 'WHEEL LOADER', null, '0', null, '2018-09-05 17:39:00', '2018-09-05 17:39:00', 'GRAND TAJIAM ONE/GT1801', '', 'LW500FN标配', 'XUG0500FCJCB09571', '1218E005307', '', 'XCMG', null, null, null, '', null), ('5866', '179', 'INLINE 17', 'BAHODOPI', null, null, null, null, null, null, '1', null, null, 'WHEEL LOADER', null, '0', null, '2018-09-05 17:39:00', '2018-09-05 17:39:00', 'GRAND TAJIAM ONE/GT1801', '', 'LW500FN标配', 'XUG0500FKJCB09857', '1218G006018', '', 'XCMG', null, null, null, '', null), ('5867', '179', 'INLINE 17', 'BAHODOPI', null, null, null, null, null, null, '1', null, null, 'WHEEL LOADER', null, '0', null, '2018-09-05 17:39:00', '2018-09-05 17:39:00', 'GRAND TAJIAM ONE/GT1801', '', 'LW500FN标配', 'XUG0500FHJCB09978', '1218G006023', '', 'XCMG', null, null, null, '', null), ('5868', '179', 'INLINE 17', 'BAHODOPI', null, null, null, null, null, null, '1', null, null, 'WHEEL LOADER', null, '0', null, '2018-09-05 17:39:00', '2018-09-05 17:39:00', 'GRAND TAJIAM ONE/GT1801', '', 'LW500FN标配', 'XUG0500FHJCB09981', '1218G006021', '', 'XCMG', null, null, null, '', null), ('5869', '179', 'INLINE 17', 'BAHODOPI', null, null, null, null, null, null, '1', null, null, 'WHEEL LOADER', null, '0', null, '2018-09-05 17:39:00', '2018-09-05 17:39:00', 'GRAND TAJIAM ONE/GT1801', '', 'LW500FN标配', 'XUG0500FPJCB10425', '1218G006262', '', 'XCMG', null, null, null, '', null), ('5870', '179', 'INLINE 17', 'BAHODOPI', null, null, null, null, null, null, '1', null, null, 'WHEEL LOADER', null, '0', null, '2018-09-05 17:39:00', '2018-09-05 17:39:00', 'GRAND TAJIAM ONE/GT1801', '', 'LW500FN标配', 'XUG0500FKJCB10426', '1218G006259', '', 'XCMG', null, null, null, '', null), ('5871', '179', 'INLINE 17', 'BAHODOPI', null, null, null, null, null, null, '1', null, null, 'WHEEL LOADER', null, '0', null, '2018-09-05 17:39:00', '2018-09-05 17:39:00', 'GRAND TAJIAM ONE/GT1801', '', 'LW500FN标配', 'XUG0500FJJCB10427', '1218G006250', '', 'XCMG', null, null, null, '', null), ('5872', '179', 'INLINE 17', 'BAHODOPI', null, null, null, null, null, null, '1', null, null, 'WHEEL LOADER', null, '0', null, '2018-09-05 17:39:00', '2018-09-05 17:39:00', 'GRAND TAJIAM ONE/GT1801', '', 'LW500FN标配', 'XUG0500FCJCB10428', '1218G006261', '', 'XCMG', null, null, null, '', null), ('5873', '179', 'INLINE 17', 'BAHODOPI', null, null, null, null, null, null, '1', null, null, 'WHEEL LOADER', null, '0', null, '2018-09-05 17:39:00', '2018-09-05 17:39:00', 'GRAND TAJIAM ONE/GT1801', '', 'LW500FN标配', 'XUG0500FCJCB10518', '1218G006248', '', 'XCMG', null, null, null, '', null), ('5874', '179', 'INLINE 17', 'BAHODOPI', null, null, null, null, null, null, '1', null, null, 'WHEEL LOADER', null, '0', null, '2018-09-05 17:39:00', '2018-09-05 17:39:00', 'GRAND TAJIAM ONE/GT1801', '', 'LW500FN标配', 'XUG0500FTJCB10519', '1218G006240', '', 'XCMG', null, null, null, '', null), ('5875', '179', 'INLINE 17', 'BAHODOPI', null, null, null, null, null, null, '1', null, null, 'WHEEL LOADER', null, '0', null, '2018-09-05 17:39:00', '2018-09-05 17:39:00', 'GRAND TAJIAM ONE/GT1801', '', 'LW500FN标配', 'XUG0500FEJCB10520', '1218G006241', '', 'XCMG', null, null, null, '', null), ('5876', '179', 'INLINE 17', 'BAHODOPI', null, null, null, null, null, null, '1', null, null, 'WHEEL LOADER', null, '0', null, '2018-09-05 17:39:00', '2018-09-05 17:39:00', 'GRAND TAJIAM ONE/GT1801', '', 'LW500FN标配', 'XUG0500FCJCB10521', '1218G006257', '', 'XCMG', null, null, null, '', null), ('5877', '179', 'INLINE 17', 'BAHODOPI', null, null, null, null, null, null, '1', null, null, 'WHEEL LOADER', null, '0', null, '2018-09-05 17:39:00', '2018-09-05 17:39:00', 'GRAND TAJIAM ONE/GT1801', '', 'LW500FN标配', 'XUG0500FJJCB10606', '1218G006242', '', 'XCMG', null, null, null, '', null), ('5878', '179', 'INLINE 17', 'BAHODOPI', null, null, null, null, null, null, '1', null, null, 'WHEEL LOADER', null, '0', null, '2018-09-05 17:39:00', '2018-09-05 17:39:00', 'GRAND TAJIAM ONE/GT1801', '', 'LW500FN标配', 'XUG0500FVJCB10611', '1218G006258', '', 'XCMG', null, null, null, '', null), ('5879', '179', 'INLINE 17', 'BAHODOPI', null, null, null, null, null, null, '1', null, null, 'WHEEL LOADER', null, '0', null, '2018-09-05 17:39:00', '2018-09-05 17:39:00', 'GRAND TAJIAM ONE/GT1801', '', 'LW500FN标配', 'XUG0500FCJCB11152', '1218G006660', '', 'XCMG', null, null, null, '', null), ('5880', '179', 'INLINE 17', 'BAHODOPI', null, null, null, null, null, null, '1', null, null, 'WHEEL LOADER', null, '0', null, '2018-09-05 17:39:00', '2018-09-05 17:39:00', 'GRAND TAJIAM ONE/GT1801', '', 'LW500FN标配', 'XUG0500FPJCB11154', '1218G006662', '', 'XCMG', null, null, null, '', null), ('5881', '179', 'INLINE 17', 'BAHODOPI', null, null, null, null, null, null, '1', null, null, 'WHEEL LOADER', null, '0', null, '2018-09-05 17:39:00', '2018-09-05 17:39:00', 'GRAND TAJIAM ONE/GT1801', '', 'LW500FN标配', 'XUG0500FHJCB11150', '1218G006676', '', 'XCMG', null, null, null, '', null), ('5882', '179', 'INLINE 17', 'BAHODOPI', null, null, null, null, null, null, '1', null, null, 'WHEEL LOADER', null, '0', null, '2018-09-05 17:39:00', '2018-09-05 17:39:00', 'GRAND TAJIAM ONE/GT1801', '', 'LW500FN高卸', 'XUG0500FAJCB10609', '1218G006254', '', 'XCMG', null, null, null, '', null), ('5883', '179', 'INLINE 17', 'BAHODOPI', null, null, null, null, null, null, '1', null, null, 'WHEEL LOADER', null, '0', null, '2018-09-05 17:39:00', '2018-09-05 17:39:00', 'GRAND TAJIAM ONE/GT1801', '', 'LW500FN高卸', 'XUG0500FCJCB10610', '1218G006251', '', 'XCMG', null, null, null, '', null), ('5884', '179', 'INLINE 17', 'BAHODOPI', null, null, null, null, null, null, '1', null, null, 'WHEEL LOADER', null, '0', null, '2018-09-05 17:39:00', '2018-09-05 17:39:00', 'GRAND TAJIAM ONE/GT1801', '', 'LW500FN高卸', 'XUG0500FAJCB10660', '1218G006244', '', 'XCMG', null, null, null, '', null), ('5885', '179', 'INLINE 17', 'BAHODOPI', null, null, null, null, null, null, '1', null, null, 'WHEEL LOADER', null, '0', null, '2018-09-05 17:39:00', '2018-09-05 17:39:00', 'GRAND TAJIAM ONE/GT1801', '', 'LW500FN高卸', 'XUG0500FCJCB10607', '1218G006255', '', 'XCMG', null, null, null, '', null), ('5886', '179', 'INLINE 17', 'BAHODOPI', null, null, null, null, null, null, '1', null, null, 'WHEEL LOADER', null, '0', null, '2018-09-05 17:39:00', '2018-09-05 17:39:00', 'GRAND TAJIAM ONE/GT1801', '', 'LW500FN高卸', 'XUG0500FCJCB10664', '1218G006249', '', 'XCMG', null, null, null, '', null), ('5887', '179', 'INLINE 17', 'BAHODOPI', null, null, null, null, null, null, '1', null, null, 'WHEEL LOADER', null, '0', null, '2018-09-05 17:39:00', '2018-09-05 17:39:00', 'GRAND TAJIAM ONE/GT1801', '', 'LW500FN高卸', 'XUG0500FEJCB10663', '1218G006263', '', 'XCMG', null, null, null, '', null), ('5888', '179', 'INLINE 17', 'BAHODOPI', null, null, null, null, null, null, '1', null, null, 'WHEEL LOADER', null, '0', null, '2018-09-05 17:39:00', '2018-09-05 17:39:00', 'GRAND TAJIAM ONE/GT1801', '', 'LW500FN高卸', 'XUG0500FVJCB10608', '1218G006252', '', 'XCMG', null, null, null, '', null), ('5889', '179', 'INLINE 17', 'BAHODOPI', null, null, null, null, null, null, '1', null, null, 'WHEEL LOADER', null, '0', null, '2018-09-05 17:39:00', '2018-09-05 17:39:00', 'GRAND TAJIAM ONE/GT1801', '', 'LW500FN高卸', 'XUG0500FHJCB10662', '1218G006256', '', 'XCMG', null, null, null, '', null), ('5890', '179', 'INLINE 17', 'BAHODOPI', null, null, null, null, null, null, '1', null, null, 'WHEEL LOADER', null, '0', null, '2018-09-05 17:39:00', '2018-09-05 17:39:00', 'GRAND TAJIAM ONE/GT1801', '', 'LW500FN高卸', 'XUG0500FTJCB10665', '1218G006247', '', 'XCMG', null, null, null, '', null), ('5891', '179', 'INLINE 17', 'BAHODOPI', null, null, null, null, null, null, '1', null, null, 'WHEEL LOADER', null, '0', null, '2018-09-05 17:39:00', '2018-09-05 17:39:00', 'GRAND TAJIAM ONE/GT1801', '', 'LW500FN高卸', 'XUG0500FTJCB11153', '1218G006665', '', 'XCMG', null, null, null, '', null), ('5892', '180', 'INLINE 15', 'BAHODOPI', null, null, null, null, null, null, '1', null, null, 'LADLE CAR / 钢包车', '23', '1', null, '2018-09-05 18:13:52', '2018-09-05 18:16:36', 'MV UNIEVER/1812', '', 'SX5634TQYPV304', 'LZGJZPV41JG006356', '1116S002204', '', 'SHACMAN', null, null, '钢包牵引车', '', null), ('5893', '180', 'INLINE 15', 'BAHODOPI', null, null, null, null, null, null, '1', null, null, 'LADLE CAR / 钢包车', '23', '1', null, '2018-09-05 18:13:52', '2018-09-05 18:16:39', 'MV UNIEVER/1812', '', 'SX5634TQYPV304', 'LZGJZPV49JG006525', '1115E001998', '', 'SHACMAN', null, null, '钢包牵引车', '', null), ('5894', '181', 'INLINE 14', 'WEDABAY', null, null, null, null, null, null, '1', null, null, 'DUMP TRUCK', null, '0', null, '2018-09-05 18:48:52', '2018-09-06 09:59:02', 'MV.SPRING SHINE/211', '', 'SX3255DR384R', 'LZGJLDR41JX066342', '1618G088397', '', 'SHACMAN', null, null, '6X4自卸车', '', null), ('5895', '181', 'INLINE 14', 'WEDABAY', null, null, null, null, null, null, '1', null, null, 'DUMP TRUCK', null, '0', null, '2018-09-05 18:48:52', '2018-09-05 18:48:52', 'MV.SPRING SHINE/211', '', 'SX3255DR385R', 'LZGJLDR43JX066343', '1618G088392', '', 'SHACMAN', null, null, null, '', null), ('5896', '181', 'INLINE 14', 'WEDABAY', null, null, null, null, null, null, '1', null, null, 'DUMP TRUCK', null, '0', null, '2018-09-05 18:48:52', '2018-09-05 18:48:52', 'MV.SPRING SHINE/211', '', 'SX3255DR386R', 'LZGJLDR45JX066344', '1618F078210', '', 'SHACMAN', null, null, null, '', null), ('5897', '181', 'INLINE 14', 'WEDABAY', null, null, null, null, null, null, '1', null, null, 'DUMP TRUCK', null, '0', null, '2018-09-05 18:48:52', '2018-09-05 18:48:52', 'MV.SPRING SHINE/211', '', 'SX3255DR387R', 'LZGJLDR47JX066345', '1618G088435', '', 'SHACMAN', null, null, null, '', null), ('5898', '181', 'INLINE 14', 'WEDABAY', null, null, null, null, null, null, '1', null, null, 'DUMP TRUCK', null, '0', null, '2018-09-05 18:48:52', '2018-09-05 18:48:52', 'MV.SPRING SHINE/211', '', 'SX3255DR388R', 'LZGJLDR49JX066346', '1618G088428', '', 'SHACMAN', null, null, null, '', null), ('5899', '181', 'INLINE 14', 'WEDABAY', null, null, null, null, null, null, '1', null, null, 'DUMP TRUCK', null, '0', null, '2018-09-05 18:48:52', '2018-09-05 18:48:52', 'MV.SPRING SHINE/211', '', 'SX3255DR389R', 'LZGJLDR40JX066347', '1618G088411', '', 'SHACMAN', null, null, null, '', null), ('5900', '181', 'INLINE 14', 'WEDABAY', null, null, null, null, null, null, '1', null, null, 'DUMP TRUCK', null, '0', null, '2018-09-05 18:48:52', '2018-09-05 18:48:52', 'MV.SPRING SHINE/211', '', 'SX3255DR390R', 'LZGJLDR42JX066348', '1618G088432', '', 'SHACMAN', null, null, null, '', null), ('5901', '181', 'INLINE 14', 'WEDABAY', null, null, null, null, null, null, '1', null, null, 'DUMP TRUCK', null, '0', null, '2018-09-05 18:48:52', '2018-09-05 18:48:52', 'MV.SPRING SHINE/211', '', 'SX3255DR391R', 'LZGJLDR44JX066349', '1618G088418', '', 'SHACMAN', null, null, null, '', null), ('5902', '181', 'INLINE 14', 'WEDABAY', null, null, null, null, null, null, '1', null, null, 'DUMP TRUCK', null, '0', null, '2018-09-05 18:48:52', '2018-09-05 18:48:52', 'MV.SPRING SHINE/211', '', 'SX3255DR392R', 'LZGJLDR40JX066350', '1618G088434', '', 'SHACMAN', null, null, null, '', null), ('5903', '181', 'INLINE 14', 'WEDABAY', null, null, null, null, null, null, '1', null, null, 'DUMP TRUCK', null, '0', null, '2018-09-05 18:48:52', '2018-09-05 18:48:52', 'MV.SPRING SHINE/211', '', 'SX3255DR393R', 'LZGJLDR42JX066351', '1618G088437', '', 'SHACMAN', null, null, null, '', null), ('5904', '181', 'INLINE 14', 'WEDABAY', null, null, null, null, null, null, '1', null, null, 'DUMP TRUCK', null, '0', null, '2018-09-05 18:48:52', '2018-09-05 18:48:52', 'MV.SPRING SHINE/211', '', 'SX3255DR394R', 'LZGJLDR44JX066352', '1618F078214', '', 'SHACMAN', null, null, null, '', null), ('5905', '181', 'INLINE 14', 'WEDABAY', null, null, null, null, null, null, '1', null, null, 'DUMP TRUCK', null, '0', null, '2018-09-05 18:48:52', '2018-09-05 18:48:52', 'MV.SPRING SHINE/211', '', 'SX3255DR395R', 'LZGJLDR46JX066353', '1618F078222', '', 'SHACMAN', null, null, null, '', null), ('5906', '181', 'INLINE 14', 'WEDABAY', null, null, null, null, null, null, '1', null, null, 'DUMP TRUCK', null, '0', null, '2018-09-05 18:48:52', '2018-09-05 18:48:52', 'MV.SPRING SHINE/211', '', 'SX3255DR396R', 'LZGJLDR48JX066354', '1618G088431', '', 'SHACMAN', null, null, null, '', null), ('5907', '181', 'INLINE 14', 'WEDABAY', null, null, null, null, null, null, '1', null, null, 'DUMP TRUCK', null, '0', null, '2018-09-05 18:48:52', '2018-09-05 18:48:52', 'MV.SPRING SHINE/211', '', 'SX3255DR397R', 'LZGJLDR4XJX066355', '1618G088405', '', 'SHACMAN', null, null, null, '', null), ('5908', '181', 'INLINE 14', 'WEDABAY', null, null, null, null, null, null, '1', null, null, 'DUMP TRUCK', null, '0', null, '2018-09-05 18:48:52', '2018-09-05 18:48:52', 'MV.SPRING SHINE/211', '', 'SX3255DR398R', 'LZGJLDR41JX066356', '1618G088415', '', 'SHACMAN', null, null, null, '', null), ('5909', '181', 'INLINE 14', 'WEDABAY', null, null, null, null, null, null, '1', null, null, 'WHEEL LOADER', null, '0', null, '2018-09-05 18:48:52', '2018-09-05 18:48:52', 'MV.SPRING SHINE/211', '', 'LW500FN', 'XUG0500FCJCB09358', '1218E005409', '', 'XCMG', null, null, null, '', null), ('5910', '181', 'INLINE 14', 'WEDABAY', null, null, null, null, null, null, '1', null, null, 'WHEEL LOADER', null, '0', null, '2018-09-05 18:48:52', '2018-09-05 18:48:52', 'MV.SPRING SHINE/211', '', 'LW500FN', 'XUG0500FVJCB09359', '1218E005275', '', 'XCMG', null, null, null, '', null), ('5911', '181', 'INLINE 14', 'WEDABAY', null, null, null, null, null, null, '1', null, null, 'WHEEL LOADER', null, '0', null, '2018-09-05 18:48:52', '2018-09-05 18:48:52', 'MV.SPRING SHINE/211', '', 'LW500FN', 'XUG0500FJJCB09360', '1218E005407', '', 'XCMG', null, null, null, '', null), ('5912', '181', 'INLINE 14', 'WEDABAY', null, null, null, null, null, null, '1', null, null, 'WHEEL LOADER', null, '0', null, '2018-09-05 18:48:52', '2018-09-05 18:48:52', 'MV.SPRING SHINE/211', '', 'LW500FN', 'XUG0500FCJCB09361', '1218E005272', '', 'XCMG', null, null, null, '', null), ('5913', '181', 'INLINE 14', 'WEDABAY', null, null, null, null, null, null, '1', null, null, 'WHEEL LOADER', null, '0', null, '2018-09-05 18:48:52', '2018-09-05 18:48:52', 'MV.SPRING SHINE/211', '', 'LW500FN', 'XUG0500FVJCB09362', '1218E005267', '', 'XCMG', null, null, null, '', null), ('5914', '181', 'INLINE 14', 'WEDABAY', null, null, null, null, null, null, '1', null, null, 'WHEEL LOADER', null, '0', null, '2018-09-05 18:48:52', '2018-09-05 18:48:52', 'MV.SPRING SHINE/211', '', 'LW500FN', 'XUG0500FJJCB09410', '1218E005302', '', 'XCMG', null, null, null, '', null), ('5915', '181', 'INLINE 14', 'WEDABAY', null, null, null, null, null, null, '1', null, null, 'WHEEL LOADER', null, '0', null, '2018-09-05 18:48:52', '2018-09-05 18:48:52', 'MV.SPRING SHINE/211', '', 'LW500FN', 'XUG0500FCJCB09411', '1218E005398', '', 'XCMG', null, null, null, '', null), ('5916', '181', 'INLINE 14', 'WEDABAY', null, null, null, null, null, null, '1', null, null, 'WHEEL LOADER', null, '0', null, '2018-09-05 18:48:52', '2018-09-05 18:48:52', 'MV.SPRING SHINE/211', '', 'LW500FN', 'XUG0500FLJCB09414', '1218E005413', '', 'XCMG', null, null, null, '', null), ('5917', '181', 'INLINE 14', 'WEDABAY', null, null, null, null, null, null, '1', null, null, 'WHEEL LOADER', null, '0', null, '2018-09-05 18:48:52', '2018-09-05 18:48:52', 'MV.SPRING SHINE/211', '', 'LW500FN', 'XUG0500FCJCB09568', '1218E005269', '', 'XCMG', null, null, null, '', null), ('5918', '181', 'INLINE 14', 'WEDABAY', null, null, null, null, null, null, '1', null, null, 'WHEEL LOADER', null, '0', null, '2018-09-05 18:48:52', '2018-09-05 18:48:52', 'MV.SPRING SHINE/211', '', 'LW500FN', 'XUG0500FVJCB09572', '1218E005399', '', 'XCMG', null, null, null, '', null), ('5919', '181', 'INLINE 14', 'WEDABAY', null, null, null, null, null, null, '1', null, null, 'EXCAVATOR', null, '0', null, '2018-09-05 18:48:52', '2018-09-05 18:48:52', 'MV.SPRING SHINE/211', '', 'XE215C', 'XUG0215BTJKA00757', '6BG1-372574', '', 'XCMG', null, null, null, '', null), ('5920', '181', 'INLINE 14', 'WEDABAY', null, null, null, null, null, null, '1', null, null, 'EXCAVATOR', null, '0', null, '2018-09-05 18:48:52', '2018-09-05 18:48:52', 'MV.SPRING SHINE/211', '', 'XE215C', 'XUG0215BPJKA00758', '6BG1-372553', '', 'XCMG', null, null, null, '', null), ('5921', '181', 'INLINE 14', 'WEDABAY', null, null, null, null, null, null, '1', null, null, 'EXCAVATOR', null, '0', null, '2018-09-05 18:48:52', '2018-09-05 18:48:52', 'MV.SPRING SHINE/211', '', 'XE215C', 'XUG0215BKJKA00759', '6BG1-372552', '', 'XCMG', null, null, null, '', null), ('5922', '181', 'INLINE 14', 'WEDABAY', null, null, null, null, null, null, '1', null, null, 'EXCAVATOR', null, '0', null, '2018-09-05 18:48:52', '2018-09-05 18:48:52', 'MV.SPRING SHINE/211', '', 'XE215C', 'XUG0215BTJKA00760', '6BG1-372476', '', 'XCMG', null, null, null, '', null), ('5923', '181', 'INLINE 14', 'WEDABAY', null, null, null, null, null, null, '1', null, null, 'EXCAVATOR', null, '0', null, '2018-09-05 18:48:52', '2018-09-05 18:48:52', 'MV.SPRING SHINE/211', '', 'XE215C', 'XUG0215BKJKA00762', '6BG1-370442', '', 'XCMG', null, null, null, '', null), ('5924', '182', 'HANGCHA_01_01', 'Jakarta', null, null, null, null, null, null, '1', null, null, 'FORKLIFT', null, '0', null, '2018-09-06 18:27:23', '2018-09-06 18:27:23', 'VESSEL TEMP 01', 'HCIE2017A045-6757', 'CPCD50-RG24', 'A3AG07253', 'Y17054028', 'A3AG07253', 'HANGCHA', null, null, null, '1. Rated Capacity : 5000kg.                              2. Load Centre Distance : 600mm.                                    3. Fork Size: 1200X150X60mm.                 4. Battery: 24/105 V/Ah.                   5. Engine: CHINA LR4108G10Y.', null), ('5925', '182', 'HANGCHA_01_01', 'Jakarta', null, null, null, null, null, null, '1', null, null, 'FORKLIFT', null, '0', null, '2018-09-06 18:27:23', '2018-09-06 18:27:23', 'VESSEL TEMP 01', 'HCIE2017A045-6757', 'CPCD30-XRG2', 'M5AG01053', '17122704', 'M5AG01053', 'HANGCHA', null, null, null, '1. Rated Capacity : 3000kg.                              2. Load Centre Distance : 500mm.                                    3. Tyre: Pneumatic.                 4. Engine Type: XINCHAI/C490BPG.                   5. Engine Power: 45x2650 kW/r/min.', null), ('5926', '182', 'HANGCHA_01_01', 'Jakarta', null, null, null, null, null, null, '1', null, null, 'FORKLIFT', null, '0', null, '2018-09-06 18:27:23', '2018-09-06 18:27:23', 'VESSEL TEMP 01', 'HCIE2017A045-6757', 'CPCD30-XRW55F', 'M5AG01202', '301386', 'M5AG01202', 'HANGCHA', null, null, null, '1. Power Type : Diesel.          2. Rated Capacity : 3000kg.                              3. Fork Size : 1070 X 122 X 45mm.                                      4. Battery : 12/90 V/Ah.          5. Engine: Mitsubishi S4S-Z362CSFL.', null), ('5927', '183', 'HANGCHA_04_01', 'Jakarta', null, null, null, null, null, null, '1', null, null, 'ELECTRIC STACKER', null, '0', null, '2018-09-06 19:04:37', '2018-09-06 19:04:37', 'VESSEL TEMP 01', 'HC-JKT-HCIE2018A045-1158', 'CDD16-AC1S', 'J1AH01887', '01DA03913', 'J1AH01887', 'HANGCHA', null, null, null, '1. Rated Capacity : 1600/3527kg.                       2. Service Weight : 1362/3003 kg/lb.                 3. Tyre : Pneumatic.           4. Drive motor rating : 2.2/3.0 kW/hp.                    5. Battery voltage : 24/340 V/Ah.', null), ('5928', '183', 'HANGCHA_04_01', 'Jakarta', null, null, null, null, null, null, '1', null, null, 'ELECTRIC STACKER', null, '0', null, '2018-09-06 19:04:37', '2018-09-06 19:04:37', 'VESSEL TEMP 01', 'HC-JKT-HCIE2018A045-1158', 'CDD16-AC1S', 'J1AH01888', '01DA03917', 'J1AH01888', 'HANGCHA', null, null, null, '1. Rated Capacity : 1600/3527kg.                       2. Service Weight : 1362/3003 kg/lb.                 3. Tyre : Pneumatic.           4. Drive motor rating : 2.2/3.0 kW/hp.                    5. Battery voltage : 24/340 V/Ah.', null), ('5929', '183', 'HANGCHA_04_01', 'Jakarta', null, null, null, null, null, null, '1', null, null, 'SCISSOR LIFT', null, '0', null, '2018-09-06 19:04:37', '2018-09-06 19:04:37', 'VESSEL TEMP 01', 'HC-JKT-HCIE2018A045-1158', 'HLT10', 'G18013105', '-', 'G18013105', 'HANGCHA', null, null, null, '1. Rated Capacity : 1000kg.                              2. Minimum Fork Height: 85mm.                                3. Maximum Fork Height: 800mm.                              4. Fork Length: 1140mm. 5. Out Side Fork Width: 520mm.                      ', null), ('5930', '183', 'HANGCHA_04_01', 'Jakarta', null, null, null, null, null, null, '1', null, null, 'SCISSOR LIFT', null, '0', null, '2018-09-06 19:04:37', '2018-09-06 19:04:37', 'VESSEL TEMP 01', 'HC-JKT-HCIE2018A045-1158', 'HLT10', 'G18013106', '-', 'G18013106', 'HANGCHA', null, null, null, '1. Rated Capacity : 1000kg.                              2. Minimum Fork Height: 85mm.                                3. Maximum Fork Height: 800mm.                              4. Fork Length: 1140mm. 5. Out Side Fork Width: 520mm.                      ', null), ('5931', '183', 'HANGCHA_04_01', 'Jakarta', null, null, null, null, null, null, '1', null, null, 'SCISSOR LIFT', null, '0', null, '2018-09-06 19:04:37', '2018-09-06 19:04:37', 'VESSEL TEMP 01', 'HC-JKT-HCIE2018A045-1158', 'HLT10', 'G18013107', '-', 'G18013107', 'HANGCHA', null, null, null, '1. Rated Capacity : 1000kg.                              2. Minimum Fork Height: 85mm.                                3. Maximum Fork Height: 800mm.                              4. Fork Length: 1140mm. 5. Out Side Fork Width: 520mm.                      ', null), ('5932', '183', 'HANGCHA_04_01', 'Jakarta', null, null, null, null, null, null, '1', null, null, 'SCISSOR LIFT', null, '0', null, '2018-09-06 19:04:37', '2018-09-06 19:04:37', 'VESSEL TEMP 01', 'HC-JKT-HCIE2018A045-1158', 'HLT10', 'G18013108', '-', 'G18013108', 'HANGCHA', null, null, null, '1. Rated Capacity : 1000kg.                              2. Minimum Fork Height: 85mm.                                3. Maximum Fork Height: 800mm.                              4. Fork Length: 1140mm. 5. Out Side Fork Width: 520mm.                      ', null), ('5933', '183', 'HANGCHA_04_01', 'Jakarta', null, null, null, null, null, null, '1', null, null, 'SCISSOR LIFT', null, '0', null, '2018-09-06 19:04:37', '2018-09-06 19:04:37', 'VESSEL TEMP 01', 'HC-JKT-HCIE2018A045-1158', 'HLT10', 'G18013109', '-', 'G18013109', 'HANGCHA', null, null, null, '1. Rated Capacity : 1000kg.                              2. Minimum Fork Height: 85mm.                                3. Maximum Fork Height: 800mm.                              4. Fork Length: 1140mm. 5. Out Side Fork Width: 520mm.                      ', null), ('5934', '183', 'HANGCHA_04_01', 'Jakarta', null, null, null, null, null, null, '1', null, null, 'SCISSOR LIFT', null, '0', null, '2018-09-06 19:04:37', '2018-09-06 19:04:37', 'VESSEL TEMP 01', 'HC-JKT-HCIE2018A045-1158', 'HLT10', 'G18013110', '-', 'G18013110', 'HANGCHA', null, null, null, '1. Rated Capacity : 1000kg.                              2. Minimum Fork Height: 85mm.                                3. Maximum Fork Height: 800mm.                              4. Fork Length: 1140mm. 5. Out Side Fork Width: 520mm.                      ', null), ('5935', '183', 'HANGCHA_04_01', 'Jakarta', null, null, null, null, null, null, '1', null, null, 'SCISSOR LIFT', null, '0', null, '2018-09-06 19:04:37', '2018-09-06 19:04:37', 'VESSEL TEMP 01', 'HC-JKT-HCIE2018A045-1158', 'HLT10', 'G18013111', '-', 'G18013111', 'HANGCHA', null, null, null, '1. Rated Capacity : 1000kg.                              2. Minimum Fork Height: 85mm.                                3. Maximum Fork Height: 800mm.                              4. Fork Length: 1140mm. 5. Out Side Fork Width: 520mm.                      ', null), ('5936', '183', 'HANGCHA_04_01', 'Jakarta', null, null, null, null, null, null, '1', null, null, 'SCISSOR LIFT', null, '0', null, '2018-09-06 19:04:37', '2018-09-06 19:04:37', 'VESSEL TEMP 01', 'HC-JKT-HCIE2018A045-1158', 'HLT10', 'G18013112', '-', 'G18013112', 'HANGCHA', null, null, null, '1. Rated Capacity : 1000kg.                              2. Minimum Fork Height: 85mm.                                3. Maximum Fork Height: 800mm.                              4. Fork Length: 1140mm. 5. Out Side Fork Width: 520mm.                      ', null), ('5937', '183', 'HANGCHA_04_01', 'Jakarta', null, null, null, null, null, null, '1', null, null, 'SCISSOR LIFT', null, '0', null, '2018-09-06 19:04:37', '2018-09-06 19:04:37', 'VESSEL TEMP 01', 'HC-JKT-HCIE2018A045-1158', 'HLT10', 'G18013113', '-', 'G18013113', 'HANGCHA', null, null, null, '1. Rated Capacity : 1000kg.                              2. Minimum Fork Height: 85mm.                                3. Maximum Fork Height: 800mm.                              4. Fork Length: 1140mm. 5. Out Side Fork Width: 520mm.                      ', null), ('5938', '183', 'HANGCHA_04_01', 'Jakarta', null, null, null, null, null, null, '1', null, null, 'SCISSOR LIFT', null, '0', null, '2018-09-06 19:04:37', '2018-09-06 19:04:37', 'VESSEL TEMP 01', 'HC-JKT-HCIE2018A045-1158', 'HLT10', 'G18013114', '-', 'G18013114', 'HANGCHA', null, null, null, '1. Rated Capacity : 1000kg.                              2. Minimum Fork Height: 85mm.                                3. Maximum Fork Height: 800mm.                              4. Fork Length: 1140mm. 5. Out Side Fork Width: 520mm.                      ', null), ('5939', '184', 'HANGCHA_05_01', 'Jakarta', null, null, null, null, null, null, '1', null, null, 'ELECTRIC STACKER', null, '0', null, '2018-09-06 19:05:38', '2018-09-06 19:05:38', 'VESSEL TEMP 01', 'HC-JKT-H18A0451-01306, 01530, 01445', 'CDD16-AC1S', 'J1AH01966', '02DA04680', 'J1AH01966', 'HANGCHA', null, null, null, '1. Rated Capacity : 1600/3527kg.                              2. Service Weight : 1362/3003 kg/lb.                                          3. Tyre : Pneumatic.                      4. Drive motor rating : 2.2/3.0 kW/hp.                                          5. Battery voltage : 24/340 V/Ah.', null), ('5940', '184', 'HANGCHA_05_01', 'Jakarta', null, null, null, null, null, null, '1', null, null, 'ELECTRIC STACKER', null, '0', null, '2018-09-06 19:05:38', '2018-09-06 19:05:38', 'VESSEL TEMP 01', 'HC-JKT-H18A0451-01306, 01530, 01445', 'CDD16-AC1S', 'J1AH01967', '02DA04681', 'J1AH01967', 'HANGCHA', null, null, null, '1. Rated Capacity : 1600/3527kg.                                 2. Service Weight : 1362/3003 kg/lb.                                          3. Tyre : Pneumatic.                     4. Drive motor rating : 2.2/3.0 kW/hp.                                        5. Battery voltage : 24/340 V/Ah.', null), ('5941', '184', 'HANGCHA_05_01', 'Jakarta', null, null, null, null, null, null, '1', null, null, 'ELECTRIC STACKER', null, '0', null, '2018-09-06 19:05:38', '2018-09-06 19:05:38', 'VESSEL TEMP 01', 'HC-JKT-H18A0451-01306, 01530, 01445', 'CDD16-AC1S-M-2-Stage Mast 3000mm', 'J1AH01970', '02DA04852', 'J1AH01970', 'HANGCHA', null, null, null, '1. Rated Capacity : 1600/3527kg.                       2. Service Weight : 2000/4409 kg/lb.                 3. Tyre : Polyurethane.           4. Drive motor rating : 1.5/2.0 kW/hp.                    5. Battery voltage : 24/340 V/Ah.', null), ('5942', '184', 'HANGCHA_05_01', 'Jakarta', null, null, null, null, null, null, '1', null, null, 'ELECTRIC STACKER', null, '0', null, '2018-09-06 19:05:38', '2018-09-06 19:05:38', 'VESSEL TEMP 01', 'HC-JKT-H18A0451-01306, 01530, 01445', 'CDD16-AC1S-M-3-Stage triplex mast 4000mm', 'J1AH01913', '01DA02900', 'J1AH01913', 'HANGCHA', null, null, null, '1. Rated Capacity : 1600/3527kg.                                2. Service Weight : 2000/4409 kg/lb.                                          3. Tyre : Polyurethane.             4. Drive motor rating : 1.5/2.0 kW/hp.                                        5. Battery voltage : 24/340 V/Ah.', null), ('5943', '184', 'HANGCHA_05_01', 'Jakarta', null, null, null, null, null, null, '1', null, null, 'ELECTRIC STACKER', null, '0', null, '2018-09-06 19:05:38', '2018-09-06 19:05:38', 'VESSEL TEMP 01', 'HC-JKT-H18A0451-01306, 01530, 01445', 'CDD16-AC1S-M-3-Stage triplex mast 3500mm', 'J1AH01912', '01DA00162', 'J1AH01912', 'HANGCHA', null, null, null, '1. Rated Capacity : 1600/3527kg.                                  2. Service Weight : 2000/4409 kg/lb.                                          3. Tyre : Polyurethane.               4. Drive motor rating : 1.5/2.0 kW/hp.                                        5. Battery voltage : 24/340 V/Ah.', null), ('5944', '184', 'HANGCHA_05_01', 'Jakarta', null, null, null, null, null, null, '1', null, null, 'ELECTRIC PALLET TRUCK', null, '0', null, '2018-09-06 19:05:38', '2018-09-06 19:05:38', 'VESSEL TEMP 01', 'HC-JKT-H18A0451-01306, 01530, 01445', 'CBD20-AC1S', '19AH01004', '01DA02870', '19AH01004', 'HANGCHA', null, null, null, '1. Rated Capacity : 2000/4409kg.                               2. Service Weight : 726/1600 kg/lb.                                          3. Tyre : Pneumatic.                     4. Drive motor rating : 1.5/2.0 kW/hp.                                        5. Battery voltage : 24/240 V/Ah', null), ('5945', '184', 'HANGCHA_05_01', 'Jakarta', null, null, null, null, null, null, '1', null, null, 'ELECTRIC PALLET TRUCK', null, '0', null, '2018-09-06 19:05:38', '2018-09-06 19:05:38', 'VESSEL TEMP 01', 'HC-JKT-H18A0451-01306, 01530, 01445', 'CBD20-AC1S', '19AH01003', '01DA02835', '19AH01003', 'HANGCHA', null, null, null, '1. Rated Capacity : 2000/4409kg.                                  2. Service Weight : 726/1600 kg/lb.                                          3. Tyre : Pneumatic.                       4. Drive motor rating : 1.5/2.0 kW/hp.                                        5. Battery voltage : 24/240 V/Ah', null), ('5946', '184', 'HANGCHA_05_01', 'Jakarta', null, null, null, null, null, null, '1', null, null, 'ELECTRIC PALLET TRUCK', null, '0', null, '2018-09-06 19:05:38', '2018-09-06 19:05:38', 'VESSEL TEMP 01', 'HC-JKT-H18A0451-01306, 01530, 01445', 'CBD30-AC1S', '19AH01007', '01DA02832', '19AH01007', 'HANGCHA', null, null, null, '1. Rated Capacity : 3000/6614 kg/lb.                                          2. Service Weight : 920/2028 kg/lb.                                          3. Tyre : Pneumatic.                        4. Drive motor rating : 2.2/3.0 kW/hp.                                        5. Battery voltage : 24/340 V/Ah. ', null), ('5947', '184', 'HANGCHA_05_01', 'Jakarta', null, null, null, null, null, null, '1', null, null, 'ELECTRIC PALLET TRUCK', null, '0', null, '2018-09-06 19:05:38', '2018-09-06 19:05:38', 'VESSEL TEMP 01', 'HC-JKT-H18A0451-01306, 01530, 01445', 'CBD30-AC1S', '19AH01008', '01DA02827', '19AH01008', 'HANGCHA', null, null, null, '1. Rated Capacity : 3000/6614 kg/lb.                                          2. Service Weight : 920/2028 kg/lb.                                          3. Tyre : Pneumatic.                     4. Drive motor rating : 2.2/3.0 kW/hp.                                        5. Battery voltage : 24/340 V/Ah. ', null), ('5948', '184', 'HANGCHA_05_01', 'Jakarta', null, null, null, null, null, null, '1', null, null, 'ELECTRIC PALLET TRUCK', null, '0', null, '2018-09-06 19:05:38', '2018-09-06 19:05:38', 'VESSEL TEMP 01', 'HC-JKT-H18A0451-01306, 01530, 01445', 'CBD30-AC1S', '19AH01009', '01DA02845', '19AH01009', 'HANGCHA', null, null, null, '1. Rated Capacity : 3000/6614 kg/lb.                                          2. Service Weight : 920/2028 kg/lb.                                          3. Tyre : Pneumatic.                       4. Drive motor rating : 2.2/3.0 kW/hp.                                        5. Battery voltage : 24/340 V/Ah. ', null), ('5949', '184', 'HANGCHA_05_01', 'Jakarta', null, null, null, null, null, null, '1', null, null, 'ELECTRIC PALLET TRUCK', null, '0', null, '2018-09-06 19:05:38', '2018-09-06 19:05:38', 'VESSEL TEMP 01', 'HC-JKT-H18A0451-01306, 01530, 01445', 'CBD30-AC1S', '19AH01010', '01DA02859', '19AH01010', 'HANGCHA', null, null, null, '1. Rated Capacity : 3000/6614 kg/lb.                                          2. Service Weight : 920/2028 kg/lb.                                            3. Tyre : Pneumatic.                       4. Drive motor rating : 2.2/3.0 kW/hp.                                        5. Battery voltage : 24/340 V/Ah. ', null), ('5950', '185', 'HANGCHA_05_03', 'Surabaya', null, null, null, null, null, null, '1', null, null, 'FORKLIFT', null, '0', null, '2018-09-06 19:06:26', '2018-09-06 19:06:26', 'VESSEL TEMP 03', 'HC-SBY-H18A0451-01602', 'CPCD50-XRXW76', 'M8AH00165', '108817', 'M8AH00165', 'HANGCHA', null, null, null, '1. Rated Capacity : 5000kg.                              2. Load Centre: 500mm.  3. Engine: Mitsubishi S6S.                                    4. Max Fork Height: 4000mm.                            5. Long Fork: 1220mm.     6. Rated Output: 52KW/2300rpm. ', null), ('5951', '185', 'HANGCHA_05_03', 'Surabaya', null, null, null, null, null, null, '1', null, null, 'FORKLIFT', null, '0', null, '2018-09-06 19:06:26', '2018-09-06 19:06:26', 'VESSEL TEMP 03', 'HC-SBY-H18A0451-01602', 'CPCD50-XRXW76', 'M8AH00164', '108828', 'M8AH00164', 'HANGCHA', null, null, null, '1. Rated Capacity : 5000kg.                              2. Load Centre: 500mm.  3. Engine: Mitsubishi S6S.                                    4. Max Fork Height: 4000mm.                            5. Long Fork: 1220mm.     6. Rated Output: 52KW/2300rpm. ', null), ('5952', '186', 'HANGCHA_05_02', 'Jakarta', null, null, null, null, null, null, '1', null, null, 'FORKLIFT', null, '0', null, '2018-09-06 19:06:46', '2018-09-06 19:06:46', 'VESSEL TEMP 02', 'HC-JKT-H18A0451-01602,02501,02847', 'CPCD30-XRG2', 'M5AH03182', 'M5AH03182', 'M5AH03182', 'HANGCHA', null, null, null, '1. Rated Capacity : 3000kg.    2. Load Centre Distance : 500mm.                                    3. Tyre: Pneumatic.                 4. Engine Type: XINCHAI/C490BPG.                   5. Engine Power: 45x2650 kW/r/min.', null), ('5953', '186', 'HANGCHA_05_02', 'Jakarta', null, null, null, null, null, null, '1', null, null, 'FORKLIFT', null, '0', null, '2018-09-06 19:06:46', '2018-09-06 19:06:46', 'VESSEL TEMP 02', 'HC-JKT-H18A0451-01602,02501,02847', 'CPCD30-XRG2', 'M5AH03181', 'M5AH03181', 'M5AH03181', 'HANGCHA', null, null, null, '1. Rated Capacity : 3000kg.    2. Load Centre Distance : 500mm.                                    3. Tyre: Pneumatic.                 4. Engine Type: XINCHAI/C490BPG.                   5. Engine Power: 45x2650 kW/r/min.', null), ('5954', '186', 'HANGCHA_05_02', 'Jakarta', null, null, null, null, null, null, '1', null, null, 'FORKLIFT', null, '0', null, '2018-09-06 19:06:46', '2018-09-06 19:06:46', 'VESSEL TEMP 02', 'HC-JKT-H18A0451-01602,02501,02847', 'CPCD30-XRG2', 'M5AH03183', 'M5AH03183', 'M5AH03183', 'HANGCHA', null, null, null, '1. Rated Capacity : 3000kg.    2. Load Centre Distance : 500mm.                                    3. Tyre: Pneumatic.                 4. Engine Type: XINCHAI/C490BPG.                   5. Engine Power: 45x2650 kW/r/min.', null), ('5955', '186', 'HANGCHA_05_02', 'Jakarta', null, null, null, null, null, null, '1', null, null, 'FORKLIFT', null, '0', null, '2018-09-06 19:06:46', '2018-09-06 19:06:46', 'VESSEL TEMP 02', 'HC-JKT-H18A0451-01602,02501,02847', 'CPCD50-XRXW76', 'M8AH00166', 'M8AH00166', 'M8AH00166', 'HANGCHA', null, null, null, '1. Rated Capacity : 5000kg.                              2. Load Centre: 500mm.  3. Engine: Mitsubishi S6S.                                    4. Max Fork Height: 4000mm.                            5. Long Fork: 1220mm.     6. Rated Output: 52KW/2300rpm. ', null), ('5956', '187', 'HANGCHA_05_04', 'Surabaya', null, null, null, null, null, null, '1', null, null, 'FORKLIFT', null, '0', null, '2018-09-06 19:07:11', '2018-09-06 19:07:11', 'VESSEL TEMP 04', 'HC-SBY-H18A0451-01882, 01143', 'CPCD40-RW19', 'A2AH09401', '500236', 'A2AH09401', 'HANGCHA', null, null, null, '1. Power Type: Diesel. 2.Rated Capacity: 4000kg. 3.Fork Size: 1070 X 122 X 50mm.                                4. Battery : 24/60 V/Ah.   5. Engine: UD TD42', null), ('5957', '187', 'HANGCHA_05_04', 'Surabaya', null, null, null, null, null, null, '1', null, null, 'FORKLIFT', null, '0', null, '2018-09-06 19:07:11', '2018-09-06 19:07:11', 'VESSEL TEMP 04', 'HC-SBY-H18A0451-01882, 01143', 'CPCD40-RW19', 'A2AH09402', '500233', 'A2AH09402', 'HANGCHA', null, null, null, '1. Power Type: Diesel. 2.Rated Capacity: 4000kg. 3.Fork Size: 1070 X 122 X 50mm.                                4. Battery : 24/60 V/Ah.   5. Engine: UD TD42', null), ('5958', '187', 'HANGCHA_05_04', 'Surabaya', null, null, null, null, null, null, '1', null, null, 'FORKLIFT', null, '0', null, '2018-09-06 19:07:11', '2018-09-06 19:07:11', 'VESSEL TEMP 04', 'HC-SBY-H18A0451-01882, 01143', 'CPCD40-RW19', 'A2AH09403', '500235', 'A2AH09403', 'HANGCHA', null, null, null, '1. Power Type: Diesel. 2.Rated Capacity: 4000kg. 3.Fork Size: 1070 X 122 X 50mm.                                4. Battery : 24/60 V/Ah.   5. Engine: UD TD42', null), ('5959', '187', 'HANGCHA_05_04', 'Surabaya', null, null, null, null, null, null, '1', null, null, 'FORKLIFT', null, '0', null, '2018-09-06 19:07:11', '2018-09-06 19:07:11', 'VESSEL TEMP 04', 'HC-SBY-H18A0451-01882, 01143', 'CPCD40-RW19', 'A2AH09404', '500234', 'A2AH09404', 'HANGCHA', null, null, null, '1. Power Type: Diesel. 2.Rated Capacity: 4000kg. 3.Fork Size: 1070 X 122 X 50mm.                                4. Battery : 24/60 V/Ah.   5. Engine: UD TD42', null), ('5960', '187', 'HANGCHA_05_04', 'Surabaya', null, null, null, null, null, null, '1', null, null, 'FORKLIFT', null, '0', null, '2018-09-06 19:07:11', '2018-09-06 19:07:11', 'VESSEL TEMP 04', 'HC-SBY-H18A0451-01882, 01143', 'CPCD40-RW19', 'A2AH09405', '500251', 'A2AH09405', 'HANGCHA', null, null, null, '1. Power Type: Diesel. 2.Rated Capacity: 4000kg. 3.Fork Size: 1070 X 122 X 50mm.                                4. Battery : 24/60 V/Ah.   5. Engine: UD TD42', null), ('5961', '187', 'HANGCHA_05_04', 'Surabaya', null, null, null, null, null, null, '1', null, null, 'FORKLIFT', null, '0', null, '2018-09-06 19:07:11', '2018-09-06 19:07:11', 'VESSEL TEMP 04', 'HC-SBY-H18A0451-01882, 01143', 'CPCD40-RW19', 'A2AH09408', '500261', 'A2AH09408', 'HANGCHA', null, null, null, '1. Power Type: Diesel. 2.Rated Capacity: 4000kg. 3.Fork Size: 1070 X 122 X 50mm.                                4. Battery : 24/60 V/Ah.   5. Engine: UD TD42', null), ('5962', '187', 'HANGCHA_05_04', 'Surabaya', null, null, null, null, null, null, '1', null, null, 'FORKLIFT', null, '0', null, '2018-09-06 19:07:11', '2018-09-06 19:07:11', 'VESSEL TEMP 04', 'HC-SBY-H18A0451-01882, 01143', 'CPCD40-RW19', 'A2AH09409', '500255', 'A2AH09409', 'HANGCHA', null, null, null, '1. Power Type: Diesel. 2.Rated Capacity: 4000kg. 3.Fork Size: 1070 X 122 X 50mm.                                4. Battery : 24/60 V/Ah.   5. Engine: UD TD42', null), ('5963', '187', 'HANGCHA_05_04', 'Surabaya', null, null, null, null, null, null, '1', null, null, 'FORKLIFT', null, '0', null, '2018-09-06 19:07:11', '2018-09-06 19:07:11', 'VESSEL TEMP 04', 'HC-SBY-H18A0451-01882, 01143', 'CPCD40-RW19', 'A2AH09410', '500259', 'A2AH09410', 'HANGCHA', null, null, null, '1. Power Type: Diesel. 2.Rated Capacity: 4000kg. 3.Fork Size: 1070 X 122 X 50mm.                                4. Battery : 24/60 V/Ah.   5. Engine: UD TD42', null), ('5964', '187', 'HANGCHA_05_04', 'Surabaya', null, null, null, null, null, null, '1', null, null, 'FORKLIFT', null, '0', null, '2018-09-06 19:07:11', '2018-09-06 19:07:11', 'VESSEL TEMP 04', 'HC-SBY-H18A0451-01882, 01143', 'CPCD40-RW19', 'A2AH09411', '500260', 'A2AH09411', 'HANGCHA', null, null, null, '1. Power Type: Diesel. 2.Rated Capacity: 4000kg. 3.Fork Size: 1070 X 122 X 50mm.                                4. Battery : 24/60 V/Ah.   5. Engine: UD TD42', null);
INSERT INTO `iel_entry_detail` VALUES ('5965', '187', 'HANGCHA_05_04', 'Surabaya', null, null, null, null, null, null, '1', null, null, 'FORKLIFT', null, '0', null, '2018-09-06 19:07:11', '2018-09-06 19:07:11', 'VESSEL TEMP 04', 'HC-SBY-H18A0451-01882, 01143', 'CPCD70-RW14', 'A3AH07461', '371006', 'A3AH07461', 'HANGCHA', null, null, null, '1. Power Type: Diesel. 2.Rated Capacity: 4000kg. 3.Fork Size: 1070 X 122 X 50mm.                                4. Battery : 24/60 V/Ah.   5. Engine: UD TD42', null), ('5966', '188', 'HANGCHA_05_05', 'Surabaya', null, null, null, null, null, null, '1', null, null, 'FORKLIFT', null, '0', null, '2018-09-06 19:07:26', '2018-09-06 19:07:26', 'VESSEL TEMP 05', 'HC-SBY-H17A0451-05102,05135', 'CPCD35-XRG2', 'M5AG00910', '17081926', 'M5AG00910', 'HANGCHA', null, null, null, '1. Rated Capacity: 3500kg.       2. Load Centre Distance: 500mm.                                       3. Service Weight: 4750kg.       4. Engine: XINCHAI/C490BPG.  5. Engine Power: 45x2650 kW/r/min. ', null), ('5967', '188', 'HANGCHA_05_05', 'Surabaya', null, null, null, null, null, null, '1', null, null, 'FORKLIFT', null, '0', null, '2018-09-06 19:07:26', '2018-09-06 19:07:26', 'VESSEL TEMP 05', 'HC-SBY-H17A0451-05102,05135', 'CPCD35-XRW55F', 'M5AG01210', '301380', 'M5AG01210', 'HANGCHA', null, null, null, '1. Rated Capacity: 3500kg.       2. Load Centre Distance: 500mm.                                       3. Service Weight: 4750kg.       4. Engine: MITSUBISHI/8S4S-DPEU2.                                        5. Engine Power: 35.3x2250 kW/r/min. ', null), ('5968', '188', 'HANGCHA_05_05', 'Surabaya', null, null, null, null, null, null, '1', null, null, 'FORKLIFT', null, '0', null, '2018-09-06 19:07:26', '2018-09-06 19:07:26', 'VESSEL TEMP 05', 'HC-SBY-H17A0451-05102,05135', 'CPCD30-XRW55F', 'M5AG01205', '301388', 'M5AG01205', 'HANGCHA', null, null, null, '1. Rated Capacity: 3500kg.       2. Load Centre Distance: 500mm.                                       3. Service Weight: 4750kg.       4. Engine: MITSUBISHI/8S4S-DPEU2.                                        5. Engine Power: 35.3x2250 kW/r/min. ', null), ('5969', '188', 'HANGCHA_05_05', 'Surabaya', null, null, null, null, null, null, '1', null, null, 'FORKLIFT', null, '0', null, '2018-09-06 19:07:26', '2018-09-06 19:07:26', 'VESSEL TEMP 05', 'HC-SBY-H17A0451-05102,05135', 'CPCD30-XRW55F', 'M5AG01185', '299298', 'M5AG01185', 'HANGCHA', null, null, null, '1. Rated Capacity: 3500kg.       2. Load Centre Distance: 500mm.                                       3. Service Weight: 4750kg.       4. Engine: MITSUBISHI/8S4S-DPEU2.                                        5. Engine Power: 35.3x2250 kW/r/min. ', null), ('5970', '188', 'HANGCHA_05_05', 'Surabaya', null, null, null, null, null, null, '1', null, null, 'FORKLIFT', null, '0', null, '2018-09-06 19:07:26', '2018-09-06 19:07:26', 'VESSEL TEMP 05', 'HC-SBY-H17A0451-05102,05135', 'CPCD30-XRW55F', 'M5AG01184', '299288', 'M5AG01184', 'HANGCHA', null, null, null, '1. Rated Capacity: 3500kg.       2. Load Centre Distance: 500mm.                                       3. Service Weight: 4750kg.       4. Engine: MITSUBISHI/8S4S-DPEU2.                                        5. Engine Power: 35.3x2250 kW/r/min. ', null), ('5971', '189', 'HANGCHA_05_06', 'Jakarta', null, null, null, null, null, null, '1', null, null, 'FORKLIFT', null, '0', null, '2018-09-06 19:07:46', '2018-09-06 19:07:46', 'VESSEL TEMP 06', 'HC-JKT-H17A0451-05102,05135', 'CPCD30-XRW55F', 'M5AG01203', '301387', 'M5AG01203', 'HANGCHA', null, null, null, '1. Power Type : Diesel.   2. Rated Capacity : 3000kg.                              3. Fork Size : 1070 X 122 X 45mm.                                4. Battery : 12/90 V/Ah.    5. Engine: Mitsubishi S4S-Z362CSFL.', null), ('5972', '189', 'HANGCHA_05_06', 'Jakarta', null, null, null, null, null, null, '1', null, null, 'FORKLIFT', null, '0', null, '2018-09-06 19:07:46', '2018-09-06 19:07:46', 'VESSEL TEMP 06', 'HC-JKT-H17A0451-05102,05135', 'CPCD30-XRW55F', 'M5AG01204', '301384', 'M5AG01204', 'HANGCHA', null, null, null, '1. Power Type : Diesel.   2. Rated Capacity : 3000kg.                              3. Fork Size : 1070 X 122 X 45mm.                                4. Battery : 12/90 V/Ah.    5. Engine: Mitsubishi S4S-Z362CSFL.', null), ('5973', '189', 'HANGCHA_05_06', 'Jakarta', null, null, null, null, null, null, '1', null, null, 'FORKLIFT', null, '0', null, '2018-09-06 19:07:46', '2018-09-06 19:07:46', 'VESSEL TEMP 06', 'HC-JKT-H17A0451-05102,05135', 'CPCD30-XRW55F', 'M5AG01201', '299297', 'M5AG01201', 'HANGCHA', null, null, null, '1. Power Type : Diesel.   2. Rated Capacity : 3000kg.                              3. Fork Size : 1070 X 122 X 45mm.                                4. Battery : 12/90 V/Ah.    5. Engine: Mitsubishi S4S-Z362CSFL.', null), ('5974', '189', 'HANGCHA_05_06', 'Jakarta', null, null, null, null, null, null, '1', null, null, 'FORKLIFT', null, '0', null, '2018-09-06 19:07:46', '2018-09-06 19:07:46', 'VESSEL TEMP 06', 'HC-JKT-H17A0451-05102,05135', 'CPCD30-XRW55F', 'M5AG01186', '299299', 'M5AG01186', 'HANGCHA', null, null, null, '1. Power Type : Diesel.   2. Rated Capacity : 3000kg.                              3. Fork Size : 1070 X 122 X 45mm.                                4. Battery : 12/90 V/Ah.    5. Engine: Mitsubishi S4S-Z362CSFL.', null), ('5975', '189', 'HANGCHA_05_06', 'Jakarta', null, null, null, null, null, null, '1', null, null, 'FORKLIFT', null, '0', null, '2018-09-06 19:07:46', '2018-09-06 19:07:46', 'VESSEL TEMP 06', 'HC-JKT-H17A0451-05102,05135', 'CPCD25-XRW55F', 'M5AG01188', '299291', 'M5AG01188', 'HANGCHA', null, null, null, '1. Power Type : Diesel.   2. Rated Capacity : 2500kg.                              3. Fork Size : 1070 X 122 X 45mm.                                4. Battery : 12/90 V/Ah.    5. Engine: Mitsubishi S4S-Z362CSFL.', null), ('5976', '190', 'HANGCHA_05_03', 'Surabaya', null, null, null, null, null, null, '1', null, null, 'FORKLIFT', null, '0', null, '2018-09-06 19:08:00', '2018-09-06 19:08:00', 'VESSEL TEMP 03', 'HC-SBY-H18A0451-01602', 'CPCD50-XRXW76', 'M8AH00165', '108817', 'M8AH00165', 'HANGCHA', null, null, null, '1. Rated Capacity : 5000kg.                              2. Load Centre: 500mm.  3. Engine: Mitsubishi S6S.                                    4. Max Fork Height: 4000mm.                            5. Long Fork: 1220mm.     6. Rated Output: 52KW/2300rpm. ', null), ('5977', '190', 'HANGCHA_05_03', 'Surabaya', null, null, null, null, null, null, '1', null, null, 'FORKLIFT', null, '0', null, '2018-09-06 19:08:00', '2018-09-06 19:08:00', 'VESSEL TEMP 03', 'HC-SBY-H18A0451-01602', 'CPCD50-XRXW76', 'M8AH00164', '108828', 'M8AH00164', 'HANGCHA', null, null, null, '1. Rated Capacity : 5000kg.                              2. Load Centre: 500mm.  3. Engine: Mitsubishi S6S.                                    4. Max Fork Height: 4000mm.                            5. Long Fork: 1220mm.     6. Rated Output: 52KW/2300rpm. ', null), ('5978', '191', 'HANGCHA_05_04', 'Surabaya', null, null, null, null, null, null, '1', null, null, 'FORKLIFT', null, '0', null, '2018-09-06 19:08:15', '2018-09-06 19:08:15', 'VESSEL TEMP 04', 'HC-SBY-H18A0451-01882, 01143', 'CPCD40-RW19', 'A2AH09401', '500236', 'A2AH09401', 'HANGCHA', null, null, null, '1. Power Type: Diesel. 2.Rated Capacity: 4000kg. 3.Fork Size: 1070 X 122 X 50mm.                                4. Battery : 24/60 V/Ah.   5. Engine: UD TD42', null), ('5979', '191', 'HANGCHA_05_04', 'Surabaya', null, null, null, null, null, null, '1', null, null, 'FORKLIFT', null, '0', null, '2018-09-06 19:08:15', '2018-09-06 19:08:15', 'VESSEL TEMP 04', 'HC-SBY-H18A0451-01882, 01143', 'CPCD40-RW19', 'A2AH09402', '500233', 'A2AH09402', 'HANGCHA', null, null, null, '1. Power Type: Diesel. 2.Rated Capacity: 4000kg. 3.Fork Size: 1070 X 122 X 50mm.                                4. Battery : 24/60 V/Ah.   5. Engine: UD TD42', null), ('5980', '191', 'HANGCHA_05_04', 'Surabaya', null, null, null, null, null, null, '1', null, null, 'FORKLIFT', null, '0', null, '2018-09-06 19:08:15', '2018-09-06 19:08:15', 'VESSEL TEMP 04', 'HC-SBY-H18A0451-01882, 01143', 'CPCD40-RW19', 'A2AH09403', '500235', 'A2AH09403', 'HANGCHA', null, null, null, '1. Power Type: Diesel. 2.Rated Capacity: 4000kg. 3.Fork Size: 1070 X 122 X 50mm.                                4. Battery : 24/60 V/Ah.   5. Engine: UD TD42', null), ('5981', '191', 'HANGCHA_05_04', 'Surabaya', null, null, null, null, null, null, '1', null, null, 'FORKLIFT', null, '0', null, '2018-09-06 19:08:15', '2018-09-06 19:08:15', 'VESSEL TEMP 04', 'HC-SBY-H18A0451-01882, 01143', 'CPCD40-RW19', 'A2AH09404', '500234', 'A2AH09404', 'HANGCHA', null, null, null, '1. Power Type: Diesel. 2.Rated Capacity: 4000kg. 3.Fork Size: 1070 X 122 X 50mm.                                4. Battery : 24/60 V/Ah.   5. Engine: UD TD42', null), ('5982', '191', 'HANGCHA_05_04', 'Surabaya', null, null, null, null, null, null, '1', null, null, 'FORKLIFT', null, '0', null, '2018-09-06 19:08:15', '2018-09-06 19:08:15', 'VESSEL TEMP 04', 'HC-SBY-H18A0451-01882, 01143', 'CPCD40-RW19', 'A2AH09405', '500251', 'A2AH09405', 'HANGCHA', null, null, null, '1. Power Type: Diesel. 2.Rated Capacity: 4000kg. 3.Fork Size: 1070 X 122 X 50mm.                                4. Battery : 24/60 V/Ah.   5. Engine: UD TD42', null), ('5983', '191', 'HANGCHA_05_04', 'Surabaya', null, null, null, null, null, null, '1', null, null, 'FORKLIFT', null, '0', null, '2018-09-06 19:08:15', '2018-09-06 19:08:15', 'VESSEL TEMP 04', 'HC-SBY-H18A0451-01882, 01143', 'CPCD40-RW19', 'A2AH09408', '500261', 'A2AH09408', 'HANGCHA', null, null, null, '1. Power Type: Diesel. 2.Rated Capacity: 4000kg. 3.Fork Size: 1070 X 122 X 50mm.                                4. Battery : 24/60 V/Ah.   5. Engine: UD TD42', null), ('5984', '191', 'HANGCHA_05_04', 'Surabaya', null, null, null, null, null, null, '1', null, null, 'FORKLIFT', null, '0', null, '2018-09-06 19:08:15', '2018-09-06 19:08:15', 'VESSEL TEMP 04', 'HC-SBY-H18A0451-01882, 01143', 'CPCD40-RW19', 'A2AH09409', '500255', 'A2AH09409', 'HANGCHA', null, null, null, '1. Power Type: Diesel. 2.Rated Capacity: 4000kg. 3.Fork Size: 1070 X 122 X 50mm.                                4. Battery : 24/60 V/Ah.   5. Engine: UD TD42', null), ('5985', '191', 'HANGCHA_05_04', 'Surabaya', null, null, null, null, null, null, '1', null, null, 'FORKLIFT', null, '0', null, '2018-09-06 19:08:15', '2018-09-06 19:08:15', 'VESSEL TEMP 04', 'HC-SBY-H18A0451-01882, 01143', 'CPCD40-RW19', 'A2AH09410', '500259', 'A2AH09410', 'HANGCHA', null, null, null, '1. Power Type: Diesel. 2.Rated Capacity: 4000kg. 3.Fork Size: 1070 X 122 X 50mm.                                4. Battery : 24/60 V/Ah.   5. Engine: UD TD42', null), ('5986', '191', 'HANGCHA_05_04', 'Surabaya', null, null, null, null, null, null, '1', null, null, 'FORKLIFT', null, '0', null, '2018-09-06 19:08:15', '2018-09-06 19:08:15', 'VESSEL TEMP 04', 'HC-SBY-H18A0451-01882, 01143', 'CPCD40-RW19', 'A2AH09411', '500260', 'A2AH09411', 'HANGCHA', null, null, null, '1. Power Type: Diesel. 2.Rated Capacity: 4000kg. 3.Fork Size: 1070 X 122 X 50mm.                                4. Battery : 24/60 V/Ah.   5. Engine: UD TD42', null), ('5987', '191', 'HANGCHA_05_04', 'Surabaya', null, null, null, null, null, null, '1', null, null, 'FORKLIFT', null, '0', null, '2018-09-06 19:08:15', '2018-09-06 19:08:15', 'VESSEL TEMP 04', 'HC-SBY-H18A0451-01882, 01143', 'CPCD70-RW14', 'A3AH07461', '371006', 'A3AH07461', 'HANGCHA', null, null, null, '1. Power Type: Diesel. 2.Rated Capacity: 4000kg. 3.Fork Size: 1070 X 122 X 50mm.                                4. Battery : 24/60 V/Ah.   5. Engine: UD TD42', null), ('5988', '192', 'HANGCHA_05_05', 'Surabaya', null, null, null, null, null, null, '1', null, null, 'FORKLIFT', null, '0', null, '2018-09-06 19:08:24', '2018-09-06 19:08:24', 'VESSEL TEMP 05', 'HC-SBY-H17A0451-05102,05135', 'CPCD35-XRG2', 'M5AG00910', '17081926', 'M5AG00910', 'HANGCHA', null, null, null, '1. Rated Capacity: 3500kg.       2. Load Centre Distance: 500mm.                                       3. Service Weight: 4750kg.       4. Engine: XINCHAI/C490BPG.  5. Engine Power: 45x2650 kW/r/min. ', null), ('5989', '192', 'HANGCHA_05_05', 'Surabaya', null, null, null, null, null, null, '1', null, null, 'FORKLIFT', null, '0', null, '2018-09-06 19:08:24', '2018-09-06 19:08:24', 'VESSEL TEMP 05', 'HC-SBY-H17A0451-05102,05135', 'CPCD35-XRW55F', 'M5AG01210', '301380', 'M5AG01210', 'HANGCHA', null, null, null, '1. Rated Capacity: 3500kg.       2. Load Centre Distance: 500mm.                                       3. Service Weight: 4750kg.       4. Engine: MITSUBISHI/8S4S-DPEU2.                                        5. Engine Power: 35.3x2250 kW/r/min. ', null), ('5990', '192', 'HANGCHA_05_05', 'Surabaya', null, null, null, null, null, null, '1', null, null, 'FORKLIFT', null, '0', null, '2018-09-06 19:08:24', '2018-09-06 19:08:24', 'VESSEL TEMP 05', 'HC-SBY-H17A0451-05102,05135', 'CPCD30-XRW55F', 'M5AG01205', '301388', 'M5AG01205', 'HANGCHA', null, null, null, '1. Rated Capacity: 3500kg.       2. Load Centre Distance: 500mm.                                       3. Service Weight: 4750kg.       4. Engine: MITSUBISHI/8S4S-DPEU2.                                        5. Engine Power: 35.3x2250 kW/r/min. ', null), ('5991', '192', 'HANGCHA_05_05', 'Surabaya', null, null, null, null, null, null, '1', null, null, 'FORKLIFT', null, '0', null, '2018-09-06 19:08:24', '2018-09-06 19:08:24', 'VESSEL TEMP 05', 'HC-SBY-H17A0451-05102,05135', 'CPCD30-XRW55F', 'M5AG01185', '299298', 'M5AG01185', 'HANGCHA', null, null, null, '1. Rated Capacity: 3500kg.       2. Load Centre Distance: 500mm.                                       3. Service Weight: 4750kg.       4. Engine: MITSUBISHI/8S4S-DPEU2.                                        5. Engine Power: 35.3x2250 kW/r/min. ', null), ('5992', '192', 'HANGCHA_05_05', 'Surabaya', null, null, null, null, null, null, '1', null, null, 'FORKLIFT', null, '0', null, '2018-09-06 19:08:24', '2018-09-06 19:08:24', 'VESSEL TEMP 05', 'HC-SBY-H17A0451-05102,05135', 'CPCD30-XRW55F', 'M5AG01184', '299288', 'M5AG01184', 'HANGCHA', null, null, null, '1. Rated Capacity: 3500kg.       2. Load Centre Distance: 500mm.                                       3. Service Weight: 4750kg.       4. Engine: MITSUBISHI/8S4S-DPEU2.                                        5. Engine Power: 35.3x2250 kW/r/min. ', null), ('5993', '193', 'HANGCHA_05_06', 'Jakarta', null, null, null, null, null, null, '1', null, null, 'FORKLIFT', null, '0', null, '2018-09-06 19:08:37', '2018-09-06 19:08:37', 'VESSEL TEMP 06', 'HC-JKT-H17A0451-05102,05135', 'CPCD30-XRW55F', 'M5AG01203', '301387', 'M5AG01203', 'HANGCHA', null, null, null, '1. Power Type : Diesel.   2. Rated Capacity : 3000kg.                              3. Fork Size : 1070 X 122 X 45mm.                                4. Battery : 12/90 V/Ah.    5. Engine: Mitsubishi S4S-Z362CSFL.', null), ('5994', '193', 'HANGCHA_05_06', 'Jakarta', null, null, null, null, null, null, '1', null, null, 'FORKLIFT', null, '0', null, '2018-09-06 19:08:37', '2018-09-06 19:08:37', 'VESSEL TEMP 06', 'HC-JKT-H17A0451-05102,05135', 'CPCD30-XRW55F', 'M5AG01204', '301384', 'M5AG01204', 'HANGCHA', null, null, null, '1. Power Type : Diesel.   2. Rated Capacity : 3000kg.                              3. Fork Size : 1070 X 122 X 45mm.                                4. Battery : 12/90 V/Ah.    5. Engine: Mitsubishi S4S-Z362CSFL.', null), ('5995', '193', 'HANGCHA_05_06', 'Jakarta', null, null, null, null, null, null, '1', null, null, 'FORKLIFT', null, '0', null, '2018-09-06 19:08:37', '2018-09-06 19:08:37', 'VESSEL TEMP 06', 'HC-JKT-H17A0451-05102,05135', 'CPCD30-XRW55F', 'M5AG01201', '299297', 'M5AG01201', 'HANGCHA', null, null, null, '1. Power Type : Diesel.   2. Rated Capacity : 3000kg.                              3. Fork Size : 1070 X 122 X 45mm.                                4. Battery : 12/90 V/Ah.    5. Engine: Mitsubishi S4S-Z362CSFL.', null), ('5996', '193', 'HANGCHA_05_06', 'Jakarta', null, null, null, null, null, null, '1', null, null, 'FORKLIFT', null, '0', null, '2018-09-06 19:08:37', '2018-09-06 19:08:37', 'VESSEL TEMP 06', 'HC-JKT-H17A0451-05102,05135', 'CPCD30-XRW55F', 'M5AG01186', '299299', 'M5AG01186', 'HANGCHA', null, null, null, '1. Power Type : Diesel.   2. Rated Capacity : 3000kg.                              3. Fork Size : 1070 X 122 X 45mm.                                4. Battery : 12/90 V/Ah.    5. Engine: Mitsubishi S4S-Z362CSFL.', null), ('5997', '193', 'HANGCHA_05_06', 'Jakarta', null, null, null, null, null, null, '1', null, null, 'FORKLIFT', null, '0', null, '2018-09-06 19:08:37', '2018-09-06 19:08:37', 'VESSEL TEMP 06', 'HC-JKT-H17A0451-05102,05135', 'CPCD25-XRW55F', 'M5AG01188', '299291', 'M5AG01188', 'HANGCHA', null, null, null, '1. Power Type : Diesel.   2. Rated Capacity : 2500kg.                              3. Fork Size : 1070 X 122 X 45mm.                                4. Battery : 12/90 V/Ah.    5. Engine: Mitsubishi S4S-Z362CSFL.', null), ('5998', '194', 'HANGCHA_07_01', 'Surabaya', null, null, null, null, null, null, '1', null, null, 'FORKLIFT TRUCK', null, '0', null, '2018-09-06 19:09:02', '2018-09-06 19:09:02', 'VESSEL TEMP 01', 'HC-SUB-H18A0451-03029', 'CPCD50-RXG24', 'A2AH09431', 'Y18025612', 'A2AH09431', 'HANGCHA', null, null, null, '1. Power Type: Diesel.    2. Rated Capacity: 5000kg.                               3. Fork Size: 1070X150X50mm.                                4. Battery: 24/60 V/Ah.    5. Engine: LUOTUO LR4B3-22', null), ('5999', '194', 'HANGCHA_07_01', 'Surabaya', null, null, null, null, null, null, '1', null, null, 'FORKLIFT TRUCK', null, '0', null, '2018-09-06 19:09:02', '2018-09-06 19:09:02', 'VESSEL TEMP 01', 'HC-SUB-H18A0451-03029', 'CPCD50-RW14', 'A3AH07657', '375686', 'A3AH07657', 'HANGCHA', null, null, null, '1. Power Type: Diesel.    2. Rated Capacity: 5000kg.                               3. Fork Size: 1200X150X60mm.                                4. Battery: 2X12/90 V/Ah. 5. Engine: Isuzu 6BG1QP', null), ('6000', '194', 'HANGCHA_07_01', 'Surabaya', null, null, null, null, null, null, '1', null, null, 'FORKLIFT TRUCK', null, '0', null, '2018-09-06 19:09:02', '2018-09-06 19:09:02', 'VESSEL TEMP 01', 'HC-SUB-H18A0451-03029', 'CPCD50-RG24', 'A3AH07559', 'Y18025490', 'A3AH07559', 'HANGCHA', null, null, null, '1. Rated Capacity : 5000kg.                              2. Load Centre Distance : 600mm.                                    3. Fork Size: 1200X150X60mm.                 4. Battery: 24/105 V/Ah.                   5. Engine: CHINA LR4108G10Y.', null), ('6001', '194', 'HANGCHA_07_01', 'Surabaya', null, null, null, null, null, null, '1', null, null, 'FORKLIFT TRUCK', null, '0', null, '2018-09-06 19:09:02', '2018-09-06 19:09:02', 'VESSEL TEMP 01', 'HC-SUB-H18A0451-03029', 'CPCD70-RW14', 'A3AH07631', '374901', 'A3AH07631', 'HANGCHA', null, null, null, '1. Power Type: Diesel.    2. Rated Capacity: 7000kg.                               3. Fork Size: 1200 X 150 X 65mm.                                4. Battery: 2X12/90 V/Ah. 5. Engine: Isuzu 6BG1QP', null), ('6002', '194', 'HANGCHA_07_01', 'Surabaya', null, null, null, null, null, null, '1', null, null, 'FORKLIFT TRUCK', null, '0', null, '2018-09-06 19:09:02', '2018-09-06 19:09:02', 'VESSEL TEMP 01', 'HC-SUB-H18A0451-03029', 'CPCD100-RW14', 'A3AH07630', '374897', 'A3AH07630', 'HANGCHA', null, null, null, '1. Power Type: Diesel.    2. Rated Capacity: 10000kg.                               3. Fork Size: 1500 X 160 X 80mm.                                4. Battery: 2X12/90 V/Ah. 5. Engine: Isuzu 6BG1QP', null), ('6003', '194', 'HANGCHA_07_01', 'Surabaya', null, null, null, null, null, null, '1', null, null, 'FORKLIFT TRUCK', null, '0', null, '2018-09-06 19:09:02', '2018-09-06 19:09:02', 'VESSEL TEMP 01', 'HC-SUB-H18A0451-03029', 'CPCD30-AG2', 'G5AHN9166', '18066742', 'G5AHN9166', 'HANGCHA', null, null, null, '1. Rated Capacity : 3000kg.                              2. Load Centre Distance : 500mm.                                    3. Service Weight: 4270kg.                                     4. Battery: 12/90 V/Ah.                   5. Engine: CHINA C490BPG-204.', null), ('6004', '194', 'HANGCHA_07_01', 'Surabaya', null, null, null, null, null, null, '1', null, null, 'FORKLIFT TRUCK', null, '0', null, '2018-09-06 19:09:02', '2018-09-06 19:09:02', 'VESSEL TEMP 01', 'HC-SUB-H18A0451-03029', 'CPC30-AG2', 'G5AHN9164', '18069058', 'G5AHN9164', 'HANGCHA', null, null, null, '1. 3.0T A Series 4-Wheel Diesel Forklift.                2. AC Driving and DC Lifting.                               3. Curtis Controller.         4. XINCHAI Engine C490BPG-416', null), ('6005', '194', 'HANGCHA_07_01', 'Surabaya', null, null, null, null, null, null, '1', null, null, 'FORKLIFT TRUCK', null, '0', null, '2018-09-06 19:09:02', '2018-09-06 19:09:02', 'VESSEL TEMP 01', 'HC-SUB-H18A0451-03029', 'CPCD30-AW10', 'G5AHN9167', '261362', 'G5AHN9167', 'HANGCHA', null, null, null, '1. 3.0T A Series Diesel Forklift.                             2. Isuzu Engine C240.      3. Manual Operational.', null), ('6006', '194', 'HANGCHA_07_01', 'Surabaya', null, null, null, null, null, null, '1', null, null, 'FORKLIFT TRUCK', null, '0', null, '2018-09-06 19:09:02', '2018-09-06 19:09:02', 'VESSEL TEMP 01', 'HC-SUB-H18A0451-03029', 'CPC30-AW10', 'G5AHN9160', '261364', 'G5AHN9160', 'HANGCHA', null, null, null, '1. 3.0T A Series Diesel Forklift.                             2. Isuzu Engine.               3. Matic Operational. ', null), ('6007', '195', 'HANGCHA_07_02', 'Jakarta', null, null, null, null, null, null, '1', null, null, 'FORKLIFT TRUCK', '25', '1', null, '2018-09-06 19:09:12', '2018-09-10 16:39:54', 'VESSEL TEMP 02', 'HC-JKT-H18A0451-04553,03029', 'CPCD50-RXG24', 'A2AH09430', 'Y18025608', 'A2AH09430', 'HANGCHA', null, null, null, '1. Power Type: Diesel.    2. Rated Capacity: 5000kg.                               3. Fork Size: 1070X150X50mm.                                4. Battery: 24/60 V/Ah.    5. Engine: LUOTUO LR4B3-22', null), ('6008', '195', 'HANGCHA_07_02', 'Jakarta', null, null, null, null, null, null, '1', null, null, 'FORKLIFT TRUCK', '25', '1', null, '2018-09-06 19:09:12', '2018-09-10 16:41:58', 'VESSEL TEMP 02', 'HC-JKT-H18A0451-04553,03029', 'CPCD50-RW14', 'A3AH07616', '374940', 'A3AH07616', 'HANGCHA', null, null, null, '1. Power Type: Diesel.    2. Rated Capacity: 7000kg.                               3. Fork Size: 1200 X 150 X 65mm.                                4. Battery: 2X12/90 V/Ah. 5. Engine: Isuzu 6BG1QP', null), ('6009', '195', 'HANGCHA_07_02', 'Jakarta', null, null, null, null, null, null, '1', null, null, 'FORKLIFT TRUCK', '25', '1', null, '2018-09-06 19:09:12', '2018-09-10 17:26:07', 'VESSEL TEMP 02', 'HC-JKT-H18A0451-04553,03029', 'CPCD50-RG24', 'A3AH07560', 'Y18025488', 'A3AH07560', 'HANGCHA', null, null, null, '1. Rated Capacity : 5000kg.                              2. Load Centre Distance : 600mm.                                    3. Fork Size: 1200X150X60mm.                 4. Battery: 24/105 V/Ah.                   5. Engine: CHINA LR4108G10Y.', null), ('6010', '195', 'HANGCHA_07_02', 'Jakarta', null, null, null, null, null, null, '1', null, null, 'FORKLIFT TRUCK', '25', '1', null, '2018-09-06 19:09:12', '2018-09-10 17:28:18', 'VESSEL TEMP 02', 'HC-JKT-H18A0451-04553,03029', 'CPCD70-RW14', 'A3AH07632', '374915', 'A3AH07632', 'HANGCHA', null, null, null, '1. Power Type: Diesel.    2. Rated Capacity: 7000kg.                               3. Fork Size: 1200 X 150 X 65mm.                                4. Battery: 2X12/90 V/Ah. 5. Engine: Isuzu 6BG1QP', null), ('6011', '195', 'HANGCHA_07_02', 'Jakarta', null, null, null, null, null, null, '1', null, null, 'FORKLIFT TRUCK', '25', '1', null, '2018-09-06 19:09:12', '2018-09-10 17:29:31', 'VESSEL TEMP 02', 'HC-JKT-H18A0451-04553,03029', 'CPCD100-RW14', 'A3AH07629', '374898', 'A3AH07629', 'HANGCHA', null, null, null, '1. Power Type: Diesel.    2. Rated Capacity: 10000kg.                               3. Fork Size: 1500 X 160 X 80mm.                                4. Battery: 2X12/90 V/Ah. 5. Engine: Isuzu 6BG1QP', null), ('6012', '195', 'HANGCHA_07_02', 'Jakarta', null, null, null, null, null, null, '1', null, null, 'FORKLIFT TRUCK', '25', '1', null, '2018-09-06 19:09:12', '2018-09-10 17:30:55', 'VESSEL TEMP 02', 'HC-JKT-H18A0451-04553,03029', 'CPCD30-AG2', 'G5AHN9165', '18066743', 'G5AHN9165', 'HANGCHA', null, null, null, '1. Rated Capacity : 3000kg.                              2. Load Centre Distance : 500mm.                                    3. Service Weight: 4270kg.                                     4. Battery: 12/90 V/Ah.                   5. Engine: CHINA C490BPG-204.', null), ('6013', '195', 'HANGCHA_07_02', 'Jakarta', null, null, null, null, null, null, '1', null, null, 'FORKLIFT TRUCK', '25', '1', null, '2018-09-06 19:09:12', '2018-09-10 17:32:54', 'VESSEL TEMP 02', 'HC-JKT-H18A0451-04553,03029', 'CPC30-AG2', 'G5AHN9163', '18069061', 'G5AHN9163', 'HANGCHA', null, null, null, '1. 3.0T A Series 4-Wheel Diesel Forklift.                2. AC Driving and DC Lifting.                               3. Curtis Controller.         4. XINCHAI Engine C490BPG-416', null), ('6014', '195', 'HANGCHA_07_02', 'Jakarta', null, null, null, null, null, null, '1', null, null, 'FORKLIFT TRUCK', '25', '1', null, '2018-09-06 19:09:12', '2018-09-10 17:33:47', 'VESSEL TEMP 02', 'HC-JKT-H18A0451-04553,03029', 'CPCD30-AW10', 'G5AHN9168', '261363', 'G5AHN9168', 'HANGCHA', null, null, null, '1. 3.0T A Series Diesel Forklift.                             2. Isuzu Engine C240.      3. Manual Operational.', null), ('6015', '195', 'HANGCHA_07_02', 'Jakarta', null, null, null, null, null, null, '1', null, null, 'FORKLIFT TRUCK', '25', '1', null, '2018-09-06 19:09:12', '2018-09-10 17:34:17', 'VESSEL TEMP 02', 'HC-JKT-H18A0451-04553,03029', 'CPC30-AW10', 'G5AHN9159', '261365', 'G5AHN9159', 'HANGCHA', null, null, null, '1. 3.0T A Series Diesel Forklift.                             2. Isuzu Engine.               3. Matic Operational. ', null), ('6016', '195', 'HANGCHA_07_02', 'Jakarta', null, null, null, null, null, null, '1', null, null, 'ELECTRIC STACKER', '25', '1', null, '2018-09-06 19:09:12', '2018-09-10 17:34:40', 'VESSEL TEMP 02', 'HC-JKT-H18A0451-04553,03029', 'CDD16-AC1S-M', 'JIAH02221', '-', 'JIAH02221', 'HANGCHA', null, null, null, '1. Rated Capacity : 1600/3527kg.                       2. Service Weight : 2000/4409 kg/lb.                 3. Tyre : Polyurethane.           4. Drive motor rating : 1.5/2.0 kW/hp.                    5. Battery voltage : 24/340 V/Ah.', null), ('6017', '196', 'HANGCHA_07_03', 'Jakarta', null, null, null, null, null, null, '1', null, null, 'FORKLIFT TRUCK', null, '0', null, '2018-09-06 19:09:38', '2018-09-06 19:09:38', 'VESSEL TEMP 03', 'HC-JKT-H18A0451-04821,05347-WG', 'CPCD50-RG16', 'A3AH07675', '15043682', 'A3AH07675', 'HANGCHA', null, null, null, '1. Rated Capacity: 5000kg.                                    2. Load Centre: 600mm.                   3. Battery: 24/105 V/Ah.               4. Fork Size: 1200X150X60mm.                     5. Engine: CHINA CY6102BG-2', null), ('6018', '196', 'HANGCHA_07_03', 'Jakarta', null, null, null, null, null, null, '1', null, null, 'SCISSOR LIFT PALLET TRUCK', null, '0', null, '2018-09-06 19:09:38', '2018-09-06 19:09:38', 'VESSEL TEMP 03', 'HC-JKT-H18A0451-04821,05347-WG', 'HLT10', 'G18062076', '-', 'G18062076', 'HANGCHA', null, null, null, '1. Rated Capacity : 1000kg.                              2. Minimum Fork Height: 85mm.                                3. Maximum Fork Height: 800mm.                              4. Fork Length: 1140mm. 5. Out Side Fork Width: 520mm.                      ', null), ('6019', '196', 'HANGCHA_07_03', 'Jakarta', null, null, null, null, null, null, '1', null, null, 'SCISSOR LIFT PALLET TRUCK', null, '0', null, '2018-09-06 19:09:38', '2018-09-06 19:09:38', 'VESSEL TEMP 03', 'HC-JKT-H18A0451-04821,05347-WG', 'HLT10', 'G18062071', '-', 'G18062071', 'HANGCHA', null, null, null, '1. Rated Capacity : 1000kg.                              2. Minimum Fork Height: 85mm.                                3. Maximum Fork Height: 800mm.                              4. Fork Length: 1140mm. 5. Out Side Fork Width: 520mm.                      ', null), ('6020', '196', 'HANGCHA_07_03', 'Jakarta', null, null, null, null, null, null, '1', null, null, 'SCISSOR LIFT PALLET TRUCK', null, '0', null, '2018-09-06 19:09:38', '2018-09-06 19:09:38', 'VESSEL TEMP 03', 'HC-JKT-H18A0451-04821,05347-WG', 'HLT10', 'G18062067', '-', 'G18062067', 'HANGCHA', null, null, null, '1. Rated Capacity : 1000kg.                              2. Minimum Fork Height: 85mm.                                3. Maximum Fork Height: 800mm.                              4. Fork Length: 1140mm. 5. Out Side Fork Width: 520mm.                      ', null), ('6021', '196', 'HANGCHA_07_03', 'Jakarta', null, null, null, null, null, null, '1', null, null, 'SCISSOR LIFT PALLET TRUCK', null, '0', null, '2018-09-06 19:09:38', '2018-09-06 19:09:38', 'VESSEL TEMP 03', 'HC-JKT-H18A0451-04821,05347-WG', 'HLT10', 'G18062077', '-', 'G18062077', 'HANGCHA', null, null, null, '1. Rated Capacity : 1000kg.                              2. Minimum Fork Height: 85mm.                                3. Maximum Fork Height: 800mm.                              4. Fork Length: 1140mm. 5. Out Side Fork Width: 520mm.                      ', null), ('6022', '196', 'HANGCHA_07_03', 'Jakarta', null, null, null, null, null, null, '1', null, null, 'SCISSOR LIFT PALLET TRUCK', null, '0', null, '2018-09-06 19:09:38', '2018-09-06 19:09:38', 'VESSEL TEMP 03', 'HC-JKT-H18A0451-04821,05347-WG', 'HLT10', 'G18062072', '-', 'G18062072', 'HANGCHA', null, null, null, '1. Rated Capacity : 1000kg.                              2. Minimum Fork Height: 85mm.                                3. Maximum Fork Height: 800mm.                              4. Fork Length: 1140mm. 5. Out Side Fork Width: 520mm.                      ', null), ('6023', '196', 'HANGCHA_07_03', 'Jakarta', null, null, null, null, null, null, '1', null, null, 'SCISSOR LIFT PALLET TRUCK', null, '0', null, '2018-09-06 19:09:38', '2018-09-06 19:09:38', 'VESSEL TEMP 03', 'HC-JKT-H18A0451-04821,05347-WG', 'HLT10', 'G18062063', '-', 'G18062063', 'HANGCHA', null, null, null, '1. Rated Capacity : 1000kg.                              2. Minimum Fork Height: 85mm.                                3. Maximum Fork Height: 800mm.                              4. Fork Length: 1140mm. 5. Out Side Fork Width: 520mm.                      ', null), ('6024', '196', 'HANGCHA_07_03', 'Jakarta', null, null, null, null, null, null, '1', null, null, 'SCISSOR LIFT PALLET TRUCK', null, '0', null, '2018-09-06 19:09:38', '2018-09-06 19:09:38', 'VESSEL TEMP 03', 'HC-JKT-H18A0451-04821,05347-WG', 'HLT10', 'G18062073', '-', 'G18062073', 'HANGCHA', null, null, null, '1. Rated Capacity : 1000kg.                              2. Minimum Fork Height: 85mm.                                3. Maximum Fork Height: 800mm.                              4. Fork Length: 1140mm. 5. Out Side Fork Width: 520mm.                      ', null), ('6025', '196', 'HANGCHA_07_03', 'Jakarta', null, null, null, null, null, null, '1', null, null, 'SCISSOR LIFT PALLET TRUCK', null, '0', null, '2018-09-06 19:09:38', '2018-09-06 19:09:38', 'VESSEL TEMP 03', 'HC-JKT-H18A0451-04821,05347-WG', 'HLT10', 'G18062068', '-', 'G18062068', 'HANGCHA', null, null, null, '1. Rated Capacity : 1000kg.                              2. Minimum Fork Height: 85mm.                                3. Maximum Fork Height: 800mm.                              4. Fork Length: 1140mm. 5. Out Side Fork Width: 520mm.                      ', null), ('6026', '196', 'HANGCHA_07_03', 'Jakarta', null, null, null, null, null, null, '1', null, null, 'SCISSOR LIFT PALLET TRUCK', null, '0', null, '2018-09-06 19:09:38', '2018-09-06 19:09:38', 'VESSEL TEMP 03', 'HC-JKT-H18A0451-04821,05347-WG', 'HLT10', 'G18062066', '-', 'G18062066', 'HANGCHA', null, null, null, '1. Rated Capacity : 1000kg.                              2. Minimum Fork Height: 85mm.                                3. Maximum Fork Height: 800mm.                              4. Fork Length: 1140mm. 5. Out Side Fork Width: 520mm.                      ', null), ('6027', '196', 'HANGCHA_07_03', 'Jakarta', null, null, null, null, null, null, '1', null, null, 'SCISSOR LIFT PALLET TRUCK', null, '0', null, '2018-09-06 19:09:38', '2018-09-06 19:09:38', 'VESSEL TEMP 03', 'HC-JKT-H18A0451-04821,05347-WG', 'HLT10', 'G18062064', '-', 'G18062064', 'HANGCHA', null, null, null, '1. Rated Capacity : 1000kg.                              2. Minimum Fork Height: 85mm.                                3. Maximum Fork Height: 800mm.                              4. Fork Length: 1140mm. 5. Out Side Fork Width: 520mm.                      ', null), ('6028', '196', 'HANGCHA_07_03', 'Jakarta', null, null, null, null, null, null, '1', null, null, 'SCISSOR LIFT PALLET TRUCK', null, '0', null, '2018-09-06 19:09:38', '2018-09-06 19:09:38', 'VESSEL TEMP 03', 'HC-JKT-H18A0451-04821,05347-WG', 'HLT10', 'G18062070', '-', 'G18062070', 'HANGCHA', null, null, null, '1. Rated Capacity : 1000kg.                              2. Minimum Fork Height: 85mm.                                3. Maximum Fork Height: 800mm.                              4. Fork Length: 1140mm. 5. Out Side Fork Width: 520mm.                      ', null), ('6029', '196', 'HANGCHA_07_03', 'Jakarta', null, null, null, null, null, null, '1', null, null, 'SCISSOR LIFT PALLET TRUCK', null, '0', null, '2018-09-06 19:09:38', '2018-09-06 19:09:38', 'VESSEL TEMP 03', 'HC-JKT-H18A0451-04821,05347-WG', 'HLT10', 'G18062075', '-', 'G18062075', 'HANGCHA', null, null, null, '1. Rated Capacity : 1000kg.                              2. Minimum Fork Height: 85mm.                                3. Maximum Fork Height: 800mm.                              4. Fork Length: 1140mm. 5. Out Side Fork Width: 520mm.                      ', null), ('6030', '196', 'HANGCHA_07_03', 'Jakarta', null, null, null, null, null, null, '1', null, null, 'SCISSOR LIFT PALLET TRUCK', null, '0', null, '2018-09-06 19:09:38', '2018-09-06 19:09:38', 'VESSEL TEMP 03', 'HC-JKT-H18A0451-04821,05347-WG', 'HLT10', 'G18062074', '-', 'G18062074', 'HANGCHA', null, null, null, '1. Rated Capacity : 1000kg.                              2. Minimum Fork Height: 85mm.                                3. Maximum Fork Height: 800mm.                              4. Fork Length: 1140mm. 5. Out Side Fork Width: 520mm.                      ', null), ('6031', '196', 'HANGCHA_07_03', 'Jakarta', null, null, null, null, null, null, '1', null, null, 'SCISSOR LIFT PALLET TRUCK', null, '0', null, '2018-09-06 19:09:38', '2018-09-06 19:09:38', 'VESSEL TEMP 03', 'HC-JKT-H18A0451-04821,05347-WG', 'HLT10', 'G18062065', '-', 'G18062065', 'HANGCHA', null, null, null, '1. Rated Capacity : 1000kg.                              2. Minimum Fork Height: 85mm.                                3. Maximum Fork Height: 800mm.                              4. Fork Length: 1140mm. 5. Out Side Fork Width: 520mm.                      ', null), ('6032', '196', 'HANGCHA_07_03', 'Jakarta', null, null, null, null, null, null, '1', null, null, 'SCISSOR LIFT PALLET TRUCK', null, '0', null, '2018-09-06 19:09:38', '2018-09-06 19:09:38', 'VESSEL TEMP 03', 'HC-JKT-H18A0451-04821,05347-WG', 'HLT10', 'G18062069', '-', 'G18062069', 'HANGCHA', null, null, null, '1. Rated Capacity : 1000kg.                              2. Minimum Fork Height: 85mm.                                3. Maximum Fork Height: 800mm.                              4. Fork Length: 1140mm. 5. Out Side Fork Width: 520mm.                      ', null), ('6033', '197', 'HANGCHA_07_01', 'Surabaya', null, null, null, null, null, null, '1', null, null, 'FORKLIFT TRUCK', null, '0', null, '2018-09-06 19:10:32', '2018-09-06 19:10:32', 'VESSEL TEMP 01', 'HC-SUB-H18A0451-03029', 'CPCD50-RXG24', 'A2AH09431', 'Y18025612', 'A2AH09431', 'HANGCHA', null, null, null, '1. Power Type: Diesel.    2. Rated Capacity: 5000kg.                               3. Fork Size: 1070X150X50mm.                                4. Battery: 24/60 V/Ah.    5. Engine: LUOTUO LR4B3-22', null), ('6034', '197', 'HANGCHA_07_01', 'Surabaya', null, null, null, null, null, null, '1', null, null, 'FORKLIFT TRUCK', null, '0', null, '2018-09-06 19:10:32', '2018-09-06 19:10:32', 'VESSEL TEMP 01', 'HC-SUB-H18A0451-03029', 'CPCD50-RW14', 'A3AH07657', '375686', 'A3AH07657', 'HANGCHA', null, null, null, '1. Power Type: Diesel.    2. Rated Capacity: 5000kg.                               3. Fork Size: 1200X150X60mm.                                4. Battery: 2X12/90 V/Ah. 5. Engine: Isuzu 6BG1QP', null), ('6035', '197', 'HANGCHA_07_01', 'Surabaya', null, null, null, null, null, null, '1', null, null, 'FORKLIFT TRUCK', null, '0', null, '2018-09-06 19:10:32', '2018-09-06 19:10:32', 'VESSEL TEMP 01', 'HC-SUB-H18A0451-03029', 'CPCD50-RG24', 'A3AH07559', 'Y18025490', 'A3AH07559', 'HANGCHA', null, null, null, '1. Rated Capacity : 5000kg.                              2. Load Centre Distance : 600mm.                                    3. Fork Size: 1200X150X60mm.                 4. Battery: 24/105 V/Ah.                   5. Engine: CHINA LR4108G10Y.', null), ('6036', '197', 'HANGCHA_07_01', 'Surabaya', null, null, null, null, null, null, '1', null, null, 'FORKLIFT TRUCK', null, '0', null, '2018-09-06 19:10:32', '2018-09-06 19:10:32', 'VESSEL TEMP 01', 'HC-SUB-H18A0451-03029', 'CPCD70-RW14', 'A3AH07631', '374901', 'A3AH07631', 'HANGCHA', null, null, null, '1. Power Type: Diesel.    2. Rated Capacity: 7000kg.                               3. Fork Size: 1200 X 150 X 65mm.                                4. Battery: 2X12/90 V/Ah. 5. Engine: Isuzu 6BG1QP', null), ('6037', '197', 'HANGCHA_07_01', 'Surabaya', null, null, null, null, null, null, '1', null, null, 'FORKLIFT TRUCK', null, '0', null, '2018-09-06 19:10:32', '2018-09-06 19:10:32', 'VESSEL TEMP 01', 'HC-SUB-H18A0451-03029', 'CPCD100-RW14', 'A3AH07630', '374897', 'A3AH07630', 'HANGCHA', null, null, null, '1. Power Type: Diesel.    2. Rated Capacity: 10000kg.                               3. Fork Size: 1500 X 160 X 80mm.                                4. Battery: 2X12/90 V/Ah. 5. Engine: Isuzu 6BG1QP', null), ('6038', '197', 'HANGCHA_07_01', 'Surabaya', null, null, null, null, null, null, '1', null, null, 'FORKLIFT TRUCK', null, '0', null, '2018-09-06 19:10:32', '2018-09-06 19:10:32', 'VESSEL TEMP 01', 'HC-SUB-H18A0451-03029', 'CPCD30-AG2', 'G5AHN9166', '18066742', 'G5AHN9166', 'HANGCHA', null, null, null, '1. Rated Capacity : 3000kg.                              2. Load Centre Distance : 500mm.                                    3. Service Weight: 4270kg.                                     4. Battery: 12/90 V/Ah.                   5. Engine: CHINA C490BPG-204.', null), ('6039', '197', 'HANGCHA_07_01', 'Surabaya', null, null, null, null, null, null, '1', null, null, 'FORKLIFT TRUCK', null, '0', null, '2018-09-06 19:10:32', '2018-09-06 19:10:32', 'VESSEL TEMP 01', 'HC-SUB-H18A0451-03029', 'CPC30-AG2', 'G5AHN9164', '18069058', 'G5AHN9164', 'HANGCHA', null, null, null, '1. 3.0T A Series 4-Wheel Diesel Forklift.                2. AC Driving and DC Lifting.                               3. Curtis Controller.         4. XINCHAI Engine C490BPG-416', null), ('6040', '197', 'HANGCHA_07_01', 'Surabaya', null, null, null, null, null, null, '1', null, null, 'FORKLIFT TRUCK', null, '0', null, '2018-09-06 19:10:32', '2018-09-06 19:10:32', 'VESSEL TEMP 01', 'HC-SUB-H18A0451-03029', 'CPCD30-AW10', 'G5AHN9167', '261362', 'G5AHN9167', 'HANGCHA', null, null, null, '1. 3.0T A Series Diesel Forklift.                             2. Isuzu Engine C240.      3. Manual Operational.', null), ('6041', '197', 'HANGCHA_07_01', 'Surabaya', null, null, null, null, null, null, '1', null, null, 'FORKLIFT TRUCK', null, '0', null, '2018-09-06 19:10:32', '2018-09-06 19:10:32', 'VESSEL TEMP 01', 'HC-SUB-H18A0451-03029', 'CPC30-AW10', 'G5AHN9160', '261364', 'G5AHN9160', 'HANGCHA', null, null, null, '1. 3.0T A Series Diesel Forklift.                             2. Isuzu Engine.               3. Matic Operational. ', null), ('6042', '198', 'HANGCHA_07_02', 'Jakarta', null, null, null, null, null, null, '1', null, null, 'FORKLIFT TRUCK', '25', '1', null, '2018-09-06 19:10:40', '2018-09-10 14:25:33', 'VESSEL TEMP 02', 'HC-JKT-H18A0451-04553,03029', 'CPCD50-RXG24', 'A2AH09430', 'Y18025608', 'A2AH09430', 'HANGCHA', null, null, null, '1. Power Type: Diesel.    2. Rated Capacity: 5000kg.                               3. Fork Size: 1070X150X50mm.                                4. Battery: 24/60 V/Ah.    5. Engine: LUOTUO LR4B3-22', null), ('6043', '198', 'HANGCHA_07_02', 'Jakarta', null, null, null, null, null, null, '1', null, null, 'FORKLIFT TRUCK', '25', '1', null, '2018-09-06 19:10:40', '2018-09-10 14:27:19', 'VESSEL TEMP 02', 'HC-JKT-H18A0451-04553,03029', 'CPCD50-RW14', 'A3AH07616', '374940', 'A3AH07616', 'HANGCHA', null, null, null, '1. Power Type: Diesel.    2. Rated Capacity: 7000kg.                               3. Fork Size: 1200 X 150 X 65mm.                                4. Battery: 2X12/90 V/Ah. 5. Engine: Isuzu 6BG1QP', null), ('6044', '198', 'HANGCHA_07_02', 'Jakarta', null, null, null, null, null, null, '1', null, null, 'FORKLIFT TRUCK', '25', '1', null, '2018-09-06 19:10:40', '2018-09-10 14:28:23', 'VESSEL TEMP 02', 'HC-JKT-H18A0451-04553,03029', 'CPCD50-RG24', 'A3AH07560', 'Y18025488', 'A3AH07560', 'HANGCHA', null, null, null, '1. Rated Capacity : 5000kg.                              2. Load Centre Distance : 600mm.                                    3. Fork Size: 1200X150X60mm.                 4. Battery: 24/105 V/Ah.                   5. Engine: CHINA LR4108G10Y.', null), ('6045', '198', 'HANGCHA_07_02', 'Jakarta', null, null, null, null, null, null, '1', null, null, 'FORKLIFT TRUCK', '25', '1', null, '2018-09-06 19:10:40', '2018-09-10 14:30:13', 'VESSEL TEMP 02', 'HC-JKT-H18A0451-04553,03029', 'CPCD70-RW14', 'A3AH07632', '374915', 'A3AH07632', 'HANGCHA', null, null, null, '1. Power Type: Diesel.    2. Rated Capacity: 7000kg.                               3. Fork Size: 1200 X 150 X 65mm.                                4. Battery: 2X12/90 V/Ah. 5. Engine: Isuzu 6BG1QP', null), ('6046', '198', 'HANGCHA_07_02', 'Jakarta', null, null, null, null, null, null, '1', null, null, 'FORKLIFT TRUCK', '25', '1', null, '2018-09-06 19:10:40', '2018-09-10 14:31:53', 'VESSEL TEMP 02', 'HC-JKT-H18A0451-04553,03029', 'CPCD100-RW14', 'A3AH07629', '374898', 'A3AH07629', 'HANGCHA', null, null, null, '1. Power Type: Diesel.    2. Rated Capacity: 10000kg.                               3. Fork Size: 1500 X 160 X 80mm.                                4. Battery: 2X12/90 V/Ah. 5. Engine: Isuzu 6BG1QP', null), ('6047', '198', 'HANGCHA_07_02', 'Jakarta', null, null, null, null, null, null, '1', null, null, 'FORKLIFT TRUCK', '25', '1', null, '2018-09-06 19:10:40', '2018-09-10 14:55:56', 'VESSEL TEMP 02', 'HC-JKT-H18A0451-04553,03029', 'CPCD30-AG2', 'G5AHN9165', '18066743', 'G5AHN9165', 'HANGCHA', null, null, null, '1. Rated Capacity : 3000kg.                              2. Load Centre Distance : 500mm.                                    3. Service Weight: 4270kg.                                     4. Battery: 12/90 V/Ah.                   5. Engine: CHINA C490BPG-204.', null), ('6048', '198', 'HANGCHA_07_02', 'Jakarta', null, null, null, null, null, null, '1', null, null, 'FORKLIFT TRUCK', '25', '1', null, '2018-09-06 19:10:40', '2018-09-10 14:56:23', 'VESSEL TEMP 02', 'HC-JKT-H18A0451-04553,03029', 'CPC30-AG2', 'G5AHN9163', '18069061', 'G5AHN9163', 'HANGCHA', null, null, null, '1. 3.0T A Series 4-Wheel Diesel Forklift.                2. AC Driving and DC Lifting.                               3. Curtis Controller.         4. XINCHAI Engine C490BPG-416', null), ('6049', '198', 'HANGCHA_07_02', 'Jakarta', null, null, null, null, null, null, '1', null, null, 'FORKLIFT TRUCK', '25', '1', null, '2018-09-06 19:10:40', '2018-09-10 14:56:44', 'VESSEL TEMP 02', 'HC-JKT-H18A0451-04553,03029', 'CPCD30-AW10', 'G5AHN9168', '261363', 'G5AHN9168', 'HANGCHA', null, null, null, '1. 3.0T A Series Diesel Forklift.                             2. Isuzu Engine C240.      3. Manual Operational.', null), ('6050', '198', 'HANGCHA_07_02', 'Jakarta', null, null, null, null, null, null, '1', null, null, 'FORKLIFT TRUCK', '25', '1', null, '2018-09-06 19:10:40', '2018-09-10 14:57:10', 'VESSEL TEMP 02', 'HC-JKT-H18A0451-04553,03029', 'CPC30-AW10', 'G5AHN9159', '261365', 'G5AHN9159', 'HANGCHA', null, null, null, '1. 3.0T A Series Diesel Forklift.                             2. Isuzu Engine.               3. Matic Operational. ', null), ('6051', '198', 'HANGCHA_07_02', 'Jakarta', null, null, null, null, null, null, '1', null, null, 'ELECTRIC STACKER', '25', '1', null, '2018-09-06 19:10:40', '2018-09-10 14:57:55', 'VESSEL TEMP 02', 'HC-JKT-H18A0451-04553,03029', 'CDD16-AC1S-M', 'JIAH02221', '-', 'JIAH02221', 'HANGCHA', null, null, null, '1. Rated Capacity : 1600/3527kg.                       2. Service Weight : 2000/4409 kg/lb.                 3. Tyre : Polyurethane.           4. Drive motor rating : 1.5/2.0 kW/hp.                    5. Battery voltage : 24/340 V/Ah.', null), ('6052', '199', 'HANGCHA_07_03', 'Jakarta', null, null, null, null, null, null, '1', null, null, 'FORKLIFT TRUCK', '25', '1', null, '2018-09-06 19:10:47', '2018-09-10 11:15:10', 'VESSEL TEMP 03', 'HC-JKT-H18A0451-04821,05347-WG', 'CPCD50-RG16', 'A3AH07675', '15043682', 'A3AH07675', 'HANGCHA', null, null, null, '1. Rated Capacity: 5000kg.                                    2. Load Centre: 600mm.                   3. Battery: 24/105 V/Ah.               4. Fork Size: 1200X150X60mm.                     5. Engine: CHINA CY6102BG-2', null), ('6053', '199', 'HANGCHA_07_03', 'Jakarta', null, null, null, null, null, null, '1', null, null, 'SCISSOR LIFT PALLET TRUCK', '25', '1', null, '2018-09-06 19:10:47', '2018-09-10 11:39:03', 'VESSEL TEMP 03', 'HC-JKT-H18A0451-04821,05347-WG', 'HLT10', 'G18062076', '-', 'G18062076', 'HANGCHA', null, null, null, '1. Rated Capacity : 1000kg.                              2. Minimum Fork Height: 85mm.                                3. Maximum Fork Height: 800mm.                              4. Fork Length: 1140mm. 5. Out Side Fork Width: 520mm.                      ', null), ('6054', '199', 'HANGCHA_07_03', 'Jakarta', null, null, null, null, null, null, '1', null, null, 'SCISSOR LIFT PALLET TRUCK', '25', '1', null, '2018-09-06 19:10:47', '2018-09-10 11:39:04', 'VESSEL TEMP 03', 'HC-JKT-H18A0451-04821,05347-WG', 'HLT10', 'G18062071', '-', 'G18062071', 'HANGCHA', null, null, null, '1. Rated Capacity : 1000kg.                              2. Minimum Fork Height: 85mm.                                3. Maximum Fork Height: 800mm.                              4. Fork Length: 1140mm. 5. Out Side Fork Width: 520mm.                      ', null), ('6055', '199', 'HANGCHA_07_03', 'Jakarta', null, null, null, null, null, null, '1', null, null, 'SCISSOR LIFT PALLET TRUCK', '25', '1', null, '2018-09-06 19:10:47', '2018-09-10 11:39:06', 'VESSEL TEMP 03', 'HC-JKT-H18A0451-04821,05347-WG', 'HLT10', 'G18062067', '-', 'G18062067', 'HANGCHA', null, null, null, '1. Rated Capacity : 1000kg.                              2. Minimum Fork Height: 85mm.                                3. Maximum Fork Height: 800mm.                              4. Fork Length: 1140mm. 5. Out Side Fork Width: 520mm.                      ', null), ('6056', '199', 'HANGCHA_07_03', 'Jakarta', null, null, null, null, null, null, '1', null, null, 'SCISSOR LIFT PALLET TRUCK', '25', '1', null, '2018-09-06 19:10:47', '2018-09-10 11:39:08', 'VESSEL TEMP 03', 'HC-JKT-H18A0451-04821,05347-WG', 'HLT10', 'G18062077', '-', 'G18062077', 'HANGCHA', null, null, null, '1. Rated Capacity : 1000kg.                              2. Minimum Fork Height: 85mm.                                3. Maximum Fork Height: 800mm.                              4. Fork Length: 1140mm. 5. Out Side Fork Width: 520mm.                      ', null), ('6057', '199', 'HANGCHA_07_03', 'Jakarta', null, null, null, null, null, null, '1', null, null, 'SCISSOR LIFT PALLET TRUCK', '25', '1', null, '2018-09-06 19:10:47', '2018-09-10 11:39:12', 'VESSEL TEMP 03', 'HC-JKT-H18A0451-04821,05347-WG', 'HLT10', 'G18062072', '-', 'G18062072', 'HANGCHA', null, null, null, '1. Rated Capacity : 1000kg.                              2. Minimum Fork Height: 85mm.                                3. Maximum Fork Height: 800mm.                              4. Fork Length: 1140mm. 5. Out Side Fork Width: 520mm.                      ', null), ('6058', '199', 'HANGCHA_07_03', 'Jakarta', null, null, null, null, null, null, '1', null, null, 'SCISSOR LIFT PALLET TRUCK', '25', '1', null, '2018-09-06 19:10:47', '2018-09-10 11:39:14', 'VESSEL TEMP 03', 'HC-JKT-H18A0451-04821,05347-WG', 'HLT10', 'G18062063', '-', 'G18062063', 'HANGCHA', null, null, null, '1. Rated Capacity : 1000kg.                              2. Minimum Fork Height: 85mm.                                3. Maximum Fork Height: 800mm.                              4. Fork Length: 1140mm. 5. Out Side Fork Width: 520mm.                      ', null), ('6059', '199', 'HANGCHA_07_03', 'Jakarta', null, null, null, null, null, null, '1', null, null, 'SCISSOR LIFT PALLET TRUCK', '25', '1', null, '2018-09-06 19:10:47', '2018-09-10 11:39:16', 'VESSEL TEMP 03', 'HC-JKT-H18A0451-04821,05347-WG', 'HLT10', 'G18062073', '-', 'G18062073', 'HANGCHA', null, null, null, '1. Rated Capacity : 1000kg.                              2. Minimum Fork Height: 85mm.                                3. Maximum Fork Height: 800mm.                              4. Fork Length: 1140mm. 5. Out Side Fork Width: 520mm.                      ', null), ('6060', '199', 'HANGCHA_07_03', 'Jakarta', null, null, null, null, null, null, '1', null, null, 'SCISSOR LIFT PALLET TRUCK', '25', '1', null, '2018-09-06 19:10:47', '2018-09-10 11:39:18', 'VESSEL TEMP 03', 'HC-JKT-H18A0451-04821,05347-WG', 'HLT10', 'G18062068', '-', 'G18062068', 'HANGCHA', null, null, null, '1. Rated Capacity : 1000kg.                              2. Minimum Fork Height: 85mm.                                3. Maximum Fork Height: 800mm.                              4. Fork Length: 1140mm. 5. Out Side Fork Width: 520mm.                      ', null), ('6061', '199', 'HANGCHA_07_03', 'Jakarta', null, null, null, null, null, null, '1', null, null, 'SCISSOR LIFT PALLET TRUCK', '25', '1', null, '2018-09-06 19:10:47', '2018-09-10 11:39:21', 'VESSEL TEMP 03', 'HC-JKT-H18A0451-04821,05347-WG', 'HLT10', 'G18062066', '-', 'G18062066', 'HANGCHA', null, null, null, '1. Rated Capacity : 1000kg.                              2. Minimum Fork Height: 85mm.                                3. Maximum Fork Height: 800mm.                              4. Fork Length: 1140mm. 5. Out Side Fork Width: 520mm.                      ', null), ('6062', '199', 'HANGCHA_07_03', 'Jakarta', null, null, null, null, null, null, '1', null, null, 'SCISSOR LIFT PALLET TRUCK', '25', '1', null, '2018-09-06 19:10:47', '2018-09-10 11:39:22', 'VESSEL TEMP 03', 'HC-JKT-H18A0451-04821,05347-WG', 'HLT10', 'G18062064', '-', 'G18062064', 'HANGCHA', null, null, null, '1. Rated Capacity : 1000kg.                              2. Minimum Fork Height: 85mm.                                3. Maximum Fork Height: 800mm.                              4. Fork Length: 1140mm. 5. Out Side Fork Width: 520mm.                      ', null), ('6063', '199', 'HANGCHA_07_03', 'Jakarta', null, null, null, null, null, null, '1', null, null, 'SCISSOR LIFT PALLET TRUCK', '25', '1', null, '2018-09-06 19:10:47', '2018-09-10 11:39:25', 'VESSEL TEMP 03', 'HC-JKT-H18A0451-04821,05347-WG', 'HLT10', 'G18062070', '-', 'G18062070', 'HANGCHA', null, null, null, '1. Rated Capacity : 1000kg.                              2. Minimum Fork Height: 85mm.                                3. Maximum Fork Height: 800mm.                              4. Fork Length: 1140mm. 5. Out Side Fork Width: 520mm.                      ', null), ('6064', '199', 'HANGCHA_07_03', 'Jakarta', null, null, null, null, null, null, '1', null, null, 'SCISSOR LIFT PALLET TRUCK', '25', '1', null, '2018-09-06 19:10:47', '2018-09-10 11:39:27', 'VESSEL TEMP 03', 'HC-JKT-H18A0451-04821,05347-WG', 'HLT10', 'G18062075', '-', 'G18062075', 'HANGCHA', null, null, null, '1. Rated Capacity : 1000kg.                              2. Minimum Fork Height: 85mm.                                3. Maximum Fork Height: 800mm.                              4. Fork Length: 1140mm. 5. Out Side Fork Width: 520mm.                      ', null), ('6065', '199', 'HANGCHA_07_03', 'Jakarta', null, null, null, null, null, null, '1', null, null, 'SCISSOR LIFT PALLET TRUCK', '25', '1', null, '2018-09-06 19:10:47', '2018-09-10 11:39:29', 'VESSEL TEMP 03', 'HC-JKT-H18A0451-04821,05347-WG', 'HLT10', 'G18062074', '-', 'G18062074', 'HANGCHA', null, null, null, '1. Rated Capacity : 1000kg.                              2. Minimum Fork Height: 85mm.                                3. Maximum Fork Height: 800mm.                              4. Fork Length: 1140mm. 5. Out Side Fork Width: 520mm.                      ', null), ('6066', '199', 'HANGCHA_07_03', 'Jakarta', null, null, null, null, null, null, '1', null, null, 'SCISSOR LIFT PALLET TRUCK', '25', '1', null, '2018-09-06 19:10:47', '2018-09-10 11:39:31', 'VESSEL TEMP 03', 'HC-JKT-H18A0451-04821,05347-WG', 'HLT10', 'G18062065', '-', 'G18062065', 'HANGCHA', null, null, null, '1. Rated Capacity : 1000kg.                              2. Minimum Fork Height: 85mm.                                3. Maximum Fork Height: 800mm.                              4. Fork Length: 1140mm. 5. Out Side Fork Width: 520mm.                      ', null), ('6067', '199', 'HANGCHA_07_03', 'Jakarta', null, null, null, null, null, null, '1', null, null, 'SCISSOR LIFT PALLET TRUCK', '25', '1', null, '2018-09-06 19:10:47', '2018-09-10 11:39:33', 'VESSEL TEMP 03', 'HC-JKT-H18A0451-04821,05347-WG', 'HLT10', 'G18062069', '-', 'G18062069', 'HANGCHA', null, null, null, '1. Rated Capacity : 1000kg.                              2. Minimum Fork Height: 85mm.                                3. Maximum Fork Height: 800mm.                              4. Fork Length: 1140mm. 5. Out Side Fork Width: 520mm.                      ', null), ('6068', '200', 'XCMG_07_01', 'Surabaya', null, null, null, null, null, null, '1', null, null, 'EXCAVATOR', null, '0', null, '2018-09-07 14:48:13', '2018-09-07 14:48:13', 'VESSEL TEMP 01', 'INLINE-XCMG-SBY-1812', 'XE215C', 'XUG0215BPJKA00730', '6BG1-369996', 'XUG0215BPJKA00730', 'XCMG', null, null, null, '1. Engine: Isuzu BB-6BG1. 2. Operating Weight: 21450Kg.                            3. Bucket Capacity: 0.93m3.                                              4. Hydraulic Oil Tank Capacity: 220L.                    5. Engine Oil Tank Capacity: 25L. ', null), ('6069', '200', 'XCMG_07_01', 'Surabaya', null, null, null, null, null, null, '1', null, null, 'EXCAVATOR', null, '0', null, '2018-09-07 14:48:13', '2018-09-07 14:48:13', 'VESSEL TEMP 01', 'INLINE-XCMG-SBY-1812', 'XE215C', 'XUG0215BKJKA00731', '6BG1-369780', 'XUG0215BKJKA00731', 'XCMG', null, null, null, '1. Engine: Isuzu BB-6BG1. 2. Operating Weight: 21450Kg.                            3. Bucket Capacity: 0.93m3.                                              4. Hydraulic Oil Tank Capacity: 220L.                    5. Engine Oil Tank Capacity: 25L. ', null), ('6070', '200', 'XCMG_07_01', 'Surabaya', null, null, null, null, null, null, '1', null, null, 'EXCAVATOR', null, '0', null, '2018-09-07 14:48:13', '2018-09-07 14:48:13', 'VESSEL TEMP 01', 'INLINE-XCMG-SBY-1812', 'XE215C', 'XUG0215BAJKA00752', '6BG1-372572', 'XUG0215BAJKA00752', 'XCMG', null, null, null, '1. Engine: Isuzu BB-6BG1. 2. Operating Weight: 21450Kg.                            3. Bucket Capacity: 0.93m3.                                              4. Hydraulic Oil Tank Capacity: 220L.                    5. Engine Oil Tank Capacity: 25L. ', null), ('6071', '200', 'XCMG_07_01', 'Surabaya', null, null, null, null, null, null, '1', null, null, 'EXCAVATOR', null, '0', null, '2018-09-07 14:48:13', '2018-09-07 14:48:13', 'VESSEL TEMP 01', 'INLINE-XCMG-SBY-1812', 'XE215C', 'XUG0215BLJKA00753', '6BG1-372757', 'XUG0215BLJKA00753', 'XCMG', null, null, null, '1. Engine: Isuzu BB-6BG1. 2. Operating Weight: 21450Kg.                            3. Bucket Capacity: 0.93m3.                                              4. Hydraulic Oil Tank Capacity: 220L.                    5. Engine Oil Tank Capacity: 25L. ', null), ('6072', '200', 'XCMG_07_01', 'Surabaya', null, null, null, null, null, null, '1', null, null, 'EXCAVATOR', null, '0', null, '2018-09-07 14:48:13', '2018-09-07 14:48:13', 'VESSEL TEMP 01', 'INLINE-XCMG-SBY-1812', 'XE215C', 'XUG0215BHJKA00754', '6BG1-372758', 'XUG0215BHJKA00754', 'XCMG', null, null, null, '1. Engine: Isuzu BB-6BG1. 2. Operating Weight: 21450Kg.                            3. Bucket Capacity: 0.93m3.                                              4. Hydraulic Oil Tank Capacity: 220L.                    5. Engine Oil Tank Capacity: 25L. ', null), ('6073', '200', 'XCMG_07_01', 'Surabaya', null, null, null, null, null, null, '1', null, null, 'EXCAVATOR', null, '0', null, '2018-09-07 14:48:13', '2018-09-07 14:48:13', 'VESSEL TEMP 01', 'INLINE-XCMG-SBY-1812', 'XE215C', 'XUG0215BEJKA00755', '6BG1-372336', 'XUG0215BEJKA00755', 'XCMG', null, null, null, '1. Engine: Isuzu BB-6BG1. 2. Operating Weight: 21450Kg.                            3. Bucket Capacity: 0.93m3.                                              4. Hydraulic Oil Tank Capacity: 220L.                    5. Engine Oil Tank Capacity: 25L. ', null), ('6074', '200', 'XCMG_07_01', 'Surabaya', null, null, null, null, null, null, '1', null, null, 'EXCAVATOR', null, '0', null, '2018-09-07 14:48:13', '2018-09-07 14:48:13', 'VESSEL TEMP 01', 'INLINE-XCMG-SBY-1812', 'XE370CA', 'XUG03703CHKA01942', '6HK1-905825', 'XUG03703CHKA01942', 'XCMG', null, null, null, '1. Engine: Isuzu.                2. Operating Weight: 36600Kg.                            3. Bucket Capacity: 1.4~1.8m3.                                              4. Hydraulic Oil Tank Capacity: 320L.                    5. Engine Oil Tank Capacity: 28L. ', null), ('6075', '201', 'LONKING_03_02', 'Jakarta', null, null, null, null, null, null, '1', null, null, 'WHEEL LOADER', null, '0', null, '2018-09-07 15:50:50', '2018-09-07 15:50:50', 'VESSEL TEMP 02', 'LK-JKT-SC2018-00264-PC2018-0049', 'CDM843N', 'LFJ0843NEJA280037', '6P17L054985', 'LFJ0843NEJA280037', 'LONKING', null, null, null, '1. Engine Type: 4 Stroke, Turbo Charged, Water-Cooled, Direct Injection, Diesel Engine.         2. Bucket Capacity: 2.3 m3              3. Type: Single-lever (Joystick) Control                            4.Service Brake Single Circuit Caliper, Dry Brake.     5.Standard Equipment: Single Lever (Joystick) Control', null), ('6076', '202', 'HANGCHA_01_01', 'Jakarta', null, null, null, null, null, null, '1', null, null, 'FORKLIFT', null, '0', null, '2018-09-07 15:59:18', '2018-09-07 15:59:18', 'VESSEL TEMP 01', 'HCIE2017A045-6757', 'CPCD50-RG24', 'A3AG07253', 'Y17054028', 'A3AG07253', 'HANGCHA', null, null, null, '1. Rated Capacity : 5000kg.                              2. Load Centre Distance : 600mm.                                    3. Fork Size: 1200X150X60mm.                 4. Battery: 24/105 V/Ah.                   5. Engine: CHINA LR4108G10Y.', null), ('6077', '202', 'HANGCHA_01_01', 'Jakarta', null, null, null, null, null, null, '1', null, null, 'FORKLIFT', null, '0', null, '2018-09-07 15:59:18', '2018-09-07 15:59:18', 'VESSEL TEMP 01', 'HCIE2017A045-6757', 'CPCD30-XRG2', 'M5AG01053', '17122704', 'M5AG01053', 'HANGCHA', null, null, null, '1. Rated Capacity : 3000kg.                              2. Load Centre Distance : 500mm.                                    3. Tyre: Pneumatic.                 4. Engine Type: XINCHAI/C490BPG.                   5. Engine Power: 45x2650 kW/r/min.', null), ('6078', '202', 'HANGCHA_01_01', 'Jakarta', null, null, null, null, null, null, '1', null, null, 'FORKLIFT', null, '0', null, '2018-09-07 15:59:18', '2018-09-07 15:59:18', 'VESSEL TEMP 01', 'HCIE2017A045-6757', 'CPCD30-XRW55F', 'M5AG01202', '301386', 'M5AG01202', 'HANGCHA', null, null, null, '1. Power Type : Diesel.          2. Rated Capacity : 3000kg.                              3. Fork Size : 1070 X 122 X 45mm.                                      4. Battery : 12/90 V/Ah.          5. Engine: Mitsubishi S4S-Z362CSFL.', null), ('6079', '203', 'SHACMAN_04_01', 'Surabaya', null, null, null, null, null, null, '1', null, null, 'DUMP TRUCK', null, '0', null, '2018-09-10 10:52:20', '2018-09-10 10:52:20', 'VESSEL TEMP 01', 'shacman-SBY-18SQZ0601038012C-1', 'SX3255DR384R', 'LZGJLDR49JX015462', '1618C030557', 'LZGJLDR49JX015462', 'SHACMAN', null, null, '6X4自卸车', '1. Engine: WEICHAI POWER WP10.340E32.      2. Cruising speed/Max speed  (km/h) 40～65/85.                     3. Front axle: 7.5 ton MAN drum type, Rear axle: 16 ton MAN double stage casting (drum).                          4. Capacity of the fuel tank: 380L.                         5. Capacity (Load):\n21 - 30t.', null), ('6080', '203', 'SHACMAN_04_01', 'Surabaya', null, null, null, null, null, null, '1', null, null, 'DUMP TRUCK', null, '0', null, '2018-09-10 10:52:20', '2018-09-10 10:52:20', 'VESSEL TEMP 01', 'shacman-SBY-18SQZ0601038012C-1', 'SX3255DR384R', 'LZGJLDR40JX015463', '1618C030549', 'LZGJLDR40JX015463', 'SHACMAN', null, null, '6X4自卸车', '1. Engine: WEICHAI POWER WP10.340E32.      2. Cruising speed/Max speed  (km/h) 40～65/85.                     3. Front axle: 7.5 ton MAN drum type, Rear axle: 16 ton MAN double stage casting (drum).                          4. Capacity of the fuel tank: 380L.                         5. Capacity (Load):\n21 - 30t.', null), ('6081', '203', 'SHACMAN_04_01', 'Surabaya', null, null, null, null, null, null, '1', null, null, 'DUMP TRUCK', null, '0', null, '2018-09-10 10:52:20', '2018-09-10 10:52:20', 'VESSEL TEMP 01', 'shacman-SBY-18SQZ0601038012C-1', 'SX3255DR384R', 'LZGJLDR42JX015464', '1618C030539', 'LZGJLDR42JX015464', 'SHACMAN', null, null, '6X4自卸车', '1. Engine: WEICHAI POWER WP10.340E32.      2. Cruising speed/Max speed  (km/h) 40～65/85.                     3. Front axle: 7.5 ton MAN drum type, Rear axle: 16 ton MAN double stage casting (drum).                          4. Capacity of the fuel tank: 380L.                         5. Capacity (Load):\n21 - 30t.', null), ('6082', '203', 'SHACMAN_04_01', 'Surabaya', null, null, null, null, null, null, '1', null, null, 'DUMP TRUCK', null, '0', null, '2018-09-10 10:52:20', '2018-09-10 10:52:20', 'VESSEL TEMP 01', 'shacman-SBY-18SQZ0601038012C-1', 'SX3255DR384R', 'LZGJLDR44JX015465', '1618B021307', 'LZGJLDR44JX015465', 'SHACMAN', null, null, '6X4自卸车', '1. Engine: WEICHAI POWER WP10.340E32.      2. Cruising speed/Max speed  (km/h) 40～65/85.                     3. Front axle: 7.5 ton MAN drum type, Rear axle: 16 ton MAN double stage casting (drum).                          4. Capacity of the fuel tank: 380L.                         5. Capacity (Load):\n21 - 30t.', null), ('6083', '203', 'SHACMAN_04_01', 'Surabaya', null, null, null, null, null, null, '1', null, null, 'DUMP TRUCK', null, '0', null, '2018-09-10 10:52:20', '2018-09-10 10:52:20', 'VESSEL TEMP 01', 'shacman-SBY-18SQZ0601038012C-1', 'SX3255DR384R', 'LZGJLDR46JX015466', '1618C030561', 'LZGJLDR46JX015466', 'SHACMAN', null, null, '6X4自卸车', '1. Engine: WEICHAI POWER WP10.340E32.      2. Cruising speed/Max speed  (km/h) 40～65/85.                     3. Front axle: 7.5 ton MAN drum type, Rear axle: 16 ton MAN double stage casting (drum).                          4. Capacity of the fuel tank: 380L.                         5. Capacity (Load):\n21 - 30t.', null), ('6084', '204', 'SHACMAN_08_01', 'Surabaya', null, null, null, null, null, null, '1', null, null, 'DUMP TRUCK', '26', '1', null, '2018-09-10 10:53:02', '2018-09-10 12:46:38', 'VESSEL TEMP 01', 'SHACMAN-QS-SUR-18SQZ0601038068', 'SX3255DR384R', 'LZGJLDR44JX066514', '1618E076106', 'LZGJLDR44JX066514', 'SHACMAN', null, null, '6X4自卸车', '1. Engine: WEICHAI POWER WP10.340E32.      2. Cruising speed/Max speed  (km/h) 40～65/85.                     3. Front axle: 7.5 ton MAN drum type, Rear axle: 16 ton MAN double stage casting (drum).                          4. Capacity of the fuel tank: 380L.                         5. Capacity (Load):\n21 - 30t.', null), ('6085', '204', 'SHACMAN_08_01', 'Surabaya', null, null, null, null, null, null, '1', null, null, 'DUMP TRUCK', null, '1', null, '2018-09-10 10:53:02', '2018-09-10 10:53:02', 'VESSEL TEMP 01', 'SHACMAN-QS-SUR-18SQZ0601038068', 'SX3255DR384R', 'LZGJLDR46JX066515', '1618E076119', 'LZGJLDR46JX066515', 'SHACMAN', null, null, '6X4自卸车', '1. Engine: WEICHAI POWER WP10.340E32.      2. Cruising speed/Max speed  (km/h) 40～65/85.                     3. Front axle: 7.5 ton MAN drum type, Rear axle: 16 ton MAN double stage casting (drum).                          4. Capacity of the fuel tank: 380L.                         5. Capacity (Load):\n21 - 30t.', null), ('6086', '204', 'SHACMAN_08_01', 'Surabaya', null, null, null, null, null, null, '1', null, null, 'DUMP TRUCK', null, '1', null, '2018-09-10 10:53:02', '2018-09-10 10:53:02', 'VESSEL TEMP 01', 'SHACMAN-QS-SUR-18SQZ0601038068', 'SX3255DR384R', 'LZGJLDR48JX066516', '1618E076112', 'LZGJLDR48JX066516', 'SHACMAN', null, null, '6X4自卸车', '1. Engine: WEICHAI POWER WP10.340E32.      2. Cruising speed/Max speed  (km/h) 40～65/85.                     3. Front axle: 7.5 ton MAN drum type, Rear axle: 16 ton MAN double stage casting (drum).                          4. Capacity of the fuel tank: 380L.                         5. Capacity (Load):\n21 - 30t.', null);
INSERT INTO `iel_entry_detail` VALUES ('6087', '204', 'SHACMAN_08_01', 'Surabaya', null, null, null, null, null, null, '1', null, null, 'DUMP TRUCK', null, '1', null, '2018-09-10 10:53:02', '2018-09-10 10:53:02', 'VESSEL TEMP 01', 'SHACMAN-QS-SUR-18SQZ0601038068', 'SX3255DR354R', 'LZGJLDR42JX067080', '1618F078202', 'LZGJLDR42JX067080', 'SHACMAN', null, null, null, '1. Engine: WEICHAI WP10.336N.                       2. Engine Power: 247kW (336 hp).                            3. Rated Capacity: 12770kg.                             4. Overall Length: 7930/8030/8130mm. Overall Width: 2490mm. Overall Height: 3450mm. 5. Fuel: Diesel Fuel.', null), ('6088', '204', 'SHACMAN_08_01', 'Surabaya', null, null, null, null, null, null, '1', null, null, 'DUMP TRUCK', null, '1', null, '2018-09-10 10:53:02', '2018-09-10 10:53:02', 'VESSEL TEMP 01', 'SHACMAN-QS-SUR-18SQZ0601038068', 'SX3255DR354R', 'LZGJLDR44JX067081', '1618G088395', 'LZGJLDR44JX067081', 'SHACMAN', null, null, null, '1. Engine: WEICHAI WP10.336N.                       2. Engine Power: 247kW (336 hp).                            3. Rated Capacity: 12770kg.                             4. Overall Length: 7930/8030/8130mm. Overall Width: 2490mm. Overall Height: 3450mm. 5. Fuel: Diesel Fuel.', null), ('6089', '204', 'SHACMAN_08_01', 'Surabaya', null, null, null, null, null, null, '1', null, null, 'DUMP TRUCK', null, '1', null, '2018-09-10 10:53:02', '2018-09-10 10:53:02', 'VESSEL TEMP 01', 'SHACMAN-QS-SUR-18SQZ0601038068', 'SX3255DR354R', 'LZGJLDR46JX067082', '1618E076121', 'LZGJLDR46JX067082', 'SHACMAN', null, null, null, '1. Engine: WEICHAI WP10.336N.                       2. Engine Power: 247kW (336 hp).                            3. Rated Capacity: 12770kg.                             4. Overall Length: 7930/8030/8130mm. Overall Width: 2490mm. Overall Height: 3450mm. 5. Fuel: Diesel Fuel.', null), ('6090', '204', 'SHACMAN_08_01', 'Surabaya', null, null, null, null, null, null, '1', null, null, 'DUMP TRUCK', null, '1', null, '2018-09-10 10:53:02', '2018-09-10 10:53:02', 'VESSEL TEMP 01', 'SHACMAN-QS-SUR-18SQZ0601038068', 'SX3255DR354R', 'LZGJLDR48JX067083', '1618E076124', 'LZGJLDR48JX067083', 'SHACMAN', null, null, null, '1. Engine: WEICHAI WP10.336N.                       2. Engine Power: 247kW (336 hp).                            3. Rated Capacity: 12770kg.                             4. Overall Length: 7930/8030/8130mm. Overall Width: 2490mm. Overall Height: 3450mm. 5. Fuel: Diesel Fuel.', null);
COMMIT;

-- ----------------------------
--  Table structure for `iel_inventory`
-- ----------------------------
DROP TABLE IF EXISTS `iel_inventory`;
CREATE TABLE `iel_inventory` (
  `id` int(11) NOT NULL AUTO_INCREMENT,
  `inventory_no` varchar(200) DEFAULT NULL,
  `begin_time` datetime DEFAULT NULL,
  `end_time` datetime DEFAULT NULL,
  `inventory_status` int(11) DEFAULT NULL,
  `create_time` datetime DEFAULT NULL,
  `update_time` datetime DEFAULT NULL,
  PRIMARY KEY (`id`)
) ENGINE=InnoDB AUTO_INCREMENT=29 DEFAULT CHARSET=utf8;

-- ----------------------------
--  Records of `iel_inventory`
-- ----------------------------
BEGIN;
INSERT INTO `iel_inventory` VALUES ('12', '2018071812', null, null, '1', '2018-07-18 08:56:56', '2018-07-18 08:56:56'), ('13', '2018071813', null, null, '1', '2018-07-18 08:57:19', '2018-07-18 08:57:19'), ('14', '2018071814', null, null, '1', '2018-07-18 08:57:36', '2018-07-18 08:57:36'), ('15', '2018080915', null, null, '1', '2018-08-09 18:03:04', '2018-08-09 18:03:04'), ('16', '2018080916', null, null, '1', '2018-08-09 18:03:24', '2018-08-09 18:03:24'), ('17', '2018080917', null, null, '1', '2018-08-09 18:06:10', '2018-08-09 18:06:10'), ('18', '2018080918', null, null, '1', '2018-08-09 18:06:32', '2018-08-09 18:06:32'), ('19', '2018080919', null, null, '1', '2018-08-09 18:07:04', '2018-08-09 18:07:04'), ('20', '2018080920', null, null, '1', '2018-08-09 18:13:41', '2018-08-09 18:13:41'), ('21', '2018081021', null, null, '1', '2018-08-10 11:02:18', '2018-08-10 11:02:18'), ('22', '2018081022', null, null, '1', '2018-08-10 14:46:49', '2018-08-10 14:46:49'), ('23', '2018081423', null, null, '1', '2018-08-14 01:56:19', '2018-08-14 01:56:19'), ('24', '2018091024', null, null, '1', '2018-09-10 11:43:05', '2018-09-10 11:43:05'), ('25', '2018091025', null, null, '1', '2018-09-10 11:44:37', '2018-09-10 11:44:37'), ('26', '2018091026', null, null, '1', '2018-09-10 11:48:05', '2018-09-10 11:48:05'), ('27', '2018091027', null, null, '1', '2018-09-10 11:48:38', '2018-09-10 11:48:38'), ('28', '2018091028', null, null, '1', '2018-09-10 17:59:05', '2018-09-10 17:59:05');
COMMIT;

-- ----------------------------
--  Table structure for `iel_inventory_detail`
-- ----------------------------
DROP TABLE IF EXISTS `iel_inventory_detail`;
CREATE TABLE `iel_inventory_detail` (
  `id` int(11) NOT NULL AUTO_INCREMENT,
  `inventory_id` int(11) DEFAULT NULL,
  `stock_id` int(11) DEFAULT NULL,
  `stock_num` int(11) DEFAULT NULL,
  `inventory_num` int(11) DEFAULT NULL,
  `create_time` datetime DEFAULT NULL,
  `update_time` datetime DEFAULT NULL,
  `error_descs` varchar(500) DEFAULT NULL,
  `status` int(11) DEFAULT NULL,
  `error_img` varchar(500) DEFAULT NULL,
  PRIMARY KEY (`id`)
) ENGINE=InnoDB AUTO_INCREMENT=1307 DEFAULT CHARSET=utf8;

-- ----------------------------
--  Records of `iel_inventory_detail`
-- ----------------------------
BEGIN;
INSERT INTO `iel_inventory_detail` VALUES ('31', '12', '1457', '1', '1', '2018-07-18 08:56:56', '2018-07-18 08:56:56', null, '1', null), ('32', '12', '1458', '1', '1', '2018-07-18 08:56:56', '2018-07-18 08:56:56', null, '1', null), ('33', '12', '1459', '1', '1', '2018-07-18 08:56:56', '2018-07-18 08:56:56', null, '1', null), ('34', '12', '1460', '1', '1', '2018-07-18 08:56:56', '2018-07-18 08:56:56', null, '1', null), ('35', '12', '1461', '1', '1', '2018-07-18 08:56:56', '2018-07-18 08:56:56', null, '1', null), ('36', '12', '1462', '1', '1', '2018-07-18 08:56:56', '2018-07-18 08:56:56', null, '1', null), ('37', '12', '1463', '1', '1', '2018-07-18 08:56:56', '2018-07-18 08:56:56', null, '1', null), ('38', '12', '1464', '1', '1', '2018-07-18 08:56:56', '2018-07-18 08:56:56', null, '1', null), ('39', '12', '1465', '1', '1', '2018-07-18 08:56:56', '2018-07-18 08:56:56', null, '1', null), ('40', '12', '1466', '1', '1', '2018-07-18 08:56:56', '2018-07-18 08:56:56', null, '1', null), ('41', '13', '1457', '1', '1', '2018-07-18 08:57:19', '2018-07-18 08:57:19', null, '1', null), ('42', '13', '1458', '1', '1', '2018-07-18 08:57:19', '2018-07-18 08:57:19', null, '1', null), ('43', '13', '1459', '1', '1', '2018-07-18 08:57:19', '2018-07-18 08:57:19', null, '1', null), ('44', '13', '1460', '1', '1', '2018-07-18 08:57:19', '2018-07-18 08:57:19', null, '1', null), ('45', '13', '1461', '1', '1', '2018-07-18 08:57:19', '2018-07-18 08:57:19', null, '1', null), ('46', '13', '1462', '1', '1', '2018-07-18 08:57:19', '2018-07-18 08:57:19', null, '1', null), ('47', '13', '1463', '1', '1', '2018-07-18 08:57:19', '2018-07-18 08:57:19', null, '1', null), ('48', '13', '1464', '1', '1', '2018-07-18 08:57:19', '2018-07-18 08:57:19', null, '1', null), ('49', '13', '1465', '1', '1', '2018-07-18 08:57:19', '2018-07-18 08:57:19', null, '1', null), ('50', '13', '1466', '1', '1', '2018-07-18 08:57:19', '2018-07-18 08:57:19', null, '1', null), ('51', '14', '1457', '1', '1', '2018-07-18 08:57:36', '2018-07-18 08:57:36', null, '1', null), ('52', '14', '1458', '1', '1', '2018-07-18 08:57:36', '2018-07-18 08:57:36', null, '1', null), ('53', '14', '1459', '1', '1', '2018-07-18 08:57:36', '2018-07-18 08:57:36', null, '1', null), ('54', '14', '1460', '1', '1', '2018-07-18 08:57:36', '2018-07-18 08:57:36', null, '1', null), ('55', '14', '1461', '1', '1', '2018-07-18 08:57:36', '2018-07-18 08:57:36', null, '1', null), ('56', '14', '1462', '1', '1', '2018-07-18 08:57:36', '2018-07-18 08:57:36', null, '1', null), ('57', '14', '1463', '1', '1', '2018-07-18 08:57:36', '2018-07-18 08:57:36', null, '1', null), ('58', '14', '1464', '1', '1', '2018-07-18 08:57:36', '2018-07-18 08:57:36', null, '1', null), ('59', '14', '1465', '1', '1', '2018-07-18 08:57:36', '2018-07-18 08:57:36', null, '1', null), ('60', '14', '1466', '1', '1', '2018-07-18 08:57:36', '2018-07-18 08:57:36', null, '1', null), ('61', '17', '1471', '1', null, '2018-08-09 18:06:11', '2018-08-09 18:06:11', '23', '0', null), ('62', '17', '1472', '1', null, '2018-08-09 18:06:11', '2018-08-09 18:06:11', null, '1', null), ('63', '17', '1473', '1', null, '2018-08-09 18:06:11', '2018-08-09 18:06:11', null, '1', null), ('64', '17', '1474', '1', null, '2018-08-09 18:06:11', '2018-08-09 18:06:11', null, '1', null), ('65', '17', '1475', '1', null, '2018-08-09 18:06:11', '2018-08-09 18:06:11', null, '1', null), ('66', '17', '1476', '1', null, '2018-08-09 18:06:11', '2018-08-09 18:06:11', null, '1', null), ('67', '17', '1477', '1', null, '2018-08-09 18:06:11', '2018-08-09 18:06:11', null, '1', null), ('68', '17', '1478', '1', null, '2018-08-09 18:06:11', '2018-08-09 18:06:11', null, '1', null), ('69', '17', '1479', '1', null, '2018-08-09 18:06:11', '2018-08-09 18:06:11', null, '1', null), ('70', '17', '1480', '1', null, '2018-08-09 18:06:11', '2018-08-09 18:06:11', null, '1', null), ('71', '17', '1481', '1', null, '2018-08-09 18:06:11', '2018-08-09 18:06:11', null, '1', null), ('72', '17', '1482', '1', null, '2018-08-09 18:06:11', '2018-08-09 18:06:11', null, '1', null), ('73', '17', '1483', '1', null, '2018-08-09 18:06:11', '2018-08-09 18:06:11', null, '1', null), ('74', '17', '1484', '1', null, '2018-08-09 18:06:11', '2018-08-09 18:06:11', null, '1', null), ('75', '17', '1485', '1', null, '2018-08-09 18:06:11', '2018-08-09 18:06:11', null, '1', null), ('76', '17', '1486', '1', null, '2018-08-09 18:06:11', '2018-08-09 18:06:11', null, '1', null), ('77', '17', '1487', '1', null, '2018-08-09 18:06:11', '2018-08-09 18:06:11', null, '1', null), ('78', '17', '1488', '1', null, '2018-08-09 18:06:11', '2018-08-09 18:06:11', null, '1', null), ('79', '17', '1489', '1', null, '2018-08-09 18:06:11', '2018-08-09 18:06:11', null, '1', null), ('80', '17', '1490', '1', null, '2018-08-09 18:06:11', '2018-08-09 18:06:11', null, '1', null), ('81', '17', '1491', '1', null, '2018-08-09 18:06:11', '2018-08-09 18:06:11', null, '1', null), ('82', '17', '1492', '1', null, '2018-08-09 18:06:11', '2018-08-09 18:06:11', null, '1', null), ('83', '17', '1493', '1', null, '2018-08-09 18:06:11', '2018-08-09 18:06:11', null, '1', null), ('84', '17', '1494', '1', null, '2018-08-09 18:06:11', '2018-08-09 18:06:11', null, '1', null), ('85', '17', '1495', '1', null, '2018-08-09 18:06:11', '2018-08-09 18:06:11', null, '1', null), ('86', '17', '1496', '1', null, '2018-08-09 18:06:11', '2018-08-09 18:06:11', null, '1', null), ('87', '17', '1497', '1', null, '2018-08-09 18:06:11', '2018-08-09 18:06:11', null, '1', null), ('88', '17', '1498', '1', null, '2018-08-09 18:06:11', '2018-08-09 18:06:11', null, '1', null), ('89', '17', '1499', '1', null, '2018-08-09 18:06:11', '2018-08-09 18:06:11', null, '1', null), ('90', '17', '1500', '1', null, '2018-08-09 18:06:11', '2018-08-09 18:06:11', null, '1', null), ('91', '17', '1501', '1', null, '2018-08-09 18:06:11', '2018-08-09 18:06:11', null, '1', null), ('92', '17', '1502', '1', null, '2018-08-09 18:06:11', '2018-08-09 18:06:11', null, '1', null), ('93', '17', '1503', '1', null, '2018-08-09 18:06:11', '2018-08-09 18:06:11', null, '1', null), ('94', '17', '1504', '1', null, '2018-08-09 18:06:11', '2018-08-09 18:06:11', null, '1', null), ('95', '17', '1505', '1', null, '2018-08-09 18:06:11', '2018-08-09 18:06:11', null, '1', null), ('96', '17', '1506', '1', null, '2018-08-09 18:06:11', '2018-08-09 18:06:11', null, '1', null), ('97', '17', '1507', '1', null, '2018-08-09 18:06:11', '2018-08-09 18:06:11', null, '1', null), ('98', '17', '1508', '1', null, '2018-08-09 18:06:11', '2018-08-09 18:06:11', null, '1', null), ('99', '17', '1509', '1', null, '2018-08-09 18:06:11', '2018-08-09 18:06:11', null, '1', null), ('100', '17', '1510', '1', null, '2018-08-09 18:06:11', '2018-08-09 18:06:11', null, '1', null), ('101', '17', '1511', '1', null, '2018-08-09 18:06:11', '2018-08-09 18:06:11', null, '1', null), ('102', '17', '1512', '1', null, '2018-08-09 18:06:11', '2018-08-09 18:06:11', null, '1', null), ('103', '17', '1513', '1', null, '2018-08-09 18:06:11', '2018-08-09 18:06:11', null, '1', null), ('104', '17', '1514', '1', null, '2018-08-09 18:06:11', '2018-08-09 18:06:11', null, '1', null), ('105', '17', '1515', '1', null, '2018-08-09 18:06:11', '2018-08-09 18:06:11', null, '1', null), ('106', '17', '1516', '1', null, '2018-08-09 18:06:11', '2018-08-09 18:06:11', null, '1', null), ('107', '17', '1517', '1', null, '2018-08-09 18:06:11', '2018-08-09 18:06:11', null, '1', null), ('108', '17', '1518', '1', null, '2018-08-09 18:06:11', '2018-08-09 18:06:11', null, '1', null), ('109', '17', '1519', '1', null, '2018-08-09 18:06:11', '2018-08-09 18:06:11', null, '1', null), ('110', '17', '1520', '1', null, '2018-08-09 18:06:11', '2018-08-09 18:06:11', null, '1', null), ('111', '17', '1521', '1', null, '2018-08-09 18:06:11', '2018-08-09 18:06:11', null, '1', null), ('112', '17', '1522', '1', null, '2018-08-09 18:06:11', '2018-08-09 18:06:11', null, '1', null), ('113', '17', '1523', '1', null, '2018-08-09 18:06:11', '2018-08-09 18:06:11', null, '1', null), ('114', '17', '1524', '1', null, '2018-08-09 18:06:11', '2018-08-09 18:06:11', null, '1', null), ('115', '17', '1525', '1', null, '2018-08-09 18:06:11', '2018-08-09 18:06:11', null, '1', null), ('116', '17', '1526', '1', null, '2018-08-09 18:06:11', '2018-08-09 18:06:11', null, '1', null), ('117', '17', '1527', '1', null, '2018-08-09 18:06:11', '2018-08-09 18:06:11', null, '1', null), ('118', '17', '1528', '1', null, '2018-08-09 18:06:11', '2018-08-09 18:06:11', null, '1', null), ('119', '17', '1529', '1', null, '2018-08-09 18:06:11', '2018-08-09 18:06:11', null, '1', null), ('120', '17', '1530', '1', null, '2018-08-09 18:06:11', '2018-08-09 18:06:11', null, '1', null), ('121', '17', '1531', '1', null, '2018-08-09 18:06:11', '2018-08-09 18:06:11', null, '1', null), ('122', '17', '1532', '1', null, '2018-08-09 18:06:11', '2018-08-09 18:06:11', null, '1', null), ('123', '17', '1533', '1', null, '2018-08-09 18:06:11', '2018-08-09 18:06:11', null, '1', null), ('124', '17', '1534', '1', null, '2018-08-09 18:06:11', '2018-08-09 18:06:11', null, '1', null), ('125', '17', '1535', '1', null, '2018-08-09 18:06:11', '2018-08-09 18:06:11', null, '1', null), ('126', '17', '1536', '1', null, '2018-08-09 18:06:11', '2018-08-09 18:06:11', null, '1', null), ('127', '17', '1537', '1', null, '2018-08-09 18:06:11', '2018-08-09 18:06:11', null, '1', null), ('128', '17', '1538', '1', null, '2018-08-09 18:06:11', '2018-08-09 18:06:11', null, '1', null), ('129', '17', '1539', '1', null, '2018-08-09 18:06:11', '2018-08-09 18:06:11', null, '1', null), ('130', '17', '1540', '1', null, '2018-08-09 18:06:11', '2018-08-09 18:06:11', null, '1', null), ('131', '17', '1541', '1', null, '2018-08-09 18:06:11', '2018-08-09 18:06:11', null, '1', null), ('132', '17', '1542', '1', null, '2018-08-09 18:06:11', '2018-08-09 18:06:11', null, '1', null), ('133', '17', '1543', '1', null, '2018-08-09 18:06:11', '2018-08-09 18:06:11', null, '1', null), ('134', '17', '1544', '1', null, '2018-08-09 18:06:11', '2018-08-09 18:06:11', null, '1', null), ('135', '17', '1545', '1', null, '2018-08-09 18:06:11', '2018-08-09 18:06:11', null, '1', null), ('136', '17', '1546', '1', null, '2018-08-09 18:06:11', '2018-08-09 18:06:11', null, '1', null), ('137', '17', '1547', '1', null, '2018-08-09 18:06:11', '2018-08-09 18:06:11', null, '1', null), ('138', '17', '1548', '1', null, '2018-08-09 18:06:11', '2018-08-09 18:06:11', null, '1', null), ('139', '17', '1549', '1', null, '2018-08-09 18:06:11', '2018-08-09 18:06:11', null, '1', null), ('140', '17', '1550', '1', null, '2018-08-09 18:06:11', '2018-08-09 18:06:11', null, '1', null), ('141', '17', '1551', '1', null, '2018-08-09 18:06:11', '2018-08-09 18:06:11', null, '1', null), ('142', '17', '1552', '1', null, '2018-08-09 18:06:11', '2018-08-09 18:06:11', null, '1', null), ('143', '17', '1553', '1', null, '2018-08-09 18:06:11', '2018-08-09 18:06:11', null, '1', null), ('144', '17', '1554', '1', null, '2018-08-09 18:06:11', '2018-08-09 18:06:11', null, '1', null), ('145', '17', '1555', '1', null, '2018-08-09 18:06:11', '2018-08-09 18:06:11', null, '1', null), ('146', '17', '1556', '1', null, '2018-08-09 18:06:11', '2018-08-09 18:06:11', null, '1', null), ('147', '17', '1557', '1', null, '2018-08-09 18:06:11', '2018-08-09 18:06:11', null, '1', null), ('148', '17', '1558', '1', null, '2018-08-09 18:06:11', '2018-08-09 18:06:11', null, '1', null), ('149', '17', '1559', '1', null, '2018-08-09 18:06:11', '2018-08-09 18:06:11', null, '1', null), ('150', '17', '1560', '1', null, '2018-08-09 18:06:11', '2018-08-09 18:06:11', null, '1', null), ('151', '17', '1561', '1', null, '2018-08-09 18:06:11', '2018-08-09 18:06:11', null, '1', null), ('152', '18', '1471', '1', null, '2018-08-09 18:06:32', '2018-08-09 18:06:32', '23', '0', null), ('153', '18', '1472', '1', null, '2018-08-09 18:06:32', '2018-08-09 18:06:32', null, '1', null), ('154', '18', '1473', '1', null, '2018-08-09 18:06:32', '2018-08-09 18:06:32', null, '1', null), ('155', '18', '1474', '1', null, '2018-08-09 18:06:32', '2018-08-09 18:06:32', null, '1', null), ('156', '18', '1475', '1', null, '2018-08-09 18:06:32', '2018-08-09 18:06:32', null, '1', null), ('157', '18', '1476', '1', null, '2018-08-09 18:06:32', '2018-08-09 18:06:32', null, '1', null), ('158', '18', '1477', '1', null, '2018-08-09 18:06:32', '2018-08-09 18:06:32', null, '1', null), ('159', '18', '1478', '1', null, '2018-08-09 18:06:32', '2018-08-09 18:06:32', null, '1', null), ('160', '18', '1479', '1', null, '2018-08-09 18:06:32', '2018-08-09 18:06:32', null, '1', null), ('161', '18', '1480', '1', null, '2018-08-09 18:06:32', '2018-08-09 18:06:32', null, '1', null), ('162', '18', '1481', '1', null, '2018-08-09 18:06:32', '2018-08-09 18:06:32', null, '1', null), ('163', '18', '1482', '1', null, '2018-08-09 18:06:32', '2018-08-09 18:06:32', null, '1', null), ('164', '18', '1483', '1', null, '2018-08-09 18:06:32', '2018-08-09 18:06:32', null, '1', null), ('165', '18', '1484', '1', null, '2018-08-09 18:06:32', '2018-08-09 18:06:32', null, '1', null), ('166', '18', '1485', '1', null, '2018-08-09 18:06:32', '2018-08-09 18:06:32', null, '1', null), ('167', '18', '1486', '1', null, '2018-08-09 18:06:32', '2018-08-09 18:06:32', null, '1', null), ('168', '18', '1487', '1', null, '2018-08-09 18:06:32', '2018-08-09 18:06:32', null, '1', null), ('169', '18', '1488', '1', null, '2018-08-09 18:06:32', '2018-08-09 18:06:32', null, '1', null), ('170', '18', '1489', '1', null, '2018-08-09 18:06:32', '2018-08-09 18:06:32', null, '1', null), ('171', '18', '1490', '1', null, '2018-08-09 18:06:32', '2018-08-09 18:06:32', null, '1', null), ('172', '18', '1491', '1', null, '2018-08-09 18:06:32', '2018-08-09 18:06:32', null, '1', null), ('173', '18', '1492', '1', null, '2018-08-09 18:06:32', '2018-08-09 18:06:32', null, '1', null), ('174', '18', '1493', '1', null, '2018-08-09 18:06:32', '2018-08-09 18:06:32', null, '1', null), ('175', '18', '1494', '1', null, '2018-08-09 18:06:32', '2018-08-09 18:06:32', null, '1', null), ('176', '18', '1495', '1', null, '2018-08-09 18:06:32', '2018-08-09 18:06:32', null, '1', null), ('177', '18', '1496', '1', null, '2018-08-09 18:06:32', '2018-08-09 18:06:32', null, '1', null), ('178', '18', '1497', '1', null, '2018-08-09 18:06:32', '2018-08-09 18:06:32', null, '1', null), ('179', '18', '1498', '1', null, '2018-08-09 18:06:32', '2018-08-09 18:06:32', null, '1', null), ('180', '18', '1499', '1', null, '2018-08-09 18:06:32', '2018-08-09 18:06:32', null, '1', null), ('181', '18', '1500', '1', null, '2018-08-09 18:06:32', '2018-08-09 18:06:32', null, '1', null), ('182', '18', '1501', '1', null, '2018-08-09 18:06:32', '2018-08-09 18:06:32', null, '1', null), ('183', '18', '1502', '1', null, '2018-08-09 18:06:32', '2018-08-09 18:06:32', null, '1', null), ('184', '18', '1503', '1', null, '2018-08-09 18:06:32', '2018-08-09 18:06:32', null, '1', null), ('185', '18', '1504', '1', null, '2018-08-09 18:06:32', '2018-08-09 18:06:32', null, '1', null), ('186', '18', '1505', '1', null, '2018-08-09 18:06:32', '2018-08-09 18:06:32', null, '1', null), ('187', '18', '1506', '1', null, '2018-08-09 18:06:32', '2018-08-09 18:06:32', null, '1', null), ('188', '18', '1507', '1', null, '2018-08-09 18:06:32', '2018-08-09 18:06:32', null, '1', null), ('189', '18', '1508', '1', null, '2018-08-09 18:06:32', '2018-08-09 18:06:32', null, '1', null), ('190', '18', '1509', '1', null, '2018-08-09 18:06:32', '2018-08-09 18:06:32', null, '1', null), ('191', '18', '1510', '1', null, '2018-08-09 18:06:32', '2018-08-09 18:06:32', null, '1', null), ('192', '18', '1511', '1', null, '2018-08-09 18:06:32', '2018-08-09 18:06:32', null, '1', null), ('193', '18', '1512', '1', null, '2018-08-09 18:06:32', '2018-08-09 18:06:32', null, '1', null), ('194', '18', '1513', '1', null, '2018-08-09 18:06:32', '2018-08-09 18:06:32', null, '1', null), ('195', '18', '1514', '1', null, '2018-08-09 18:06:32', '2018-08-09 18:06:32', null, '1', null), ('196', '18', '1515', '1', null, '2018-08-09 18:06:32', '2018-08-09 18:06:32', null, '1', null), ('197', '18', '1516', '1', null, '2018-08-09 18:06:32', '2018-08-09 18:06:32', null, '1', null), ('198', '18', '1517', '1', null, '2018-08-09 18:06:32', '2018-08-09 18:06:32', null, '1', null), ('199', '18', '1518', '1', null, '2018-08-09 18:06:32', '2018-08-09 18:06:32', null, '1', null), ('200', '18', '1519', '1', null, '2018-08-09 18:06:32', '2018-08-09 18:06:32', null, '1', null), ('201', '18', '1520', '1', null, '2018-08-09 18:06:32', '2018-08-09 18:06:32', null, '1', null), ('202', '18', '1521', '1', null, '2018-08-09 18:06:32', '2018-08-09 18:06:32', null, '1', null), ('203', '18', '1522', '1', null, '2018-08-09 18:06:32', '2018-08-09 18:06:32', null, '1', null), ('204', '18', '1523', '1', null, '2018-08-09 18:06:32', '2018-08-09 18:06:32', null, '1', null), ('205', '18', '1524', '1', null, '2018-08-09 18:06:32', '2018-08-09 18:06:32', null, '1', null), ('206', '18', '1525', '1', null, '2018-08-09 18:06:32', '2018-08-09 18:06:32', null, '1', null), ('207', '18', '1526', '1', null, '2018-08-09 18:06:32', '2018-08-09 18:06:32', null, '1', null), ('208', '18', '1527', '1', null, '2018-08-09 18:06:32', '2018-08-09 18:06:32', null, '1', null), ('209', '18', '1528', '1', null, '2018-08-09 18:06:32', '2018-08-09 18:06:32', null, '1', null), ('210', '18', '1529', '1', null, '2018-08-09 18:06:32', '2018-08-09 18:06:32', null, '1', null), ('211', '18', '1530', '1', null, '2018-08-09 18:06:32', '2018-08-09 18:06:32', null, '1', null), ('212', '18', '1531', '1', null, '2018-08-09 18:06:32', '2018-08-09 18:06:32', null, '1', null), ('213', '18', '1532', '1', null, '2018-08-09 18:06:32', '2018-08-09 18:06:32', null, '1', null), ('214', '18', '1533', '1', null, '2018-08-09 18:06:32', '2018-08-09 18:06:32', null, '1', null), ('215', '18', '1534', '1', null, '2018-08-09 18:06:32', '2018-08-09 18:06:32', null, '1', null), ('216', '18', '1535', '1', null, '2018-08-09 18:06:32', '2018-08-09 18:06:32', null, '1', null), ('217', '18', '1536', '1', null, '2018-08-09 18:06:32', '2018-08-09 18:06:32', null, '1', null), ('218', '18', '1537', '1', null, '2018-08-09 18:06:32', '2018-08-09 18:06:32', null, '1', null), ('219', '18', '1538', '1', null, '2018-08-09 18:06:32', '2018-08-09 18:06:32', null, '1', null), ('220', '18', '1539', '1', null, '2018-08-09 18:06:32', '2018-08-09 18:06:32', null, '1', null), ('221', '18', '1540', '1', null, '2018-08-09 18:06:32', '2018-08-09 18:06:32', null, '1', null), ('222', '18', '1541', '1', null, '2018-08-09 18:06:32', '2018-08-09 18:06:32', null, '1', null), ('223', '18', '1542', '1', null, '2018-08-09 18:06:32', '2018-08-09 18:06:32', null, '1', null), ('224', '18', '1543', '1', null, '2018-08-09 18:06:32', '2018-08-09 18:06:32', null, '1', null), ('225', '18', '1544', '1', null, '2018-08-09 18:06:32', '2018-08-09 18:06:32', null, '1', null), ('226', '18', '1545', '1', null, '2018-08-09 18:06:32', '2018-08-09 18:06:32', null, '1', null), ('227', '18', '1546', '1', null, '2018-08-09 18:06:32', '2018-08-09 18:06:32', null, '1', null), ('228', '18', '1547', '1', null, '2018-08-09 18:06:32', '2018-08-09 18:06:32', null, '1', null), ('229', '18', '1548', '1', null, '2018-08-09 18:06:32', '2018-08-09 18:06:32', null, '1', null), ('230', '18', '1549', '1', null, '2018-08-09 18:06:32', '2018-08-09 18:06:32', null, '1', null), ('231', '18', '1550', '1', null, '2018-08-09 18:06:32', '2018-08-09 18:06:32', null, '1', null), ('232', '18', '1551', '1', null, '2018-08-09 18:06:32', '2018-08-09 18:06:32', null, '1', null), ('233', '18', '1552', '1', null, '2018-08-09 18:06:32', '2018-08-09 18:06:32', null, '1', null), ('234', '18', '1553', '1', null, '2018-08-09 18:06:32', '2018-08-09 18:06:32', null, '1', null), ('235', '18', '1554', '1', null, '2018-08-09 18:06:32', '2018-08-09 18:06:32', null, '1', null), ('236', '18', '1555', '1', null, '2018-08-09 18:06:32', '2018-08-09 18:06:32', null, '1', null), ('237', '18', '1556', '1', null, '2018-08-09 18:06:32', '2018-08-09 18:06:32', null, '1', null), ('238', '18', '1557', '1', null, '2018-08-09 18:06:32', '2018-08-09 18:06:32', null, '1', null), ('239', '18', '1558', '1', null, '2018-08-09 18:06:32', '2018-08-09 18:06:32', null, '1', null), ('240', '18', '1559', '1', null, '2018-08-09 18:06:32', '2018-08-09 18:06:32', null, '1', null), ('241', '18', '1560', '1', null, '2018-08-09 18:06:32', '2018-08-09 18:06:32', null, '1', null), ('242', '18', '1561', '1', null, '2018-08-09 18:06:32', '2018-08-09 18:06:32', null, '1', null), ('243', '19', '1471', '1', null, '2018-08-09 18:07:05', '2018-08-09 18:07:05', '23', '0', null), ('244', '19', '1472', '1', null, '2018-08-09 18:07:05', '2018-08-09 18:07:05', null, '1', null), ('245', '19', '1473', '1', null, '2018-08-09 18:07:05', '2018-08-09 18:07:05', null, '1', null), ('246', '19', '1474', '1', null, '2018-08-09 18:07:05', '2018-08-09 18:07:05', null, '1', null), ('247', '19', '1475', '1', null, '2018-08-09 18:07:05', '2018-08-09 18:07:05', null, '1', null), ('248', '19', '1476', '1', null, '2018-08-09 18:07:05', '2018-08-09 18:07:05', null, '1', null), ('249', '19', '1477', '1', null, '2018-08-09 18:07:05', '2018-08-09 18:07:05', null, '1', null), ('250', '19', '1478', '1', null, '2018-08-09 18:07:05', '2018-08-09 18:07:05', null, '1', null), ('251', '19', '1479', '1', null, '2018-08-09 18:07:05', '2018-08-09 18:07:05', null, '1', null), ('252', '19', '1480', '1', null, '2018-08-09 18:07:05', '2018-08-09 18:07:05', null, '1', null), ('253', '19', '1481', '1', null, '2018-08-09 18:07:05', '2018-08-09 18:07:05', null, '1', null), ('254', '19', '1482', '1', null, '2018-08-09 18:07:05', '2018-08-09 18:07:05', null, '1', null), ('255', '19', '1483', '1', null, '2018-08-09 18:07:05', '2018-08-09 18:07:05', null, '1', null), ('256', '19', '1484', '1', null, '2018-08-09 18:07:05', '2018-08-09 18:07:05', null, '1', null), ('257', '19', '1485', '1', null, '2018-08-09 18:07:05', '2018-08-09 18:07:05', null, '1', null), ('258', '19', '1486', '1', null, '2018-08-09 18:07:05', '2018-08-09 18:07:05', null, '1', null), ('259', '19', '1487', '1', null, '2018-08-09 18:07:05', '2018-08-09 18:07:05', null, '1', null), ('260', '19', '1488', '1', null, '2018-08-09 18:07:05', '2018-08-09 18:07:05', null, '1', null), ('261', '19', '1489', '1', null, '2018-08-09 18:07:05', '2018-08-09 18:07:05', null, '1', null), ('262', '19', '1490', '1', null, '2018-08-09 18:07:05', '2018-08-09 18:07:05', null, '1', null), ('263', '19', '1491', '1', null, '2018-08-09 18:07:05', '2018-08-09 18:07:05', null, '1', null), ('264', '19', '1492', '1', null, '2018-08-09 18:07:05', '2018-08-09 18:07:05', null, '1', null), ('265', '19', '1493', '1', null, '2018-08-09 18:07:05', '2018-08-09 18:07:05', null, '1', null), ('266', '19', '1494', '1', null, '2018-08-09 18:07:05', '2018-08-09 18:07:05', null, '1', null), ('267', '19', '1495', '1', null, '2018-08-09 18:07:05', '2018-08-09 18:07:05', null, '1', null), ('268', '19', '1496', '1', null, '2018-08-09 18:07:05', '2018-08-09 18:07:05', null, '1', null), ('269', '19', '1497', '1', null, '2018-08-09 18:07:05', '2018-08-09 18:07:05', null, '1', null), ('270', '19', '1498', '1', null, '2018-08-09 18:07:05', '2018-08-09 18:07:05', null, '1', null), ('271', '19', '1499', '1', null, '2018-08-09 18:07:05', '2018-08-09 18:07:05', null, '1', null), ('272', '19', '1500', '1', null, '2018-08-09 18:07:05', '2018-08-09 18:07:05', null, '1', null), ('273', '19', '1501', '1', null, '2018-08-09 18:07:05', '2018-08-09 18:07:05', null, '1', null), ('274', '19', '1502', '1', null, '2018-08-09 18:07:05', '2018-08-09 18:07:05', null, '1', null), ('275', '19', '1503', '1', null, '2018-08-09 18:07:05', '2018-08-09 18:07:05', null, '1', null), ('276', '19', '1504', '1', null, '2018-08-09 18:07:05', '2018-08-09 18:07:05', null, '1', null), ('277', '19', '1505', '1', null, '2018-08-09 18:07:05', '2018-08-09 18:07:05', null, '1', null), ('278', '19', '1506', '1', null, '2018-08-09 18:07:05', '2018-08-09 18:07:05', null, '1', null), ('279', '19', '1507', '1', null, '2018-08-09 18:07:05', '2018-08-09 18:07:05', null, '1', null), ('280', '19', '1508', '1', null, '2018-08-09 18:07:05', '2018-08-09 18:07:05', null, '1', null), ('281', '19', '1509', '1', null, '2018-08-09 18:07:05', '2018-08-09 18:07:05', null, '1', null), ('282', '19', '1510', '1', null, '2018-08-09 18:07:05', '2018-08-09 18:07:05', null, '1', null), ('283', '19', '1511', '1', null, '2018-08-09 18:07:05', '2018-08-09 18:07:05', null, '1', null), ('284', '19', '1512', '1', null, '2018-08-09 18:07:05', '2018-08-09 18:07:05', null, '1', null), ('285', '19', '1513', '1', null, '2018-08-09 18:07:05', '2018-08-09 18:07:05', null, '1', null), ('286', '19', '1514', '1', null, '2018-08-09 18:07:05', '2018-08-09 18:07:05', null, '1', null), ('287', '19', '1515', '1', null, '2018-08-09 18:07:05', '2018-08-09 18:07:05', null, '1', null), ('288', '19', '1516', '1', null, '2018-08-09 18:07:05', '2018-08-09 18:07:05', null, '1', null), ('289', '19', '1517', '1', null, '2018-08-09 18:07:05', '2018-08-09 18:07:05', null, '1', null), ('290', '19', '1518', '1', null, '2018-08-09 18:07:05', '2018-08-09 18:07:05', null, '1', null), ('291', '19', '1519', '1', null, '2018-08-09 18:07:05', '2018-08-09 18:07:05', null, '1', null), ('292', '19', '1520', '1', null, '2018-08-09 18:07:05', '2018-08-09 18:07:05', null, '1', null), ('293', '19', '1521', '1', null, '2018-08-09 18:07:05', '2018-08-09 18:07:05', null, '1', null), ('294', '19', '1522', '1', null, '2018-08-09 18:07:05', '2018-08-09 18:07:05', null, '1', null), ('295', '19', '1523', '1', null, '2018-08-09 18:07:05', '2018-08-09 18:07:05', null, '1', null), ('296', '19', '1524', '1', null, '2018-08-09 18:07:05', '2018-08-09 18:07:05', null, '1', null), ('297', '19', '1525', '1', null, '2018-08-09 18:07:05', '2018-08-09 18:07:05', null, '1', null), ('298', '19', '1526', '1', null, '2018-08-09 18:07:05', '2018-08-09 18:07:05', null, '1', null), ('299', '19', '1527', '1', null, '2018-08-09 18:07:05', '2018-08-09 18:07:05', null, '1', null), ('300', '19', '1528', '1', null, '2018-08-09 18:07:05', '2018-08-09 18:07:05', null, '1', null), ('301', '19', '1529', '1', null, '2018-08-09 18:07:05', '2018-08-09 18:07:05', null, '1', null), ('302', '19', '1530', '1', null, '2018-08-09 18:07:05', '2018-08-09 18:07:05', null, '1', null), ('303', '19', '1531', '1', null, '2018-08-09 18:07:05', '2018-08-09 18:07:05', null, '1', null), ('304', '19', '1532', '1', null, '2018-08-09 18:07:05', '2018-08-09 18:07:05', null, '1', null), ('305', '19', '1533', '1', null, '2018-08-09 18:07:05', '2018-08-09 18:07:05', null, '1', null), ('306', '19', '1534', '1', null, '2018-08-09 18:07:05', '2018-08-09 18:07:05', null, '1', null), ('307', '19', '1535', '1', null, '2018-08-09 18:07:05', '2018-08-09 18:07:05', null, '1', null), ('308', '19', '1536', '1', null, '2018-08-09 18:07:05', '2018-08-09 18:07:05', null, '1', null), ('309', '19', '1537', '1', null, '2018-08-09 18:07:05', '2018-08-09 18:07:05', null, '1', null), ('310', '19', '1538', '1', null, '2018-08-09 18:07:05', '2018-08-09 18:07:05', null, '1', null), ('311', '19', '1539', '1', null, '2018-08-09 18:07:05', '2018-08-09 18:07:05', null, '1', null), ('312', '19', '1540', '1', null, '2018-08-09 18:07:05', '2018-08-09 18:07:05', null, '1', null), ('313', '19', '1541', '1', null, '2018-08-09 18:07:05', '2018-08-09 18:07:05', null, '1', null), ('314', '19', '1542', '1', null, '2018-08-09 18:07:05', '2018-08-09 18:07:05', null, '1', null), ('315', '19', '1543', '1', null, '2018-08-09 18:07:05', '2018-08-09 18:07:05', null, '1', null), ('316', '19', '1544', '1', null, '2018-08-09 18:07:05', '2018-08-09 18:07:05', null, '1', null), ('317', '19', '1545', '1', null, '2018-08-09 18:07:05', '2018-08-09 18:07:05', null, '1', null), ('318', '19', '1546', '1', null, '2018-08-09 18:07:05', '2018-08-09 18:07:05', null, '1', null), ('319', '19', '1547', '1', null, '2018-08-09 18:07:05', '2018-08-09 18:07:05', null, '1', null), ('320', '19', '1548', '1', null, '2018-08-09 18:07:05', '2018-08-09 18:07:05', null, '1', null), ('321', '19', '1549', '1', null, '2018-08-09 18:07:05', '2018-08-09 18:07:05', null, '1', null), ('322', '19', '1550', '1', null, '2018-08-09 18:07:05', '2018-08-09 18:07:05', null, '1', null), ('323', '19', '1551', '1', null, '2018-08-09 18:07:05', '2018-08-09 18:07:05', null, '1', null), ('324', '19', '1552', '1', null, '2018-08-09 18:07:05', '2018-08-09 18:07:05', null, '1', null), ('325', '19', '1553', '1', null, '2018-08-09 18:07:05', '2018-08-09 18:07:05', null, '1', null), ('326', '19', '1554', '1', null, '2018-08-09 18:07:05', '2018-08-09 18:07:05', null, '1', null), ('327', '19', '1555', '1', null, '2018-08-09 18:07:05', '2018-08-09 18:07:05', null, '1', null), ('328', '19', '1556', '1', null, '2018-08-09 18:07:05', '2018-08-09 18:07:05', null, '1', null), ('329', '19', '1557', '1', null, '2018-08-09 18:07:05', '2018-08-09 18:07:05', null, '1', null), ('330', '19', '1558', '1', null, '2018-08-09 18:07:05', '2018-08-09 18:07:05', null, '1', null), ('331', '19', '1559', '1', null, '2018-08-09 18:07:05', '2018-08-09 18:07:05', null, '1', null), ('332', '19', '1560', '1', null, '2018-08-09 18:07:05', '2018-08-09 18:07:05', null, '1', null), ('333', '19', '1561', '1', null, '2018-08-09 18:07:05', '2018-08-09 18:07:05', null, '1', null), ('334', '20', '1471', '1', null, '2018-08-09 18:13:41', '2018-08-09 18:13:41', '23', '0', 'http://cdn.ayotrust.com/upload/2018-08-09image1.jpeg'), ('335', '20', '1472', '1', null, '2018-08-09 18:13:41', '2018-08-09 18:13:41', null, '1', null), ('336', '20', '1473', '1', null, '2018-08-09 18:13:41', '2018-08-09 18:13:41', null, '1', null), ('337', '20', '1474', '1', null, '2018-08-09 18:13:41', '2018-08-09 18:13:41', null, '1', null), ('338', '20', '1475', '1', null, '2018-08-09 18:13:41', '2018-08-09 18:13:41', null, '1', null), ('339', '20', '1476', '1', null, '2018-08-09 18:13:41', '2018-08-09 18:13:41', null, '1', null), ('340', '20', '1477', '1', null, '2018-08-09 18:13:41', '2018-08-09 18:13:41', null, '1', null), ('341', '20', '1478', '1', null, '2018-08-09 18:13:41', '2018-08-09 18:13:41', null, '1', null), ('342', '20', '1479', '1', null, '2018-08-09 18:13:41', '2018-08-09 18:13:41', null, '1', null), ('343', '20', '1480', '1', null, '2018-08-09 18:13:41', '2018-08-09 18:13:41', null, '1', null), ('344', '20', '1481', '1', null, '2018-08-09 18:13:41', '2018-08-09 18:13:41', null, '1', null), ('345', '20', '1482', '1', null, '2018-08-09 18:13:41', '2018-08-09 18:13:41', null, '1', null), ('346', '20', '1483', '1', null, '2018-08-09 18:13:41', '2018-08-09 18:13:41', null, '1', null), ('347', '20', '1484', '1', null, '2018-08-09 18:13:41', '2018-08-09 18:13:41', null, '1', null), ('348', '20', '1485', '1', null, '2018-08-09 18:13:41', '2018-08-09 18:13:41', null, '1', null), ('349', '20', '1486', '1', null, '2018-08-09 18:13:41', '2018-08-09 18:13:41', null, '1', null), ('350', '20', '1487', '1', null, '2018-08-09 18:13:41', '2018-08-09 18:13:41', null, '1', null), ('351', '20', '1488', '1', null, '2018-08-09 18:13:41', '2018-08-09 18:13:41', null, '1', null), ('352', '20', '1489', '1', null, '2018-08-09 18:13:41', '2018-08-09 18:13:41', null, '1', null), ('353', '20', '1490', '1', null, '2018-08-09 18:13:41', '2018-08-09 18:13:41', null, '1', null), ('354', '20', '1491', '1', null, '2018-08-09 18:13:41', '2018-08-09 18:13:41', null, '1', null), ('355', '20', '1492', '1', null, '2018-08-09 18:13:41', '2018-08-09 18:13:41', null, '1', null), ('356', '20', '1493', '1', null, '2018-08-09 18:13:41', '2018-08-09 18:13:41', null, '1', null), ('357', '20', '1494', '1', null, '2018-08-09 18:13:41', '2018-08-09 18:13:41', null, '1', null), ('358', '20', '1495', '1', null, '2018-08-09 18:13:41', '2018-08-09 18:13:41', null, '1', null), ('359', '20', '1496', '1', null, '2018-08-09 18:13:41', '2018-08-09 18:13:41', null, '1', null), ('360', '20', '1497', '1', null, '2018-08-09 18:13:41', '2018-08-09 18:13:41', null, '1', null), ('361', '20', '1498', '1', null, '2018-08-09 18:13:41', '2018-08-09 18:13:41', null, '1', null), ('362', '20', '1499', '1', null, '2018-08-09 18:13:41', '2018-08-09 18:13:41', null, '1', null), ('363', '20', '1500', '1', null, '2018-08-09 18:13:41', '2018-08-09 18:13:41', null, '1', null), ('364', '20', '1501', '1', null, '2018-08-09 18:13:41', '2018-08-09 18:13:41', null, '1', null), ('365', '20', '1502', '1', null, '2018-08-09 18:13:41', '2018-08-09 18:13:41', null, '1', null), ('366', '20', '1503', '1', null, '2018-08-09 18:13:41', '2018-08-09 18:13:41', null, '1', null), ('367', '20', '1504', '1', null, '2018-08-09 18:13:41', '2018-08-09 18:13:41', null, '1', null), ('368', '20', '1505', '1', null, '2018-08-09 18:13:41', '2018-08-09 18:13:41', null, '1', null), ('369', '20', '1506', '1', null, '2018-08-09 18:13:41', '2018-08-09 18:13:41', null, '1', null), ('370', '20', '1507', '1', null, '2018-08-09 18:13:41', '2018-08-09 18:13:41', null, '1', null), ('371', '20', '1508', '1', null, '2018-08-09 18:13:41', '2018-08-09 18:13:41', null, '1', null), ('372', '20', '1509', '1', null, '2018-08-09 18:13:41', '2018-08-09 18:13:41', null, '1', null), ('373', '20', '1510', '1', null, '2018-08-09 18:13:41', '2018-08-09 18:13:41', null, '1', null), ('374', '20', '1511', '1', null, '2018-08-09 18:13:41', '2018-08-09 18:13:41', null, '1', null), ('375', '20', '1512', '1', null, '2018-08-09 18:13:41', '2018-08-09 18:13:41', null, '1', null), ('376', '20', '1513', '1', null, '2018-08-09 18:13:41', '2018-08-09 18:13:41', null, '1', null), ('377', '20', '1514', '1', null, '2018-08-09 18:13:41', '2018-08-09 18:13:41', null, '1', null), ('378', '20', '1515', '1', null, '2018-08-09 18:13:41', '2018-08-09 18:13:41', null, '1', null), ('379', '20', '1516', '1', null, '2018-08-09 18:13:41', '2018-08-09 18:13:41', null, '1', null), ('380', '20', '1517', '1', null, '2018-08-09 18:13:41', '2018-08-09 18:13:41', null, '1', null), ('381', '20', '1518', '1', null, '2018-08-09 18:13:41', '2018-08-09 18:13:41', null, '1', null), ('382', '20', '1519', '1', null, '2018-08-09 18:13:41', '2018-08-09 18:13:41', null, '1', null), ('383', '20', '1520', '1', null, '2018-08-09 18:13:41', '2018-08-09 18:13:41', null, '1', null), ('384', '20', '1521', '1', null, '2018-08-09 18:13:41', '2018-08-09 18:13:41', null, '1', null), ('385', '20', '1522', '1', null, '2018-08-09 18:13:41', '2018-08-09 18:13:41', null, '1', null), ('386', '20', '1523', '1', null, '2018-08-09 18:13:41', '2018-08-09 18:13:41', null, '1', null), ('387', '20', '1524', '1', null, '2018-08-09 18:13:41', '2018-08-09 18:13:41', null, '1', null), ('388', '20', '1525', '1', null, '2018-08-09 18:13:41', '2018-08-09 18:13:41', null, '1', null), ('389', '20', '1526', '1', null, '2018-08-09 18:13:41', '2018-08-09 18:13:41', null, '1', null), ('390', '20', '1527', '1', null, '2018-08-09 18:13:41', '2018-08-09 18:13:41', null, '1', null), ('391', '20', '1528', '1', null, '2018-08-09 18:13:41', '2018-08-09 18:13:41', null, '1', null), ('392', '20', '1529', '1', null, '2018-08-09 18:13:41', '2018-08-09 18:13:41', null, '1', null), ('393', '20', '1530', '1', null, '2018-08-09 18:13:41', '2018-08-09 18:13:41', null, '1', null), ('394', '20', '1531', '1', null, '2018-08-09 18:13:41', '2018-08-09 18:13:41', null, '1', null), ('395', '20', '1532', '1', null, '2018-08-09 18:13:41', '2018-08-09 18:13:41', null, '1', null), ('396', '20', '1533', '1', null, '2018-08-09 18:13:41', '2018-08-09 18:13:41', null, '1', null), ('397', '20', '1534', '1', null, '2018-08-09 18:13:41', '2018-08-09 18:13:41', null, '1', null), ('398', '20', '1535', '1', null, '2018-08-09 18:13:41', '2018-08-09 18:13:41', null, '1', null), ('399', '20', '1536', '1', null, '2018-08-09 18:13:41', '2018-08-09 18:13:41', null, '1', null), ('400', '20', '1537', '1', null, '2018-08-09 18:13:41', '2018-08-09 18:13:41', null, '1', null), ('401', '20', '1538', '1', null, '2018-08-09 18:13:41', '2018-08-09 18:13:41', null, '1', null), ('402', '20', '1539', '1', null, '2018-08-09 18:13:41', '2018-08-09 18:13:41', null, '1', null), ('403', '20', '1540', '1', null, '2018-08-09 18:13:41', '2018-08-09 18:13:41', null, '1', null), ('404', '20', '1541', '1', null, '2018-08-09 18:13:41', '2018-08-09 18:13:41', null, '1', null), ('405', '20', '1542', '1', null, '2018-08-09 18:13:41', '2018-08-09 18:13:41', null, '1', null), ('406', '20', '1543', '1', null, '2018-08-09 18:13:41', '2018-08-09 18:13:41', null, '1', null), ('407', '20', '1544', '1', null, '2018-08-09 18:13:41', '2018-08-09 18:13:41', null, '1', null), ('408', '20', '1545', '1', null, '2018-08-09 18:13:41', '2018-08-09 18:13:41', null, '1', null), ('409', '20', '1546', '1', null, '2018-08-09 18:13:41', '2018-08-09 18:13:41', null, '1', null), ('410', '20', '1547', '1', null, '2018-08-09 18:13:41', '2018-08-09 18:13:41', null, '1', null), ('411', '20', '1548', '1', null, '2018-08-09 18:13:41', '2018-08-09 18:13:41', null, '1', null), ('412', '20', '1549', '1', null, '2018-08-09 18:13:41', '2018-08-09 18:13:41', null, '1', null), ('413', '20', '1550', '1', null, '2018-08-09 18:13:41', '2018-08-09 18:13:41', null, '1', null), ('414', '20', '1551', '1', null, '2018-08-09 18:13:41', '2018-08-09 18:13:41', null, '1', null), ('415', '20', '1552', '1', null, '2018-08-09 18:13:41', '2018-08-09 18:13:41', null, '1', null), ('416', '20', '1553', '1', null, '2018-08-09 18:13:41', '2018-08-09 18:13:41', null, '1', null), ('417', '20', '1554', '1', null, '2018-08-09 18:13:41', '2018-08-09 18:13:41', null, '1', null), ('418', '20', '1555', '1', null, '2018-08-09 18:13:41', '2018-08-09 18:13:41', null, '1', null), ('419', '20', '1556', '1', null, '2018-08-09 18:13:41', '2018-08-09 18:13:41', null, '1', null), ('420', '20', '1557', '1', null, '2018-08-09 18:13:41', '2018-08-09 18:13:41', null, '1', null), ('421', '20', '1558', '1', null, '2018-08-09 18:13:41', '2018-08-09 18:13:41', null, '1', null), ('422', '20', '1559', '1', null, '2018-08-09 18:13:41', '2018-08-09 18:13:41', null, '1', null), ('423', '20', '1560', '1', null, '2018-08-09 18:13:41', '2018-08-09 18:13:41', null, '1', null), ('424', '20', '1561', '1', null, '2018-08-09 18:13:41', '2018-08-09 18:13:41', null, '1', null), ('425', '21', '1471', '1', null, '2018-08-10 11:02:18', '2018-08-10 11:02:18', '23', '0', 'http://cdn.ayotrust.com/upload/2018-08-09image1.jpeg,http://cdn.ayotrust.com/upload/2018-08-10WechatIMG16.png'), ('426', '21', '1472', '1', null, '2018-08-10 11:02:18', '2018-08-10 11:02:18', null, '1', null), ('427', '21', '1473', '1', null, '2018-08-10 11:02:18', '2018-08-10 11:02:18', null, '1', null), ('428', '21', '1474', '1', null, '2018-08-10 11:02:18', '2018-08-10 11:02:18', null, '1', null), ('429', '21', '1475', '1', null, '2018-08-10 11:02:18', '2018-08-10 11:02:18', null, '1', null), ('430', '21', '1476', '1', null, '2018-08-10 11:02:18', '2018-08-10 11:02:18', null, '1', null), ('431', '21', '1477', '1', null, '2018-08-10 11:02:18', '2018-08-10 11:02:18', null, '1', null), ('432', '21', '1478', '1', null, '2018-08-10 11:02:18', '2018-08-10 11:02:18', null, '1', null), ('433', '21', '1479', '1', null, '2018-08-10 11:02:18', '2018-08-10 11:02:18', null, '1', null), ('434', '21', '1480', '1', null, '2018-08-10 11:02:18', '2018-08-10 11:02:18', null, '1', null), ('435', '21', '1481', '1', null, '2018-08-10 11:02:18', '2018-08-10 11:02:18', null, '1', null), ('436', '21', '1482', '1', null, '2018-08-10 11:02:18', '2018-08-10 11:02:18', null, '1', null), ('437', '21', '1483', '1', null, '2018-08-10 11:02:18', '2018-08-10 11:02:18', null, '1', null), ('438', '21', '1484', '1', null, '2018-08-10 11:02:18', '2018-08-10 11:02:18', null, '1', null), ('439', '21', '1485', '1', null, '2018-08-10 11:02:18', '2018-08-10 11:02:18', null, '1', null), ('440', '21', '1486', '1', null, '2018-08-10 11:02:18', '2018-08-10 11:02:18', null, '1', null), ('441', '21', '1487', '1', null, '2018-08-10 11:02:18', '2018-08-10 11:02:18', null, '1', null), ('442', '21', '1488', '1', null, '2018-08-10 11:02:18', '2018-08-10 11:02:18', null, '1', null), ('443', '21', '1489', '1', null, '2018-08-10 11:02:18', '2018-08-10 11:02:18', null, '1', null), ('444', '21', '1490', '1', null, '2018-08-10 11:02:18', '2018-08-10 11:02:18', null, '1', null), ('445', '21', '1491', '1', null, '2018-08-10 11:02:18', '2018-08-10 11:02:18', null, '1', null), ('446', '21', '1492', '1', null, '2018-08-10 11:02:18', '2018-08-10 11:02:18', null, '1', null), ('447', '21', '1493', '1', null, '2018-08-10 11:02:18', '2018-08-10 11:02:18', null, '1', null), ('448', '21', '1494', '1', null, '2018-08-10 11:02:18', '2018-08-10 11:02:18', null, '1', null), ('449', '21', '1495', '1', null, '2018-08-10 11:02:18', '2018-08-10 11:02:18', null, '1', null), ('450', '21', '1496', '1', null, '2018-08-10 11:02:18', '2018-08-10 11:02:18', null, '1', null), ('451', '21', '1497', '1', null, '2018-08-10 11:02:18', '2018-08-10 11:02:18', null, '1', null), ('452', '21', '1498', '1', null, '2018-08-10 11:02:18', '2018-08-10 11:02:18', null, '1', null), ('453', '21', '1499', '1', null, '2018-08-10 11:02:18', '2018-08-10 11:02:18', null, '1', null), ('454', '21', '1500', '1', null, '2018-08-10 11:02:18', '2018-08-10 11:02:18', null, '1', null), ('455', '21', '1501', '1', null, '2018-08-10 11:02:18', '2018-08-10 11:02:18', null, '1', null), ('456', '21', '1502', '1', null, '2018-08-10 11:02:18', '2018-08-10 11:02:18', null, '1', null), ('457', '21', '1503', '1', null, '2018-08-10 11:02:18', '2018-08-10 11:02:18', null, '1', null), ('458', '21', '1504', '1', null, '2018-08-10 11:02:18', '2018-08-10 11:02:18', null, '1', null), ('459', '21', '1505', '1', null, '2018-08-10 11:02:18', '2018-08-10 11:02:18', null, '1', null), ('460', '21', '1506', '1', null, '2018-08-10 11:02:18', '2018-08-10 11:02:18', null, '1', null), ('461', '21', '1507', '1', null, '2018-08-10 11:02:18', '2018-08-10 11:02:18', null, '1', null), ('462', '21', '1508', '1', null, '2018-08-10 11:02:18', '2018-08-10 11:02:18', null, '1', null), ('463', '21', '1509', '1', null, '2018-08-10 11:02:18', '2018-08-10 11:02:18', null, '1', null), ('464', '21', '1510', '1', null, '2018-08-10 11:02:18', '2018-08-10 11:02:18', null, '1', null), ('465', '21', '1511', '1', null, '2018-08-10 11:02:18', '2018-08-10 11:02:18', null, '1', null), ('466', '21', '1512', '1', null, '2018-08-10 11:02:18', '2018-08-10 11:02:18', null, '1', null), ('467', '21', '1513', '1', null, '2018-08-10 11:02:18', '2018-08-10 11:02:18', null, '1', null), ('468', '21', '1514', '1', null, '2018-08-10 11:02:18', '2018-08-10 11:02:18', null, '1', null), ('469', '21', '1515', '1', null, '2018-08-10 11:02:18', '2018-08-10 11:02:18', null, '1', null), ('470', '21', '1516', '1', null, '2018-08-10 11:02:18', '2018-08-10 11:02:18', null, '1', null), ('471', '21', '1517', '1', null, '2018-08-10 11:02:18', '2018-08-10 11:02:18', null, '1', null), ('472', '21', '1518', '1', null, '2018-08-10 11:02:18', '2018-08-10 11:02:18', null, '1', null), ('473', '21', '1519', '1', null, '2018-08-10 11:02:18', '2018-08-10 11:02:18', null, '1', null), ('474', '21', '1520', '1', null, '2018-08-10 11:02:18', '2018-08-10 11:02:18', null, '1', null), ('475', '21', '1521', '1', null, '2018-08-10 11:02:18', '2018-08-10 11:02:18', null, '1', null), ('476', '21', '1522', '1', null, '2018-08-10 11:02:18', '2018-08-10 11:02:18', null, '1', null), ('477', '21', '1523', '1', null, '2018-08-10 11:02:18', '2018-08-10 11:02:18', null, '1', null), ('478', '21', '1524', '1', null, '2018-08-10 11:02:18', '2018-08-10 11:02:18', null, '1', null), ('479', '21', '1525', '1', null, '2018-08-10 11:02:18', '2018-08-10 11:02:18', null, '1', null), ('480', '21', '1526', '1', null, '2018-08-10 11:02:18', '2018-08-10 11:02:18', null, '1', null), ('481', '21', '1527', '1', null, '2018-08-10 11:02:18', '2018-08-10 11:02:18', null, '1', null), ('482', '21', '1528', '1', null, '2018-08-10 11:02:18', '2018-08-10 11:02:18', null, '1', null), ('483', '21', '1529', '1', null, '2018-08-10 11:02:18', '2018-08-10 11:02:18', null, '1', null), ('484', '21', '1530', '1', null, '2018-08-10 11:02:18', '2018-08-10 11:02:18', null, '1', null), ('485', '21', '1531', '1', null, '2018-08-10 11:02:18', '2018-08-10 11:02:18', null, '1', null), ('486', '21', '1532', '1', null, '2018-08-10 11:02:18', '2018-08-10 11:02:18', null, '1', null), ('487', '21', '1533', '1', null, '2018-08-10 11:02:18', '2018-08-10 11:02:18', null, '1', null), ('488', '21', '1534', '1', null, '2018-08-10 11:02:18', '2018-08-10 11:02:18', null, '1', null), ('489', '21', '1535', '1', null, '2018-08-10 11:02:18', '2018-08-10 11:02:18', null, '1', null), ('490', '21', '1536', '1', null, '2018-08-10 11:02:18', '2018-08-10 11:02:18', null, '1', null), ('491', '21', '1537', '1', null, '2018-08-10 11:02:18', '2018-08-10 11:02:18', null, '1', null), ('492', '21', '1538', '1', null, '2018-08-10 11:02:18', '2018-08-10 11:02:18', null, '1', null), ('493', '21', '1539', '1', null, '2018-08-10 11:02:18', '2018-08-10 11:02:18', null, '1', null), ('494', '21', '1540', '1', null, '2018-08-10 11:02:18', '2018-08-10 11:02:18', null, '1', null), ('495', '21', '1541', '1', null, '2018-08-10 11:02:18', '2018-08-10 11:02:18', null, '1', null), ('496', '21', '1542', '1', null, '2018-08-10 11:02:18', '2018-08-10 11:02:18', null, '1', null), ('497', '21', '1543', '1', null, '2018-08-10 11:02:18', '2018-08-10 11:02:18', null, '1', null), ('498', '21', '1544', '1', null, '2018-08-10 11:02:18', '2018-08-10 11:02:18', null, '1', null), ('499', '21', '1545', '1', null, '2018-08-10 11:02:18', '2018-08-10 11:02:18', null, '1', null), ('500', '21', '1546', '1', null, '2018-08-10 11:02:18', '2018-08-10 11:02:18', null, '1', null), ('501', '21', '1547', '1', null, '2018-08-10 11:02:18', '2018-08-10 11:02:18', null, '1', null), ('502', '21', '1548', '1', null, '2018-08-10 11:02:18', '2018-08-10 11:02:18', null, '1', null), ('503', '21', '1549', '1', null, '2018-08-10 11:02:18', '2018-08-10 11:02:18', null, '1', null), ('504', '21', '1550', '1', null, '2018-08-10 11:02:18', '2018-08-10 11:02:18', null, '1', null), ('505', '21', '1551', '1', null, '2018-08-10 11:02:18', '2018-08-10 11:02:18', null, '1', null), ('506', '21', '1552', '1', null, '2018-08-10 11:02:18', '2018-08-10 11:02:18', null, '1', null), ('507', '21', '1553', '1', null, '2018-08-10 11:02:18', '2018-08-10 11:02:18', null, '1', null), ('508', '21', '1554', '1', null, '2018-08-10 11:02:18', '2018-08-10 11:02:18', null, '1', null), ('509', '21', '1555', '1', null, '2018-08-10 11:02:18', '2018-08-10 11:02:18', null, '1', null), ('510', '21', '1556', '1', null, '2018-08-10 11:02:18', '2018-08-10 11:02:18', null, '1', null), ('511', '21', '1557', '1', null, '2018-08-10 11:02:18', '2018-08-10 11:02:18', null, '1', null), ('512', '21', '1558', '1', null, '2018-08-10 11:02:18', '2018-08-10 11:02:18', null, '1', null), ('513', '21', '1559', '1', null, '2018-08-10 11:02:18', '2018-08-10 11:02:18', null, '1', null), ('514', '21', '1560', '1', null, '2018-08-10 11:02:18', '2018-08-10 11:02:18', null, '1', null), ('515', '21', '1561', '1', null, '2018-08-10 11:02:18', '2018-08-10 11:02:18', null, '1', null), ('516', '22', '1471', '1', null, '2018-08-10 14:46:49', '2018-08-10 14:46:49', '23', '0', 'http://cdn.ayotrust.com/upload/2018-08-09image1.jpeg,http://cdn.ayotrust.com/upload/2018-08-10WechatIMG16.png'), ('517', '22', '1472', '1', null, '2018-08-10 14:46:49', '2018-08-10 14:46:49', null, '1', null), ('518', '22', '1473', '1', null, '2018-08-10 14:46:49', '2018-08-10 14:46:49', null, '1', null), ('519', '22', '1474', '1', null, '2018-08-10 14:46:49', '2018-08-10 14:46:49', 'gdsfgfad', '0', 'http://cdn.ayotrust.com/upload/2018-08-10/190/u=6745480433857528968&fm=27&gp=0.jpg'), ('520', '22', '1475', '1', null, '2018-08-10 14:46:49', '2018-08-10 14:46:49', null, '1', null), ('521', '22', '1476', '1', null, '2018-08-10 14:46:49', '2018-08-10 14:46:49', null, '1', null), ('522', '22', '1477', '1', null, '2018-08-10 14:46:49', '2018-08-10 14:46:49', null, '1', null), ('523', '22', '1478', '1', null, '2018-08-10 14:46:49', '2018-08-10 14:46:49', null, '1', null), ('524', '22', '1479', '1', null, '2018-08-10 14:46:49', '2018-08-10 14:46:49', null, '1', null), ('525', '22', '1480', '1', null, '2018-08-10 14:46:49', '2018-08-10 14:46:49', null, '1', null), ('526', '22', '1481', '1', null, '2018-08-10 14:46:49', '2018-08-10 14:46:49', null, '1', null), ('527', '22', '1482', '1', null, '2018-08-10 14:46:49', '2018-08-10 14:46:49', null, '1', null), ('528', '22', '1483', '1', null, '2018-08-10 14:46:49', '2018-08-10 14:46:49', null, '1', null), ('529', '22', '1484', '1', null, '2018-08-10 14:46:49', '2018-08-10 14:46:49', null, '1', null), ('530', '22', '1485', '1', null, '2018-08-10 14:46:49', '2018-08-10 14:46:49', null, '1', null), ('531', '22', '1486', '1', null, '2018-08-10 14:46:49', '2018-08-10 14:46:49', null, '1', null), ('532', '22', '1487', '1', null, '2018-08-10 14:46:49', '2018-08-10 14:46:49', null, '1', null), ('533', '22', '1488', '1', null, '2018-08-10 14:46:49', '2018-08-10 14:46:49', null, '1', null), ('534', '22', '1489', '1', null, '2018-08-10 14:46:49', '2018-08-10 14:46:49', null, '1', null), ('535', '22', '1490', '1', null, '2018-08-10 14:46:49', '2018-08-10 14:46:49', null, '1', null), ('536', '22', '1491', '1', null, '2018-08-10 14:46:49', '2018-08-10 14:46:49', null, '1', null), ('537', '22', '1492', '1', null, '2018-08-10 14:46:49', '2018-08-10 14:46:49', null, '1', null), ('538', '22', '1493', '1', null, '2018-08-10 14:46:49', '2018-08-10 14:46:49', null, '1', null), ('539', '22', '1494', '1', null, '2018-08-10 14:46:49', '2018-08-10 14:46:49', null, '1', null), ('540', '22', '1495', '1', null, '2018-08-10 14:46:49', '2018-08-10 14:46:49', null, '1', null), ('541', '22', '1496', '1', null, '2018-08-10 14:46:49', '2018-08-10 14:46:49', null, '1', null), ('542', '22', '1497', '1', null, '2018-08-10 14:46:49', '2018-08-10 14:46:49', null, '1', null), ('543', '22', '1498', '1', null, '2018-08-10 14:46:49', '2018-08-10 14:46:49', null, '1', null), ('544', '22', '1499', '1', null, '2018-08-10 14:46:49', '2018-08-10 14:46:49', null, '1', null), ('545', '22', '1500', '1', null, '2018-08-10 14:46:49', '2018-08-10 14:46:49', null, '1', null), ('546', '22', '1501', '1', null, '2018-08-10 14:46:49', '2018-08-10 14:46:49', null, '1', null), ('547', '22', '1502', '1', null, '2018-08-10 14:46:49', '2018-08-10 14:46:49', null, '1', null), ('548', '22', '1503', '1', null, '2018-08-10 14:46:49', '2018-08-10 14:46:49', null, '1', null), ('549', '22', '1504', '1', null, '2018-08-10 14:46:49', '2018-08-10 14:46:49', null, '1', null), ('550', '22', '1505', '1', null, '2018-08-10 14:46:49', '2018-08-10 14:46:49', null, '1', null), ('551', '22', '1506', '1', null, '2018-08-10 14:46:49', '2018-08-10 14:46:49', null, '1', null), ('552', '22', '1507', '1', null, '2018-08-10 14:46:49', '2018-08-10 14:46:49', null, '1', null), ('553', '22', '1508', '1', null, '2018-08-10 14:46:49', '2018-08-10 14:46:49', null, '1', null), ('554', '22', '1509', '1', null, '2018-08-10 14:46:49', '2018-08-10 14:46:49', null, '1', null), ('555', '22', '1510', '1', null, '2018-08-10 14:46:49', '2018-08-10 14:46:49', null, '1', null), ('556', '22', '1511', '1', null, '2018-08-10 14:46:49', '2018-08-10 14:46:49', null, '1', null), ('557', '22', '1512', '1', null, '2018-08-10 14:46:49', '2018-08-10 14:46:49', null, '1', null), ('558', '22', '1513', '1', null, '2018-08-10 14:46:49', '2018-08-10 14:46:49', null, '1', null), ('559', '22', '1514', '1', null, '2018-08-10 14:46:49', '2018-08-10 14:46:49', null, '1', null), ('560', '22', '1515', '1', null, '2018-08-10 14:46:49', '2018-08-10 14:46:49', null, '1', null), ('561', '22', '1516', '1', null, '2018-08-10 14:46:49', '2018-08-10 14:46:49', null, '1', null), ('562', '22', '1517', '1', null, '2018-08-10 14:46:49', '2018-08-10 14:46:49', null, '1', null), ('563', '22', '1518', '1', null, '2018-08-10 14:46:49', '2018-08-10 14:46:49', null, '1', null), ('564', '22', '1519', '1', null, '2018-08-10 14:46:49', '2018-08-10 14:46:49', null, '1', null), ('565', '22', '1520', '1', null, '2018-08-10 14:46:49', '2018-08-10 14:46:49', null, '1', null), ('566', '22', '1521', '1', null, '2018-08-10 14:46:49', '2018-08-10 14:46:49', null, '1', null), ('567', '22', '1522', '1', null, '2018-08-10 14:46:49', '2018-08-10 14:46:49', null, '1', null), ('568', '22', '1523', '1', null, '2018-08-10 14:46:49', '2018-08-10 14:46:49', null, '1', null), ('569', '22', '1524', '1', null, '2018-08-10 14:46:49', '2018-08-10 14:46:49', null, '1', null), ('570', '22', '1525', '1', null, '2018-08-10 14:46:49', '2018-08-10 14:46:49', null, '1', null), ('571', '22', '1526', '1', null, '2018-08-10 14:46:49', '2018-08-10 14:46:49', null, '1', null), ('572', '22', '1527', '1', null, '2018-08-10 14:46:49', '2018-08-10 14:46:49', null, '1', null), ('573', '22', '1528', '1', null, '2018-08-10 14:46:49', '2018-08-10 14:46:49', null, '1', null), ('574', '22', '1529', '1', null, '2018-08-10 14:46:49', '2018-08-10 14:46:49', null, '1', null), ('575', '22', '1530', '1', null, '2018-08-10 14:46:49', '2018-08-10 14:46:49', null, '1', null), ('576', '22', '1531', '1', null, '2018-08-10 14:46:49', '2018-08-10 14:46:49', null, '1', null), ('577', '22', '1532', '1', null, '2018-08-10 14:46:49', '2018-08-10 14:46:49', null, '1', null), ('578', '22', '1533', '1', null, '2018-08-10 14:46:49', '2018-08-10 14:46:49', null, '1', null), ('579', '22', '1534', '1', null, '2018-08-10 14:46:49', '2018-08-10 14:46:49', null, '1', null), ('580', '22', '1535', '1', null, '2018-08-10 14:46:49', '2018-08-10 14:46:49', null, '1', null), ('581', '22', '1536', '1', null, '2018-08-10 14:46:49', '2018-08-10 14:46:49', null, '1', null), ('582', '22', '1537', '1', null, '2018-08-10 14:46:49', '2018-08-10 14:46:49', null, '1', null), ('583', '22', '1538', '1', null, '2018-08-10 14:46:49', '2018-08-10 14:46:49', null, '1', null), ('584', '22', '1539', '1', null, '2018-08-10 14:46:49', '2018-08-10 14:46:49', null, '1', null), ('585', '22', '1540', '1', null, '2018-08-10 14:46:49', '2018-08-10 14:46:49', null, '1', null), ('586', '22', '1541', '1', null, '2018-08-10 14:46:49', '2018-08-10 14:46:49', null, '1', null), ('587', '22', '1542', '1', null, '2018-08-10 14:46:49', '2018-08-10 14:46:49', null, '1', null), ('588', '22', '1543', '1', null, '2018-08-10 14:46:49', '2018-08-10 14:46:49', null, '1', null), ('589', '22', '1544', '1', null, '2018-08-10 14:46:49', '2018-08-10 14:46:49', null, '1', null), ('590', '22', '1545', '1', null, '2018-08-10 14:46:49', '2018-08-10 14:46:49', null, '1', null), ('591', '22', '1546', '1', null, '2018-08-10 14:46:49', '2018-08-10 14:46:49', null, '1', null), ('592', '22', '1547', '1', null, '2018-08-10 14:46:49', '2018-08-10 14:46:49', null, '1', null), ('593', '22', '1548', '1', null, '2018-08-10 14:46:49', '2018-08-10 14:46:49', null, '1', null), ('594', '22', '1549', '1', null, '2018-08-10 14:46:49', '2018-08-10 14:46:49', null, '1', null), ('595', '22', '1550', '1', null, '2018-08-10 14:46:49', '2018-08-10 14:46:49', null, '1', null), ('596', '22', '1551', '1', null, '2018-08-10 14:46:49', '2018-08-10 14:46:49', null, '1', null), ('597', '22', '1552', '1', null, '2018-08-10 14:46:49', '2018-08-10 14:46:49', null, '1', null), ('598', '22', '1553', '1', null, '2018-08-10 14:46:49', '2018-08-10 14:46:49', null, '1', null), ('599', '22', '1554', '1', null, '2018-08-10 14:46:49', '2018-08-10 14:46:49', null, '1', null), ('600', '22', '1555', '1', null, '2018-08-10 14:46:49', '2018-08-10 14:46:49', null, '1', null), ('601', '22', '1556', '1', null, '2018-08-10 14:46:49', '2018-08-10 14:46:49', null, '1', null), ('602', '22', '1557', '1', null, '2018-08-10 14:46:49', '2018-08-10 14:46:49', null, '1', null), ('603', '22', '1558', '1', null, '2018-08-10 14:46:49', '2018-08-10 14:46:49', null, '1', null), ('604', '22', '1559', '1', null, '2018-08-10 14:46:49', '2018-08-10 14:46:49', null, '1', null), ('605', '22', '1560', '1', null, '2018-08-10 14:46:49', '2018-08-10 14:46:49', null, '1', null), ('606', '22', '1561', '1', null, '2018-08-10 14:46:49', '2018-08-10 14:46:49', null, '1', null), ('607', '22', '1562', null, null, '2018-08-10 14:46:49', '2018-08-10 14:46:49', null, '1', null), ('608', '22', '1563', '1', null, '2018-08-10 14:46:49', '2018-08-10 14:46:49', null, '1', null), ('609', '22', '1564', '1', null, '2018-08-10 14:46:49', '2018-08-10 14:46:49', null, '1', null), ('610', '22', '1565', '1', null, '2018-08-10 14:46:49', '2018-08-10 14:46:49', null, '1', null), ('611', '22', '1566', '1', null, '2018-08-10 14:46:49', '2018-08-10 14:46:49', null, '1', null), ('612', '22', '1567', '1', null, '2018-08-10 14:46:49', '2018-08-10 14:46:49', null, '1', null), ('613', '22', '1568', '1', null, '2018-08-10 14:46:49', '2018-08-10 14:46:49', null, '1', null), ('614', '23', '1471', '1', null, '2018-08-14 01:56:19', '2018-08-14 01:56:19', '23', '0', 'http://cdn.ayotrust.com/upload/2018-08-09image1.jpeg'), ('615', '23', '1472', '1', null, '2018-08-14 01:56:19', '2018-08-14 01:56:19', null, '1', null), ('616', '23', '1473', '1', null, '2018-08-14 01:56:19', '2018-08-14 01:56:19', null, '1', null), ('617', '23', '1474', '1', null, '2018-08-14 01:56:19', '2018-08-14 01:56:19', 'gdsfgfad', '0', 'http://cdn.ayotrust.com/upload/2018-08-10u=674548043,3857528968&fm=27&gp=0.jpg'), ('618', '23', '1475', '1', null, '2018-08-14 01:56:19', '2018-08-14 01:56:19', null, '1', null), ('619', '23', '1476', '1', null, '2018-08-14 01:56:19', '2018-08-14 01:56:19', null, '1', null), ('620', '23', '1477', '1', null, '2018-08-14 01:56:19', '2018-08-14 01:56:19', null, '1', null), ('621', '23', '1478', '1', null, '2018-08-14 01:56:19', '2018-08-14 01:56:19', null, '1', null), ('622', '23', '1479', '1', null, '2018-08-14 01:56:19', '2018-08-14 01:56:19', null, '1', null), ('623', '23', '1480', '1', null, '2018-08-14 01:56:19', '2018-08-14 01:56:19', null, '1', null), ('624', '23', '1481', '1', null, '2018-08-14 01:56:19', '2018-08-14 01:56:19', null, '1', null), ('625', '23', '1482', '1', null, '2018-08-14 01:56:19', '2018-08-14 01:56:19', null, '1', null), ('626', '23', '1483', '1', null, '2018-08-14 01:56:19', '2018-08-14 01:56:19', null, '1', null), ('627', '23', '1484', '1', null, '2018-08-14 01:56:19', '2018-08-14 01:56:19', null, '1', null), ('628', '23', '1485', '1', null, '2018-08-14 01:56:19', '2018-08-14 01:56:19', null, '1', null), ('629', '23', '1486', '1', null, '2018-08-14 01:56:19', '2018-08-14 01:56:19', null, '1', null), ('630', '23', '1487', '1', null, '2018-08-14 01:56:19', '2018-08-14 01:56:19', null, '1', null), ('631', '23', '1488', '1', null, '2018-08-14 01:56:19', '2018-08-14 01:56:19', null, '1', null), ('632', '23', '1489', '1', null, '2018-08-14 01:56:19', '2018-08-14 01:56:19', null, '1', null), ('633', '23', '1490', '1', null, '2018-08-14 01:56:19', '2018-08-14 01:56:19', null, '1', null), ('634', '23', '1491', '1', null, '2018-08-14 01:56:19', '2018-08-14 01:56:19', null, '1', null), ('635', '23', '1492', '1', null, '2018-08-14 01:56:19', '2018-08-14 01:56:19', null, '1', null), ('636', '23', '1493', '1', null, '2018-08-14 01:56:19', '2018-08-14 01:56:19', null, '1', null), ('637', '23', '1494', '1', null, '2018-08-14 01:56:19', '2018-08-14 01:56:19', null, '1', null), ('638', '23', '1495', '1', null, '2018-08-14 01:56:19', '2018-08-14 01:56:19', null, '1', null), ('639', '23', '1496', '1', null, '2018-08-14 01:56:19', '2018-08-14 01:56:19', null, '1', null), ('640', '23', '1497', '1', null, '2018-08-14 01:56:19', '2018-08-14 01:56:19', null, '1', null), ('641', '23', '1498', '1', null, '2018-08-14 01:56:19', '2018-08-14 01:56:19', null, '1', null), ('642', '23', '1499', '1', null, '2018-08-14 01:56:19', '2018-08-14 01:56:19', null, '1', null), ('643', '23', '1500', '1', null, '2018-08-14 01:56:19', '2018-08-14 01:56:19', null, '1', null), ('644', '23', '1501', '1', null, '2018-08-14 01:56:19', '2018-08-14 01:56:19', null, '1', null), ('645', '23', '1502', '1', null, '2018-08-14 01:56:19', '2018-08-14 01:56:19', null, '1', null), ('646', '23', '1503', '1', null, '2018-08-14 01:56:19', '2018-08-14 01:56:19', null, '1', null), ('647', '23', '1504', '1', null, '2018-08-14 01:56:19', '2018-08-14 01:56:19', null, '1', null), ('648', '23', '1505', '1', null, '2018-08-14 01:56:19', '2018-08-14 01:56:19', null, '1', null), ('649', '23', '1506', '1', null, '2018-08-14 01:56:19', '2018-08-14 01:56:19', null, '1', null), ('650', '23', '1507', '1', null, '2018-08-14 01:56:19', '2018-08-14 01:56:19', null, '1', null), ('651', '23', '1508', '1', null, '2018-08-14 01:56:19', '2018-08-14 01:56:19', null, '1', null), ('652', '23', '1509', '1', null, '2018-08-14 01:56:19', '2018-08-14 01:56:19', null, '1', null), ('653', '23', '1510', '1', null, '2018-08-14 01:56:19', '2018-08-14 01:56:19', null, '1', null), ('654', '23', '1511', '1', null, '2018-08-14 01:56:19', '2018-08-14 01:56:19', null, '1', null), ('655', '23', '1512', '1', null, '2018-08-14 01:56:19', '2018-08-14 01:56:19', null, '1', null), ('656', '23', '1513', '1', null, '2018-08-14 01:56:19', '2018-08-14 01:56:19', null, '1', null), ('657', '23', '1514', '1', null, '2018-08-14 01:56:19', '2018-08-14 01:56:19', null, '1', null), ('658', '23', '1515', '1', null, '2018-08-14 01:56:19', '2018-08-14 01:56:19', null, '1', null), ('659', '23', '1516', '1', null, '2018-08-14 01:56:19', '2018-08-14 01:56:19', null, '1', null), ('660', '23', '1517', '1', null, '2018-08-14 01:56:19', '2018-08-14 01:56:19', null, '1', null), ('661', '23', '1518', '1', null, '2018-08-14 01:56:19', '2018-08-14 01:56:19', null, '1', null), ('662', '23', '1519', '1', null, '2018-08-14 01:56:19', '2018-08-14 01:56:19', null, '1', null), ('663', '23', '1520', '1', null, '2018-08-14 01:56:19', '2018-08-14 01:56:19', null, '1', null), ('664', '23', '1521', '1', null, '2018-08-14 01:56:19', '2018-08-14 01:56:19', null, '1', null), ('665', '23', '1522', '1', null, '2018-08-14 01:56:19', '2018-08-14 01:56:19', null, '1', null), ('666', '23', '1523', '1', null, '2018-08-14 01:56:19', '2018-08-14 01:56:19', null, '1', null), ('667', '23', '1524', '1', null, '2018-08-14 01:56:19', '2018-08-14 01:56:19', null, '1', null), ('668', '23', '1525', '1', null, '2018-08-14 01:56:19', '2018-08-14 01:56:19', null, '1', null), ('669', '23', '1526', '1', null, '2018-08-14 01:56:19', '2018-08-14 01:56:19', null, '1', null), ('670', '23', '1527', '1', null, '2018-08-14 01:56:19', '2018-08-14 01:56:19', null, '1', null), ('671', '23', '1528', '1', null, '2018-08-14 01:56:19', '2018-08-14 01:56:19', null, '1', null), ('672', '23', '1529', '1', null, '2018-08-14 01:56:19', '2018-08-14 01:56:19', null, '1', null), ('673', '23', '1530', '1', null, '2018-08-14 01:56:19', '2018-08-14 01:56:19', null, '1', null), ('674', '23', '1531', '1', null, '2018-08-14 01:56:19', '2018-08-14 01:56:19', null, '1', null), ('675', '23', '1532', '1', null, '2018-08-14 01:56:19', '2018-08-14 01:56:19', null, '1', null), ('676', '23', '1533', '1', null, '2018-08-14 01:56:19', '2018-08-14 01:56:19', null, '1', null), ('677', '23', '1534', '1', null, '2018-08-14 01:56:19', '2018-08-14 01:56:19', null, '1', null), ('678', '23', '1535', '1', null, '2018-08-14 01:56:19', '2018-08-14 01:56:19', null, '1', null), ('679', '23', '1536', '1', null, '2018-08-14 01:56:19', '2018-08-14 01:56:19', null, '1', null), ('680', '23', '1537', '1', null, '2018-08-14 01:56:19', '2018-08-14 01:56:19', null, '1', null), ('681', '23', '1538', '1', null, '2018-08-14 01:56:19', '2018-08-14 01:56:19', null, '1', null), ('682', '23', '1539', '1', null, '2018-08-14 01:56:19', '2018-08-14 01:56:19', null, '1', null), ('683', '23', '1540', '1', null, '2018-08-14 01:56:19', '2018-08-14 01:56:19', null, '1', null), ('684', '23', '1541', '1', null, '2018-08-14 01:56:19', '2018-08-14 01:56:19', null, '1', null), ('685', '23', '1542', '1', null, '2018-08-14 01:56:19', '2018-08-14 01:56:19', null, '1', null), ('686', '23', '1543', '1', null, '2018-08-14 01:56:19', '2018-08-14 01:56:19', null, '1', null), ('687', '23', '1544', '1', null, '2018-08-14 01:56:19', '2018-08-14 01:56:19', null, '1', null), ('688', '23', '1545', '1', null, '2018-08-14 01:56:19', '2018-08-14 01:56:19', null, '1', null), ('689', '23', '1546', '1', null, '2018-08-14 01:56:19', '2018-08-14 01:56:19', null, '1', null), ('690', '23', '1547', '1', null, '2018-08-14 01:56:19', '2018-08-14 01:56:19', null, '1', null), ('691', '23', '1548', '1', null, '2018-08-14 01:56:19', '2018-08-14 01:56:19', null, '1', null), ('692', '23', '1549', '1', null, '2018-08-14 01:56:19', '2018-08-14 01:56:19', null, '1', null), ('693', '23', '1550', '1', null, '2018-08-14 01:56:19', '2018-08-14 01:56:19', null, '1', null), ('694', '23', '1551', '1', null, '2018-08-14 01:56:19', '2018-08-14 01:56:19', null, '1', null), ('695', '23', '1552', '1', null, '2018-08-14 01:56:19', '2018-08-14 01:56:19', null, '1', null), ('696', '23', '1553', '1', null, '2018-08-14 01:56:19', '2018-08-14 01:56:19', null, '1', null), ('697', '23', '1554', '1', null, '2018-08-14 01:56:19', '2018-08-14 01:56:19', null, '1', null), ('698', '23', '1555', '1', null, '2018-08-14 01:56:19', '2018-08-14 01:56:19', null, '1', null), ('699', '23', '1556', '1', null, '2018-08-14 01:56:19', '2018-08-14 01:56:19', null, '1', null), ('700', '23', '1557', '1', null, '2018-08-14 01:56:19', '2018-08-14 01:56:19', null, '1', null), ('701', '23', '1558', '1', null, '2018-08-14 01:56:19', '2018-08-14 01:56:19', null, '1', null), ('702', '23', '1559', '1', null, '2018-08-14 01:56:19', '2018-08-14 01:56:19', null, '1', null);
INSERT INTO `iel_inventory_detail` VALUES ('703', '23', '1560', '1', null, '2018-08-14 01:56:19', '2018-08-14 01:56:19', null, '1', null), ('704', '23', '1561', '1', null, '2018-08-14 01:56:19', '2018-08-14 01:56:19', null, '1', null), ('705', '23', '1562', null, null, '2018-08-14 01:56:19', '2018-08-14 01:56:19', null, '1', null), ('706', '23', '1563', '1', null, '2018-08-14 01:56:19', '2018-08-14 01:56:19', null, '1', null), ('707', '23', '1564', '1', null, '2018-08-14 01:56:19', '2018-08-14 01:56:19', null, '1', null), ('708', '23', '1565', '1', null, '2018-08-14 01:56:19', '2018-08-14 01:56:19', null, '1', null), ('709', '23', '1566', '1', null, '2018-08-14 01:56:19', '2018-08-14 01:56:19', null, '1', null), ('710', '23', '1567', '1', null, '2018-08-14 01:56:19', '2018-08-14 01:56:19', null, '1', null), ('711', '23', '1568', '1', null, '2018-08-14 01:56:19', '2018-08-14 01:56:19', null, '1', null), ('712', '24', '1474', '1', null, '2018-09-10 11:43:05', '2018-09-10 11:43:05', 'gdsfgfad', '0', 'http://cdn.ayotrust.com/upload/2018-08-10u=674548043,3857528968&fm=27&gp=0.jpg'), ('713', '24', '1476', '1', null, '2018-09-10 11:43:05', '2018-09-10 11:43:05', null, '1', null), ('714', '24', '1477', '1', null, '2018-09-10 11:43:05', '2018-09-10 11:43:05', null, '1', null), ('715', '24', '1478', '1', null, '2018-09-10 11:43:05', '2018-09-10 11:43:05', null, '1', null), ('716', '24', '1479', '1', null, '2018-09-10 11:43:05', '2018-09-10 11:43:05', null, '1', null), ('717', '24', '1480', '1', null, '2018-09-10 11:43:05', '2018-09-10 11:43:05', null, '1', null), ('718', '24', '1481', '1', null, '2018-09-10 11:43:05', '2018-09-10 11:43:05', null, '1', null), ('719', '24', '1482', '1', null, '2018-09-10 11:43:05', '2018-09-10 11:43:05', null, '1', null), ('720', '24', '1483', '1', null, '2018-09-10 11:43:05', '2018-09-10 11:43:05', null, '1', null), ('721', '24', '1484', '1', null, '2018-09-10 11:43:05', '2018-09-10 11:43:05', null, '1', null), ('722', '24', '1485', '1', null, '2018-09-10 11:43:05', '2018-09-10 11:43:05', null, '1', null), ('723', '24', '1486', '1', null, '2018-09-10 11:43:05', '2018-09-10 11:43:05', null, '1', null), ('724', '24', '1487', '1', null, '2018-09-10 11:43:05', '2018-09-10 11:43:05', null, '1', null), ('725', '24', '1488', '1', null, '2018-09-10 11:43:05', '2018-09-10 11:43:05', null, '1', null), ('726', '24', '1489', '1', null, '2018-09-10 11:43:05', '2018-09-10 11:43:05', null, '1', null), ('727', '24', '1490', '1', null, '2018-09-10 11:43:05', '2018-09-10 11:43:05', null, '1', null), ('728', '24', '1491', '1', null, '2018-09-10 11:43:05', '2018-09-10 11:43:05', null, '1', null), ('729', '24', '1492', '1', null, '2018-09-10 11:43:05', '2018-09-10 11:43:05', null, '1', null), ('730', '24', '1493', '1', null, '2018-09-10 11:43:05', '2018-09-10 11:43:05', null, '1', null), ('731', '24', '1494', '1', null, '2018-09-10 11:43:05', '2018-09-10 11:43:05', null, '1', null), ('732', '24', '1495', '1', null, '2018-09-10 11:43:05', '2018-09-10 11:43:05', null, '1', null), ('733', '24', '1496', '1', null, '2018-09-10 11:43:05', '2018-09-10 11:43:05', null, '1', null), ('734', '24', '1497', '1', null, '2018-09-10 11:43:05', '2018-09-10 11:43:05', null, '1', null), ('735', '24', '1498', '1', null, '2018-09-10 11:43:05', '2018-09-10 11:43:05', null, '1', null), ('736', '24', '1499', '1', null, '2018-09-10 11:43:05', '2018-09-10 11:43:05', null, '1', null), ('737', '24', '1500', '1', null, '2018-09-10 11:43:05', '2018-09-10 11:43:05', null, '1', null), ('738', '24', '1501', '1', null, '2018-09-10 11:43:05', '2018-09-10 11:43:05', null, '1', null), ('739', '24', '1502', '1', null, '2018-09-10 11:43:05', '2018-09-10 11:43:05', null, '1', null), ('740', '24', '1503', '1', null, '2018-09-10 11:43:05', '2018-09-10 11:43:05', null, '1', null), ('741', '24', '1504', '1', null, '2018-09-10 11:43:05', '2018-09-10 11:43:05', null, '1', null), ('742', '24', '1505', '1', null, '2018-09-10 11:43:05', '2018-09-10 11:43:05', null, '1', null), ('743', '24', '1506', '1', null, '2018-09-10 11:43:05', '2018-09-10 11:43:05', null, '1', null), ('744', '24', '1507', '1', null, '2018-09-10 11:43:05', '2018-09-10 11:43:05', null, '1', null), ('745', '24', '1508', '1', null, '2018-09-10 11:43:05', '2018-09-10 11:43:05', null, '1', null), ('746', '24', '1509', '1', null, '2018-09-10 11:43:05', '2018-09-10 11:43:05', null, '1', null), ('747', '24', '1510', '1', null, '2018-09-10 11:43:05', '2018-09-10 11:43:05', null, '1', null), ('748', '24', '1511', '1', null, '2018-09-10 11:43:05', '2018-09-10 11:43:05', null, '1', null), ('749', '24', '1512', '1', null, '2018-09-10 11:43:05', '2018-09-10 11:43:05', null, '1', null), ('750', '24', '1513', '1', null, '2018-09-10 11:43:05', '2018-09-10 11:43:05', null, '1', null), ('751', '24', '1514', '1', null, '2018-09-10 11:43:05', '2018-09-10 11:43:05', null, '1', null), ('752', '24', '1515', '1', null, '2018-09-10 11:43:05', '2018-09-10 11:43:05', null, '1', null), ('753', '24', '1516', '1', null, '2018-09-10 11:43:05', '2018-09-10 11:43:05', null, '1', null), ('754', '24', '1517', '1', null, '2018-09-10 11:43:05', '2018-09-10 11:43:05', null, '1', null), ('755', '24', '1518', '1', null, '2018-09-10 11:43:05', '2018-09-10 11:43:05', null, '1', null), ('756', '24', '1519', '1', null, '2018-09-10 11:43:05', '2018-09-10 11:43:05', null, '1', null), ('757', '24', '1520', '1', null, '2018-09-10 11:43:05', '2018-09-10 11:43:05', null, '1', null), ('758', '24', '1521', '1', null, '2018-09-10 11:43:05', '2018-09-10 11:43:05', null, '1', null), ('759', '24', '1522', '1', null, '2018-09-10 11:43:05', '2018-09-10 11:43:05', null, '1', null), ('760', '24', '1523', '1', null, '2018-09-10 11:43:05', '2018-09-10 11:43:05', null, '1', null), ('761', '24', '1524', '1', null, '2018-09-10 11:43:05', '2018-09-10 11:43:05', null, '1', null), ('762', '24', '1525', '1', null, '2018-09-10 11:43:05', '2018-09-10 11:43:05', null, '1', null), ('763', '24', '1526', '1', null, '2018-09-10 11:43:05', '2018-09-10 11:43:05', null, '1', null), ('764', '24', '1527', '1', null, '2018-09-10 11:43:05', '2018-09-10 11:43:05', null, '1', null), ('765', '24', '1528', '1', null, '2018-09-10 11:43:05', '2018-09-10 11:43:05', null, '1', null), ('766', '24', '1532', '1', null, '2018-09-10 11:43:05', '2018-09-10 11:43:05', null, '1', null), ('767', '24', '1533', '1', null, '2018-09-10 11:43:05', '2018-09-10 11:43:05', null, '1', null), ('768', '24', '1534', '1', null, '2018-09-10 11:43:05', '2018-09-10 11:43:05', null, '1', null), ('769', '24', '1535', '1', null, '2018-09-10 11:43:05', '2018-09-10 11:43:05', null, '1', null), ('770', '24', '1536', '1', null, '2018-09-10 11:43:05', '2018-09-10 11:43:05', null, '1', null), ('771', '24', '1537', '1', null, '2018-09-10 11:43:05', '2018-09-10 11:43:05', null, '1', null), ('772', '24', '1538', '1', null, '2018-09-10 11:43:05', '2018-09-10 11:43:05', null, '1', null), ('773', '24', '1539', '1', null, '2018-09-10 11:43:05', '2018-09-10 11:43:05', null, '1', null), ('774', '24', '1540', '1', null, '2018-09-10 11:43:05', '2018-09-10 11:43:05', null, '1', null), ('775', '24', '1541', '1', null, '2018-09-10 11:43:05', '2018-09-10 11:43:05', null, '1', null), ('776', '24', '1542', '1', null, '2018-09-10 11:43:05', '2018-09-10 11:43:05', null, '1', null), ('777', '24', '1543', '1', null, '2018-09-10 11:43:05', '2018-09-10 11:43:05', null, '1', null), ('778', '24', '1544', '1', null, '2018-09-10 11:43:05', '2018-09-10 11:43:05', null, '1', null), ('779', '24', '1545', '1', null, '2018-09-10 11:43:05', '2018-09-10 11:43:05', null, '1', null), ('780', '24', '1546', '1', null, '2018-09-10 11:43:05', '2018-09-10 11:43:05', null, '1', null), ('781', '24', '1547', '1', null, '2018-09-10 11:43:05', '2018-09-10 11:43:05', null, '1', null), ('782', '24', '1548', '1', null, '2018-09-10 11:43:05', '2018-09-10 11:43:05', null, '1', null), ('783', '24', '1549', '1', null, '2018-09-10 11:43:05', '2018-09-10 11:43:05', null, '1', null), ('784', '24', '1550', '1', null, '2018-09-10 11:43:05', '2018-09-10 11:43:05', null, '1', null), ('785', '24', '1551', '1', null, '2018-09-10 11:43:05', '2018-09-10 11:43:05', null, '1', null), ('786', '24', '1552', '1', null, '2018-09-10 11:43:05', '2018-09-10 11:43:05', null, '1', null), ('787', '24', '1553', '1', null, '2018-09-10 11:43:05', '2018-09-10 11:43:05', null, '1', null), ('788', '24', '1554', '1', null, '2018-09-10 11:43:05', '2018-09-10 11:43:05', null, '1', null), ('789', '24', '1555', '1', null, '2018-09-10 11:43:05', '2018-09-10 11:43:05', null, '1', null), ('790', '24', '1556', '1', null, '2018-09-10 11:43:05', '2018-09-10 11:43:05', null, '1', null), ('791', '24', '1557', '1', null, '2018-09-10 11:43:05', '2018-09-10 11:43:05', null, '1', null), ('792', '24', '1558', '1', null, '2018-09-10 11:43:05', '2018-09-10 11:43:05', null, '1', null), ('793', '24', '1559', '1', null, '2018-09-10 11:43:05', '2018-09-10 11:43:05', null, '1', null), ('794', '24', '1560', '1', null, '2018-09-10 11:43:05', '2018-09-10 11:43:05', null, '1', null), ('795', '24', '1561', '1', null, '2018-09-10 11:43:05', '2018-09-10 11:43:05', null, '1', null), ('796', '24', '1562', null, null, '2018-09-10 11:43:05', '2018-09-10 11:43:05', null, '1', null), ('797', '24', '1563', '1', null, '2018-09-10 11:43:05', '2018-09-10 11:43:05', null, '1', null), ('798', '24', '1564', '1', null, '2018-09-10 11:43:05', '2018-09-10 11:43:05', null, '1', null), ('799', '24', '1565', '1', null, '2018-09-10 11:43:05', '2018-09-10 11:43:05', null, '1', null), ('800', '24', '1566', '1', null, '2018-09-10 11:43:05', '2018-09-10 11:43:05', null, '1', null), ('801', '24', '1567', '1', null, '2018-09-10 11:43:05', '2018-09-10 11:43:05', null, '1', null), ('802', '24', '1568', '1', null, '2018-09-10 11:43:05', '2018-09-10 11:43:05', null, '1', null), ('803', '24', '1571', '1', null, '2018-09-10 11:43:05', '2018-09-10 11:43:05', null, '1', null), ('804', '24', '1572', '1', null, '2018-09-10 11:43:05', '2018-09-10 11:43:05', null, '1', null), ('805', '24', '1573', '1', null, '2018-09-10 11:43:05', '2018-09-10 11:43:05', null, '1', null), ('806', '24', '1574', '1', null, '2018-09-10 11:43:05', '2018-09-10 11:43:05', null, '1', null), ('807', '24', '1575', '1', null, '2018-09-10 11:43:05', '2018-09-10 11:43:05', null, '1', null), ('808', '24', '1576', '1', null, '2018-09-10 11:43:05', '2018-09-10 11:43:05', null, '1', null), ('809', '24', '1577', '1', null, '2018-09-10 11:43:05', '2018-09-10 11:43:05', null, '1', null), ('810', '24', '1578', '1', null, '2018-09-10 11:43:05', '2018-09-10 11:43:05', null, '1', null), ('811', '24', '1579', '1', null, '2018-09-10 11:43:05', '2018-09-10 11:43:05', null, '1', null), ('812', '24', '1580', '1', null, '2018-09-10 11:43:05', '2018-09-10 11:43:05', null, '1', null), ('813', '24', '1581', '1', null, '2018-09-10 11:43:05', '2018-09-10 11:43:05', null, '1', null), ('814', '24', '1582', '1', null, '2018-09-10 11:43:05', '2018-09-10 11:43:05', null, '1', null), ('815', '24', '1583', '1', null, '2018-09-10 11:43:05', '2018-09-10 11:43:05', null, '1', null), ('816', '24', '1584', '1', null, '2018-09-10 11:43:05', '2018-09-10 11:43:05', null, '1', null), ('817', '24', '1585', '1', null, '2018-09-10 11:43:05', '2018-09-10 11:43:05', null, '1', null), ('818', '24', '1586', '1', null, '2018-09-10 11:43:05', '2018-09-10 11:43:05', null, '1', null), ('819', '24', '1587', '1', null, '2018-09-10 11:43:05', '2018-09-10 11:43:05', null, '1', null), ('820', '24', '1588', '1', null, '2018-09-10 11:43:05', '2018-09-10 11:43:05', null, '1', null), ('821', '24', '1589', '1', null, '2018-09-10 11:43:05', '2018-09-10 11:43:05', null, '1', null), ('822', '24', '1590', '1', null, '2018-09-10 11:43:05', '2018-09-10 11:43:05', null, '1', null), ('823', '24', '1591', '1', null, '2018-09-10 11:43:05', '2018-09-10 11:43:05', null, '1', null), ('824', '24', '1592', '1', null, '2018-09-10 11:43:05', '2018-09-10 11:43:05', null, '1', null), ('825', '24', '1593', '1', null, '2018-09-10 11:43:05', '2018-09-10 11:43:05', null, '1', null), ('826', '24', '1594', '1', null, '2018-09-10 11:43:05', '2018-09-10 11:43:05', null, '1', null), ('827', '25', '1474', '1', null, '2018-09-10 11:44:37', '2018-09-10 11:44:37', 'gdsfgfad', '0', 'http://cdn.ayotrust.com/upload/2018-08-10u=674548043,3857528968&fm=27&gp=0.jpg'), ('828', '25', '1476', '1', null, '2018-09-10 11:44:37', '2018-09-10 11:44:37', null, '1', null), ('829', '25', '1477', '1', null, '2018-09-10 11:44:37', '2018-09-10 11:44:37', null, '1', null), ('830', '25', '1478', '1', null, '2018-09-10 11:44:37', '2018-09-10 11:44:37', null, '1', null), ('831', '25', '1479', '1', null, '2018-09-10 11:44:37', '2018-09-10 11:44:37', null, '1', null), ('832', '25', '1480', '1', null, '2018-09-10 11:44:37', '2018-09-10 11:44:37', null, '1', null), ('833', '25', '1481', '1', null, '2018-09-10 11:44:37', '2018-09-10 11:44:37', null, '1', null), ('834', '25', '1482', '1', null, '2018-09-10 11:44:37', '2018-09-10 11:44:37', null, '1', null), ('835', '25', '1483', '1', null, '2018-09-10 11:44:37', '2018-09-10 11:44:37', null, '1', null), ('836', '25', '1484', '1', null, '2018-09-10 11:44:37', '2018-09-10 11:44:37', null, '1', null), ('837', '25', '1485', '1', null, '2018-09-10 11:44:37', '2018-09-10 11:44:37', null, '1', null), ('838', '25', '1486', '1', null, '2018-09-10 11:44:37', '2018-09-10 11:44:37', null, '1', null), ('839', '25', '1487', '1', null, '2018-09-10 11:44:37', '2018-09-10 11:44:37', null, '1', null), ('840', '25', '1488', '1', null, '2018-09-10 11:44:37', '2018-09-10 11:44:37', null, '1', null), ('841', '25', '1489', '1', null, '2018-09-10 11:44:37', '2018-09-10 11:44:37', null, '1', null), ('842', '25', '1490', '1', null, '2018-09-10 11:44:37', '2018-09-10 11:44:37', null, '1', null), ('843', '25', '1491', '1', null, '2018-09-10 11:44:37', '2018-09-10 11:44:37', null, '1', null), ('844', '25', '1492', '1', null, '2018-09-10 11:44:37', '2018-09-10 11:44:37', null, '1', null), ('845', '25', '1493', '1', null, '2018-09-10 11:44:37', '2018-09-10 11:44:37', null, '1', null), ('846', '25', '1494', '1', null, '2018-09-10 11:44:37', '2018-09-10 11:44:37', null, '1', null), ('847', '25', '1495', '1', null, '2018-09-10 11:44:37', '2018-09-10 11:44:37', null, '1', null), ('848', '25', '1496', '1', null, '2018-09-10 11:44:37', '2018-09-10 11:44:37', null, '1', null), ('849', '25', '1497', '1', null, '2018-09-10 11:44:37', '2018-09-10 11:44:37', null, '1', null), ('850', '25', '1498', '1', null, '2018-09-10 11:44:37', '2018-09-10 11:44:37', null, '1', null), ('851', '25', '1499', '1', null, '2018-09-10 11:44:37', '2018-09-10 11:44:37', null, '1', null), ('852', '25', '1500', '1', null, '2018-09-10 11:44:37', '2018-09-10 11:44:37', null, '1', null), ('853', '25', '1501', '1', null, '2018-09-10 11:44:37', '2018-09-10 11:44:37', null, '1', null), ('854', '25', '1502', '1', null, '2018-09-10 11:44:37', '2018-09-10 11:44:37', null, '1', null), ('855', '25', '1503', '1', null, '2018-09-10 11:44:37', '2018-09-10 11:44:37', null, '1', null), ('856', '25', '1504', '1', null, '2018-09-10 11:44:37', '2018-09-10 11:44:37', null, '1', null), ('857', '25', '1505', '1', null, '2018-09-10 11:44:37', '2018-09-10 11:44:37', null, '1', null), ('858', '25', '1506', '1', null, '2018-09-10 11:44:37', '2018-09-10 11:44:37', null, '1', null), ('859', '25', '1507', '1', null, '2018-09-10 11:44:37', '2018-09-10 11:44:37', null, '1', null), ('860', '25', '1508', '1', null, '2018-09-10 11:44:37', '2018-09-10 11:44:37', null, '1', null), ('861', '25', '1509', '1', null, '2018-09-10 11:44:37', '2018-09-10 11:44:37', null, '1', null), ('862', '25', '1510', '1', null, '2018-09-10 11:44:37', '2018-09-10 11:44:37', null, '1', null), ('863', '25', '1511', '1', null, '2018-09-10 11:44:37', '2018-09-10 11:44:37', null, '1', null), ('864', '25', '1512', '1', null, '2018-09-10 11:44:37', '2018-09-10 11:44:37', null, '1', null), ('865', '25', '1513', '1', null, '2018-09-10 11:44:37', '2018-09-10 11:44:37', null, '1', null), ('866', '25', '1514', '1', null, '2018-09-10 11:44:37', '2018-09-10 11:44:37', null, '1', null), ('867', '25', '1515', '1', null, '2018-09-10 11:44:37', '2018-09-10 11:44:37', null, '1', null), ('868', '25', '1516', '1', null, '2018-09-10 11:44:37', '2018-09-10 11:44:37', null, '1', null), ('869', '25', '1517', '1', null, '2018-09-10 11:44:37', '2018-09-10 11:44:37', null, '1', null), ('870', '25', '1518', '1', null, '2018-09-10 11:44:37', '2018-09-10 11:44:37', null, '1', null), ('871', '25', '1519', '1', null, '2018-09-10 11:44:37', '2018-09-10 11:44:37', null, '1', null), ('872', '25', '1520', '1', null, '2018-09-10 11:44:37', '2018-09-10 11:44:37', null, '1', null), ('873', '25', '1521', '1', null, '2018-09-10 11:44:37', '2018-09-10 11:44:37', null, '1', null), ('874', '25', '1522', '1', null, '2018-09-10 11:44:37', '2018-09-10 11:44:37', null, '1', null), ('875', '25', '1523', '1', null, '2018-09-10 11:44:37', '2018-09-10 11:44:37', null, '1', null), ('876', '25', '1524', '1', null, '2018-09-10 11:44:37', '2018-09-10 11:44:37', null, '1', null), ('877', '25', '1525', '1', null, '2018-09-10 11:44:37', '2018-09-10 11:44:37', null, '1', null), ('878', '25', '1526', '1', null, '2018-09-10 11:44:37', '2018-09-10 11:44:37', null, '1', null), ('879', '25', '1527', '1', null, '2018-09-10 11:44:37', '2018-09-10 11:44:37', null, '1', null), ('880', '25', '1528', '1', null, '2018-09-10 11:44:37', '2018-09-10 11:44:37', null, '1', null), ('881', '25', '1532', '1', null, '2018-09-10 11:44:37', '2018-09-10 11:44:37', null, '1', null), ('882', '25', '1533', '1', null, '2018-09-10 11:44:37', '2018-09-10 11:44:37', null, '1', null), ('883', '25', '1534', '1', null, '2018-09-10 11:44:37', '2018-09-10 11:44:37', null, '1', null), ('884', '25', '1535', '1', null, '2018-09-10 11:44:37', '2018-09-10 11:44:37', null, '1', null), ('885', '25', '1536', '1', null, '2018-09-10 11:44:37', '2018-09-10 11:44:37', null, '1', null), ('886', '25', '1537', '1', null, '2018-09-10 11:44:37', '2018-09-10 11:44:37', null, '1', null), ('887', '25', '1538', '1', null, '2018-09-10 11:44:37', '2018-09-10 11:44:37', null, '1', null), ('888', '25', '1539', '1', null, '2018-09-10 11:44:37', '2018-09-10 11:44:37', null, '1', null), ('889', '25', '1540', '1', null, '2018-09-10 11:44:37', '2018-09-10 11:44:37', null, '1', null), ('890', '25', '1541', '1', null, '2018-09-10 11:44:37', '2018-09-10 11:44:37', null, '1', null), ('891', '25', '1542', '1', null, '2018-09-10 11:44:37', '2018-09-10 11:44:37', null, '1', null), ('892', '25', '1543', '1', null, '2018-09-10 11:44:37', '2018-09-10 11:44:37', null, '1', null), ('893', '25', '1544', '1', null, '2018-09-10 11:44:37', '2018-09-10 11:44:37', null, '1', null), ('894', '25', '1545', '1', null, '2018-09-10 11:44:37', '2018-09-10 11:44:37', null, '1', null), ('895', '25', '1546', '1', null, '2018-09-10 11:44:37', '2018-09-10 11:44:37', null, '1', null), ('896', '25', '1547', '1', null, '2018-09-10 11:44:37', '2018-09-10 11:44:37', null, '1', null), ('897', '25', '1548', '1', null, '2018-09-10 11:44:37', '2018-09-10 11:44:37', null, '1', null), ('898', '25', '1549', '1', null, '2018-09-10 11:44:37', '2018-09-10 11:44:37', null, '1', null), ('899', '25', '1550', '1', null, '2018-09-10 11:44:37', '2018-09-10 11:44:37', null, '1', null), ('900', '25', '1551', '1', null, '2018-09-10 11:44:37', '2018-09-10 11:44:37', null, '1', null), ('901', '25', '1552', '1', null, '2018-09-10 11:44:37', '2018-09-10 11:44:37', null, '1', null), ('902', '25', '1553', '1', null, '2018-09-10 11:44:37', '2018-09-10 11:44:37', null, '1', null), ('903', '25', '1554', '1', null, '2018-09-10 11:44:37', '2018-09-10 11:44:37', null, '1', null), ('904', '25', '1555', '1', null, '2018-09-10 11:44:37', '2018-09-10 11:44:37', null, '1', null), ('905', '25', '1556', '1', null, '2018-09-10 11:44:37', '2018-09-10 11:44:37', null, '1', null), ('906', '25', '1557', '1', null, '2018-09-10 11:44:37', '2018-09-10 11:44:37', null, '1', null), ('907', '25', '1558', '1', null, '2018-09-10 11:44:37', '2018-09-10 11:44:37', null, '1', null), ('908', '25', '1559', '1', null, '2018-09-10 11:44:37', '2018-09-10 11:44:37', null, '1', null), ('909', '25', '1560', '1', null, '2018-09-10 11:44:37', '2018-09-10 11:44:37', null, '1', null), ('910', '25', '1561', '1', null, '2018-09-10 11:44:37', '2018-09-10 11:44:37', null, '1', null), ('911', '25', '1562', null, null, '2018-09-10 11:44:37', '2018-09-10 11:44:37', null, '1', null), ('912', '25', '1563', '1', null, '2018-09-10 11:44:37', '2018-09-10 11:44:37', null, '1', null), ('913', '25', '1564', '1', null, '2018-09-10 11:44:37', '2018-09-10 11:44:37', null, '1', null), ('914', '25', '1565', '1', null, '2018-09-10 11:44:37', '2018-09-10 11:44:37', null, '1', null), ('915', '25', '1566', '1', null, '2018-09-10 11:44:37', '2018-09-10 11:44:37', null, '1', null), ('916', '25', '1567', '1', null, '2018-09-10 11:44:37', '2018-09-10 11:44:37', null, '1', null), ('917', '25', '1568', '1', null, '2018-09-10 11:44:37', '2018-09-10 11:44:37', null, '1', null), ('918', '25', '1571', '1', null, '2018-09-10 11:44:37', '2018-09-10 11:44:37', null, '1', null), ('919', '25', '1572', '1', null, '2018-09-10 11:44:37', '2018-09-10 11:44:37', null, '1', null), ('920', '25', '1573', '1', null, '2018-09-10 11:44:37', '2018-09-10 11:44:37', null, '1', null), ('921', '25', '1574', '1', null, '2018-09-10 11:44:37', '2018-09-10 11:44:37', null, '1', null), ('922', '25', '1575', '1', null, '2018-09-10 11:44:37', '2018-09-10 11:44:37', null, '1', null), ('923', '25', '1576', '1', null, '2018-09-10 11:44:37', '2018-09-10 11:44:37', null, '1', null), ('924', '25', '1577', '1', null, '2018-09-10 11:44:37', '2018-09-10 11:44:37', null, '1', null), ('925', '25', '1578', '1', null, '2018-09-10 11:44:37', '2018-09-10 11:44:37', null, '1', null), ('926', '25', '1579', '1', null, '2018-09-10 11:44:37', '2018-09-10 11:44:37', null, '1', null), ('927', '25', '1580', '1', null, '2018-09-10 11:44:37', '2018-09-10 11:44:37', null, '1', null), ('928', '25', '1581', '1', null, '2018-09-10 11:44:37', '2018-09-10 11:44:37', null, '1', null), ('929', '25', '1582', '1', null, '2018-09-10 11:44:37', '2018-09-10 11:44:37', null, '1', null), ('930', '25', '1583', '1', null, '2018-09-10 11:44:37', '2018-09-10 11:44:37', null, '1', null), ('931', '25', '1584', '1', null, '2018-09-10 11:44:37', '2018-09-10 11:44:37', null, '1', null), ('932', '25', '1585', '1', null, '2018-09-10 11:44:37', '2018-09-10 11:44:37', null, '1', null), ('933', '25', '1586', '1', null, '2018-09-10 11:44:37', '2018-09-10 11:44:37', null, '1', null), ('934', '25', '1587', '1', null, '2018-09-10 11:44:37', '2018-09-10 11:44:37', null, '1', null), ('935', '25', '1588', '1', null, '2018-09-10 11:44:37', '2018-09-10 11:44:37', null, '1', null), ('936', '25', '1589', '1', null, '2018-09-10 11:44:37', '2018-09-10 11:44:37', null, '1', null), ('937', '25', '1590', '1', null, '2018-09-10 11:44:37', '2018-09-10 11:44:37', null, '1', null), ('938', '25', '1591', '1', null, '2018-09-10 11:44:37', '2018-09-10 11:44:37', null, '1', null), ('939', '25', '1592', '1', null, '2018-09-10 11:44:37', '2018-09-10 11:44:37', null, '1', null), ('940', '25', '1593', '1', null, '2018-09-10 11:44:37', '2018-09-10 11:44:37', null, '1', null), ('941', '25', '1594', '1', null, '2018-09-10 11:44:37', '2018-09-10 11:44:37', null, '1', null), ('942', '26', '1474', '1', null, '2018-09-10 11:48:05', '2018-09-10 11:48:05', 'gdsfgfad', '0', 'http://cdn.ayotrust.com/upload/2018-08-10u=674548043,3857528968&fm=27&gp=0.jpg'), ('943', '26', '1476', '1', null, '2018-09-10 11:48:05', '2018-09-10 11:48:05', null, '1', null), ('944', '26', '1477', '1', null, '2018-09-10 11:48:05', '2018-09-10 11:48:05', null, '1', null), ('945', '26', '1478', '1', null, '2018-09-10 11:48:05', '2018-09-10 11:48:05', null, '1', null), ('946', '26', '1479', '1', null, '2018-09-10 11:48:05', '2018-09-10 11:48:05', null, '1', null), ('947', '26', '1480', '1', null, '2018-09-10 11:48:05', '2018-09-10 11:48:05', null, '1', null), ('948', '26', '1481', '1', null, '2018-09-10 11:48:05', '2018-09-10 11:48:05', null, '1', null), ('949', '26', '1482', '1', null, '2018-09-10 11:48:05', '2018-09-10 11:48:05', null, '1', null), ('950', '26', '1483', '1', null, '2018-09-10 11:48:05', '2018-09-10 11:48:05', null, '1', null), ('951', '26', '1484', '1', null, '2018-09-10 11:48:05', '2018-09-10 11:48:05', null, '1', null), ('952', '26', '1485', '1', null, '2018-09-10 11:48:05', '2018-09-10 11:48:05', null, '1', null), ('953', '26', '1486', '1', null, '2018-09-10 11:48:05', '2018-09-10 11:48:05', null, '1', null), ('954', '26', '1487', '1', null, '2018-09-10 11:48:05', '2018-09-10 11:48:05', null, '1', null), ('955', '26', '1488', '1', null, '2018-09-10 11:48:05', '2018-09-10 11:48:05', null, '1', null), ('956', '26', '1489', '1', null, '2018-09-10 11:48:05', '2018-09-10 11:48:05', null, '1', null), ('957', '26', '1490', '1', null, '2018-09-10 11:48:05', '2018-09-10 11:48:05', null, '1', null), ('958', '26', '1491', '1', null, '2018-09-10 11:48:05', '2018-09-10 11:48:05', null, '1', null), ('959', '26', '1492', '1', null, '2018-09-10 11:48:05', '2018-09-10 11:48:05', null, '1', null), ('960', '26', '1493', '1', null, '2018-09-10 11:48:05', '2018-09-10 11:48:05', null, '1', null), ('961', '26', '1494', '1', null, '2018-09-10 11:48:05', '2018-09-10 11:48:05', null, '1', null), ('962', '26', '1495', '1', null, '2018-09-10 11:48:05', '2018-09-10 11:48:05', null, '1', null), ('963', '26', '1496', '1', null, '2018-09-10 11:48:05', '2018-09-10 11:48:05', null, '1', null), ('964', '26', '1497', '1', null, '2018-09-10 11:48:05', '2018-09-10 11:48:05', null, '1', null), ('965', '26', '1498', '1', null, '2018-09-10 11:48:05', '2018-09-10 11:48:05', null, '1', null), ('966', '26', '1499', '1', null, '2018-09-10 11:48:05', '2018-09-10 11:48:05', null, '1', null), ('967', '26', '1500', '1', null, '2018-09-10 11:48:05', '2018-09-10 11:48:05', null, '1', null), ('968', '26', '1501', '1', null, '2018-09-10 11:48:05', '2018-09-10 11:48:05', null, '1', null), ('969', '26', '1502', '1', null, '2018-09-10 11:48:05', '2018-09-10 11:48:05', null, '1', null), ('970', '26', '1503', '1', null, '2018-09-10 11:48:05', '2018-09-10 11:48:05', null, '1', null), ('971', '26', '1504', '1', null, '2018-09-10 11:48:05', '2018-09-10 11:48:05', null, '1', null), ('972', '26', '1505', '1', null, '2018-09-10 11:48:05', '2018-09-10 11:48:05', null, '1', null), ('973', '26', '1506', '1', null, '2018-09-10 11:48:05', '2018-09-10 11:48:05', null, '1', null), ('974', '26', '1507', '1', null, '2018-09-10 11:48:05', '2018-09-10 11:48:05', null, '1', null), ('975', '26', '1508', '1', null, '2018-09-10 11:48:05', '2018-09-10 11:48:05', null, '1', null), ('976', '26', '1509', '1', null, '2018-09-10 11:48:05', '2018-09-10 11:48:05', null, '1', null), ('977', '26', '1510', '1', null, '2018-09-10 11:48:05', '2018-09-10 11:48:05', null, '1', null), ('978', '26', '1511', '1', null, '2018-09-10 11:48:05', '2018-09-10 11:48:05', null, '1', null), ('979', '26', '1512', '1', null, '2018-09-10 11:48:05', '2018-09-10 11:48:05', null, '1', null), ('980', '26', '1513', '1', null, '2018-09-10 11:48:05', '2018-09-10 11:48:05', null, '1', null), ('981', '26', '1514', '1', null, '2018-09-10 11:48:05', '2018-09-10 11:48:05', null, '1', null), ('982', '26', '1515', '1', null, '2018-09-10 11:48:05', '2018-09-10 11:48:05', null, '1', null), ('983', '26', '1516', '1', null, '2018-09-10 11:48:05', '2018-09-10 11:48:05', null, '1', null), ('984', '26', '1517', '1', null, '2018-09-10 11:48:05', '2018-09-10 11:48:05', null, '1', null), ('985', '26', '1518', '1', null, '2018-09-10 11:48:05', '2018-09-10 11:48:05', null, '1', null), ('986', '26', '1519', '1', null, '2018-09-10 11:48:05', '2018-09-10 11:48:05', null, '1', null), ('987', '26', '1520', '1', null, '2018-09-10 11:48:05', '2018-09-10 11:48:05', null, '1', null), ('988', '26', '1521', '1', null, '2018-09-10 11:48:05', '2018-09-10 11:48:05', null, '1', null), ('989', '26', '1522', '1', null, '2018-09-10 11:48:05', '2018-09-10 11:48:05', null, '1', null), ('990', '26', '1523', '1', null, '2018-09-10 11:48:05', '2018-09-10 11:48:05', null, '1', null), ('991', '26', '1524', '1', null, '2018-09-10 11:48:05', '2018-09-10 11:48:05', null, '1', null), ('992', '26', '1525', '1', null, '2018-09-10 11:48:05', '2018-09-10 11:48:05', null, '1', null), ('993', '26', '1526', '1', null, '2018-09-10 11:48:05', '2018-09-10 11:48:05', null, '1', null), ('994', '26', '1527', '1', null, '2018-09-10 11:48:05', '2018-09-10 11:48:05', null, '1', null), ('995', '26', '1528', '1', null, '2018-09-10 11:48:05', '2018-09-10 11:48:05', null, '1', null), ('996', '26', '1532', '1', null, '2018-09-10 11:48:05', '2018-09-10 11:48:05', null, '1', null), ('997', '26', '1533', '1', null, '2018-09-10 11:48:05', '2018-09-10 11:48:05', null, '1', null), ('998', '26', '1534', '1', null, '2018-09-10 11:48:05', '2018-09-10 11:48:05', null, '1', null), ('999', '26', '1535', '1', null, '2018-09-10 11:48:05', '2018-09-10 11:48:05', null, '1', null), ('1000', '26', '1536', '1', null, '2018-09-10 11:48:05', '2018-09-10 11:48:05', null, '1', null), ('1001', '26', '1537', '1', null, '2018-09-10 11:48:05', '2018-09-10 11:48:05', null, '1', null), ('1002', '26', '1538', '1', null, '2018-09-10 11:48:05', '2018-09-10 11:48:05', null, '1', null), ('1003', '26', '1539', '1', null, '2018-09-10 11:48:05', '2018-09-10 11:48:05', null, '1', null), ('1004', '26', '1540', '1', null, '2018-09-10 11:48:05', '2018-09-10 11:48:05', null, '1', null), ('1005', '26', '1541', '1', null, '2018-09-10 11:48:05', '2018-09-10 11:48:05', null, '1', null), ('1006', '26', '1542', '1', null, '2018-09-10 11:48:05', '2018-09-10 11:48:05', null, '1', null), ('1007', '26', '1543', '1', null, '2018-09-10 11:48:05', '2018-09-10 11:48:05', null, '1', null), ('1008', '26', '1544', '1', null, '2018-09-10 11:48:05', '2018-09-10 11:48:05', null, '1', null), ('1009', '26', '1545', '1', null, '2018-09-10 11:48:05', '2018-09-10 11:48:05', null, '1', null), ('1010', '26', '1546', '1', null, '2018-09-10 11:48:05', '2018-09-10 11:48:05', null, '1', null), ('1011', '26', '1547', '1', null, '2018-09-10 11:48:05', '2018-09-10 11:48:05', null, '1', null), ('1012', '26', '1548', '1', null, '2018-09-10 11:48:05', '2018-09-10 11:48:05', null, '1', null), ('1013', '26', '1549', '1', null, '2018-09-10 11:48:05', '2018-09-10 11:48:05', null, '1', null), ('1014', '26', '1550', '1', null, '2018-09-10 11:48:05', '2018-09-10 11:48:05', null, '1', null), ('1015', '26', '1551', '1', null, '2018-09-10 11:48:05', '2018-09-10 11:48:05', null, '1', null), ('1016', '26', '1552', '1', null, '2018-09-10 11:48:05', '2018-09-10 11:48:05', null, '1', null), ('1017', '26', '1553', '1', null, '2018-09-10 11:48:05', '2018-09-10 11:48:05', null, '1', null), ('1018', '26', '1554', '1', null, '2018-09-10 11:48:05', '2018-09-10 11:48:05', null, '1', null), ('1019', '26', '1555', '1', null, '2018-09-10 11:48:05', '2018-09-10 11:48:05', null, '1', null), ('1020', '26', '1556', '1', null, '2018-09-10 11:48:05', '2018-09-10 11:48:05', null, '1', null), ('1021', '26', '1557', '1', null, '2018-09-10 11:48:05', '2018-09-10 11:48:05', null, '1', null), ('1022', '26', '1558', '1', null, '2018-09-10 11:48:05', '2018-09-10 11:48:05', null, '1', null), ('1023', '26', '1559', '1', null, '2018-09-10 11:48:05', '2018-09-10 11:48:05', null, '1', null), ('1024', '26', '1560', '1', null, '2018-09-10 11:48:05', '2018-09-10 11:48:05', null, '1', null), ('1025', '26', '1561', '1', null, '2018-09-10 11:48:05', '2018-09-10 11:48:05', null, '1', null), ('1026', '26', '1562', null, null, '2018-09-10 11:48:05', '2018-09-10 11:48:05', null, '1', null), ('1027', '26', '1563', '1', null, '2018-09-10 11:48:05', '2018-09-10 11:48:05', null, '1', null), ('1028', '26', '1564', '1', null, '2018-09-10 11:48:05', '2018-09-10 11:48:05', null, '1', null), ('1029', '26', '1565', '1', null, '2018-09-10 11:48:05', '2018-09-10 11:48:05', null, '1', null), ('1030', '26', '1566', '1', null, '2018-09-10 11:48:05', '2018-09-10 11:48:05', null, '1', null), ('1031', '26', '1567', '1', null, '2018-09-10 11:48:05', '2018-09-10 11:48:05', null, '1', null), ('1032', '26', '1568', '1', null, '2018-09-10 11:48:05', '2018-09-10 11:48:05', null, '1', null), ('1033', '26', '1571', '1', null, '2018-09-10 11:48:05', '2018-09-10 11:48:05', null, '1', null), ('1034', '26', '1572', '1', null, '2018-09-10 11:48:05', '2018-09-10 11:48:05', null, '1', null), ('1035', '26', '1573', '1', null, '2018-09-10 11:48:05', '2018-09-10 11:48:05', null, '1', null), ('1036', '26', '1574', '1', null, '2018-09-10 11:48:05', '2018-09-10 11:48:05', null, '1', null), ('1037', '26', '1575', '1', null, '2018-09-10 11:48:05', '2018-09-10 11:48:05', null, '1', null), ('1038', '26', '1576', '1', null, '2018-09-10 11:48:05', '2018-09-10 11:48:05', null, '1', null), ('1039', '26', '1577', '1', null, '2018-09-10 11:48:05', '2018-09-10 11:48:05', null, '1', null), ('1040', '26', '1578', '1', null, '2018-09-10 11:48:05', '2018-09-10 11:48:05', null, '1', null), ('1041', '26', '1579', '1', null, '2018-09-10 11:48:05', '2018-09-10 11:48:05', null, '1', null), ('1042', '26', '1580', '1', null, '2018-09-10 11:48:05', '2018-09-10 11:48:05', null, '1', null), ('1043', '26', '1581', '1', null, '2018-09-10 11:48:05', '2018-09-10 11:48:05', null, '1', null), ('1044', '26', '1582', '1', null, '2018-09-10 11:48:05', '2018-09-10 11:48:05', null, '1', null), ('1045', '26', '1583', '1', null, '2018-09-10 11:48:05', '2018-09-10 11:48:05', null, '1', null), ('1046', '26', '1584', '1', null, '2018-09-10 11:48:05', '2018-09-10 11:48:05', null, '1', null), ('1047', '26', '1585', '1', null, '2018-09-10 11:48:05', '2018-09-10 11:48:05', null, '1', null), ('1048', '26', '1586', '1', null, '2018-09-10 11:48:05', '2018-09-10 11:48:05', null, '1', null), ('1049', '26', '1587', '1', null, '2018-09-10 11:48:05', '2018-09-10 11:48:05', null, '1', null), ('1050', '26', '1588', '1', null, '2018-09-10 11:48:05', '2018-09-10 11:48:05', null, '1', null), ('1051', '26', '1589', '1', null, '2018-09-10 11:48:05', '2018-09-10 11:48:05', null, '1', null), ('1052', '26', '1590', '1', null, '2018-09-10 11:48:05', '2018-09-10 11:48:05', null, '1', null), ('1053', '26', '1591', '1', null, '2018-09-10 11:48:05', '2018-09-10 11:48:05', null, '1', null), ('1054', '26', '1592', '1', null, '2018-09-10 11:48:05', '2018-09-10 11:48:05', null, '1', null), ('1055', '26', '1593', '1', null, '2018-09-10 11:48:05', '2018-09-10 11:48:05', null, '1', null), ('1056', '26', '1594', '1', null, '2018-09-10 11:48:05', '2018-09-10 11:48:05', null, '1', null), ('1057', '27', '1474', '1', null, '2018-09-10 11:48:38', '2018-09-10 11:48:38', 'gdsfgfad', '0', 'http://cdn.ayotrust.com/upload/2018-08-10u=674548043,3857528968&fm=27&gp=0.jpg'), ('1058', '27', '1476', '1', null, '2018-09-10 11:48:38', '2018-09-10 11:48:38', null, '1', null), ('1059', '27', '1477', '1', null, '2018-09-10 11:48:38', '2018-09-10 11:48:38', null, '1', null), ('1060', '27', '1478', '1', null, '2018-09-10 11:48:38', '2018-09-10 11:48:38', null, '1', null), ('1061', '27', '1479', '1', null, '2018-09-10 11:48:38', '2018-09-10 11:48:38', null, '1', null), ('1062', '27', '1480', '1', null, '2018-09-10 11:48:38', '2018-09-10 11:48:38', null, '1', null), ('1063', '27', '1481', '1', null, '2018-09-10 11:48:38', '2018-09-10 11:48:38', null, '1', null), ('1064', '27', '1482', '1', null, '2018-09-10 11:48:38', '2018-09-10 11:48:38', null, '1', null), ('1065', '27', '1483', '1', null, '2018-09-10 11:48:38', '2018-09-10 11:48:38', null, '1', null), ('1066', '27', '1484', '1', null, '2018-09-10 11:48:38', '2018-09-10 11:48:38', null, '1', null), ('1067', '27', '1485', '1', null, '2018-09-10 11:48:38', '2018-09-10 11:48:38', null, '1', null), ('1068', '27', '1486', '1', null, '2018-09-10 11:48:38', '2018-09-10 11:48:38', null, '1', null), ('1069', '27', '1487', '1', null, '2018-09-10 11:48:38', '2018-09-10 11:48:38', null, '1', null), ('1070', '27', '1488', '1', null, '2018-09-10 11:48:38', '2018-09-10 11:48:38', null, '1', null), ('1071', '27', '1489', '1', null, '2018-09-10 11:48:38', '2018-09-10 11:48:38', null, '1', null), ('1072', '27', '1490', '1', null, '2018-09-10 11:48:38', '2018-09-10 11:48:38', null, '1', null), ('1073', '27', '1491', '1', null, '2018-09-10 11:48:38', '2018-09-10 11:48:38', null, '1', null), ('1074', '27', '1492', '1', null, '2018-09-10 11:48:38', '2018-09-10 11:48:38', null, '1', null), ('1075', '27', '1493', '1', null, '2018-09-10 11:48:38', '2018-09-10 11:48:38', null, '1', null), ('1076', '27', '1494', '1', null, '2018-09-10 11:48:38', '2018-09-10 11:48:38', null, '1', null), ('1077', '27', '1495', '1', null, '2018-09-10 11:48:38', '2018-09-10 11:48:38', null, '1', null), ('1078', '27', '1496', '1', null, '2018-09-10 11:48:38', '2018-09-10 11:48:38', null, '1', null), ('1079', '27', '1497', '1', null, '2018-09-10 11:48:38', '2018-09-10 11:48:38', null, '1', null), ('1080', '27', '1498', '1', null, '2018-09-10 11:48:38', '2018-09-10 11:48:38', null, '1', null), ('1081', '27', '1499', '1', null, '2018-09-10 11:48:38', '2018-09-10 11:48:38', null, '1', null), ('1082', '27', '1500', '1', null, '2018-09-10 11:48:38', '2018-09-10 11:48:38', null, '1', null), ('1083', '27', '1501', '1', null, '2018-09-10 11:48:38', '2018-09-10 11:48:38', null, '1', null), ('1084', '27', '1502', '1', null, '2018-09-10 11:48:38', '2018-09-10 11:48:38', null, '1', null), ('1085', '27', '1503', '1', null, '2018-09-10 11:48:38', '2018-09-10 11:48:38', null, '1', null), ('1086', '27', '1504', '1', null, '2018-09-10 11:48:38', '2018-09-10 11:48:38', null, '1', null), ('1087', '27', '1505', '1', null, '2018-09-10 11:48:38', '2018-09-10 11:48:38', null, '1', null), ('1088', '27', '1506', '1', null, '2018-09-10 11:48:38', '2018-09-10 11:48:38', null, '1', null), ('1089', '27', '1507', '1', null, '2018-09-10 11:48:38', '2018-09-10 11:48:38', null, '1', null), ('1090', '27', '1508', '1', null, '2018-09-10 11:48:38', '2018-09-10 11:48:38', null, '1', null), ('1091', '27', '1509', '1', null, '2018-09-10 11:48:38', '2018-09-10 11:48:38', null, '1', null), ('1092', '27', '1510', '1', null, '2018-09-10 11:48:38', '2018-09-10 11:48:38', null, '1', null), ('1093', '27', '1511', '1', null, '2018-09-10 11:48:38', '2018-09-10 11:48:38', null, '1', null), ('1094', '27', '1512', '1', null, '2018-09-10 11:48:38', '2018-09-10 11:48:38', null, '1', null), ('1095', '27', '1513', '1', null, '2018-09-10 11:48:38', '2018-09-10 11:48:38', null, '1', null), ('1096', '27', '1514', '1', null, '2018-09-10 11:48:38', '2018-09-10 11:48:38', null, '1', null), ('1097', '27', '1515', '1', null, '2018-09-10 11:48:38', '2018-09-10 11:48:38', null, '1', null), ('1098', '27', '1516', '1', null, '2018-09-10 11:48:38', '2018-09-10 11:48:38', null, '1', null), ('1099', '27', '1517', '1', null, '2018-09-10 11:48:38', '2018-09-10 11:48:38', null, '1', null), ('1100', '27', '1518', '1', null, '2018-09-10 11:48:38', '2018-09-10 11:48:38', null, '1', null), ('1101', '27', '1519', '1', null, '2018-09-10 11:48:38', '2018-09-10 11:48:38', null, '1', null), ('1102', '27', '1520', '1', null, '2018-09-10 11:48:38', '2018-09-10 11:48:38', null, '1', null), ('1103', '27', '1521', '1', null, '2018-09-10 11:48:38', '2018-09-10 11:48:38', null, '1', null), ('1104', '27', '1522', '1', null, '2018-09-10 11:48:38', '2018-09-10 11:48:38', null, '1', null), ('1105', '27', '1523', '1', null, '2018-09-10 11:48:38', '2018-09-10 11:48:38', null, '1', null), ('1106', '27', '1524', '1', null, '2018-09-10 11:48:38', '2018-09-10 11:48:38', null, '1', null), ('1107', '27', '1525', '1', null, '2018-09-10 11:48:38', '2018-09-10 11:48:38', null, '1', null), ('1108', '27', '1526', '1', null, '2018-09-10 11:48:38', '2018-09-10 11:48:38', null, '1', null), ('1109', '27', '1527', '1', null, '2018-09-10 11:48:38', '2018-09-10 11:48:38', null, '1', null), ('1110', '27', '1528', '1', null, '2018-09-10 11:48:38', '2018-09-10 11:48:38', null, '1', null), ('1111', '27', '1532', '1', null, '2018-09-10 11:48:38', '2018-09-10 11:48:38', null, '1', null), ('1112', '27', '1533', '1', null, '2018-09-10 11:48:38', '2018-09-10 11:48:38', null, '1', null), ('1113', '27', '1534', '1', null, '2018-09-10 11:48:38', '2018-09-10 11:48:38', null, '1', null), ('1114', '27', '1535', '1', null, '2018-09-10 11:48:38', '2018-09-10 11:48:38', null, '1', null), ('1115', '27', '1536', '1', null, '2018-09-10 11:48:38', '2018-09-10 11:48:38', null, '1', null), ('1116', '27', '1537', '1', null, '2018-09-10 11:48:38', '2018-09-10 11:48:38', null, '1', null), ('1117', '27', '1538', '1', null, '2018-09-10 11:48:38', '2018-09-10 11:48:38', null, '1', null), ('1118', '27', '1539', '1', null, '2018-09-10 11:48:38', '2018-09-10 11:48:38', null, '1', null), ('1119', '27', '1540', '1', null, '2018-09-10 11:48:38', '2018-09-10 11:48:38', null, '1', null), ('1120', '27', '1541', '1', null, '2018-09-10 11:48:38', '2018-09-10 11:48:38', null, '1', null), ('1121', '27', '1542', '1', null, '2018-09-10 11:48:38', '2018-09-10 11:48:38', null, '1', null), ('1122', '27', '1543', '1', null, '2018-09-10 11:48:38', '2018-09-10 11:48:38', null, '1', null), ('1123', '27', '1544', '1', null, '2018-09-10 11:48:38', '2018-09-10 11:48:38', null, '1', null), ('1124', '27', '1545', '1', null, '2018-09-10 11:48:38', '2018-09-10 11:48:38', null, '1', null), ('1125', '27', '1546', '1', null, '2018-09-10 11:48:38', '2018-09-10 11:48:38', null, '1', null), ('1126', '27', '1547', '1', null, '2018-09-10 11:48:38', '2018-09-10 11:48:38', null, '1', null), ('1127', '27', '1548', '1', null, '2018-09-10 11:48:38', '2018-09-10 11:48:38', null, '1', null), ('1128', '27', '1549', '1', null, '2018-09-10 11:48:38', '2018-09-10 11:48:38', null, '1', null), ('1129', '27', '1550', '1', null, '2018-09-10 11:48:38', '2018-09-10 11:48:38', null, '1', null), ('1130', '27', '1551', '1', null, '2018-09-10 11:48:38', '2018-09-10 11:48:38', null, '1', null), ('1131', '27', '1552', '1', null, '2018-09-10 11:48:38', '2018-09-10 11:48:38', null, '1', null), ('1132', '27', '1553', '1', null, '2018-09-10 11:48:38', '2018-09-10 11:48:38', null, '1', null), ('1133', '27', '1554', '1', null, '2018-09-10 11:48:38', '2018-09-10 11:48:38', null, '1', null), ('1134', '27', '1555', '1', null, '2018-09-10 11:48:38', '2018-09-10 11:48:38', null, '1', null), ('1135', '27', '1556', '1', null, '2018-09-10 11:48:38', '2018-09-10 11:48:38', null, '1', null), ('1136', '27', '1557', '1', null, '2018-09-10 11:48:38', '2018-09-10 11:48:38', null, '1', null), ('1137', '27', '1558', '1', null, '2018-09-10 11:48:38', '2018-09-10 11:48:38', null, '1', null), ('1138', '27', '1559', '1', null, '2018-09-10 11:48:38', '2018-09-10 11:48:38', null, '1', null), ('1139', '27', '1560', '1', null, '2018-09-10 11:48:38', '2018-09-10 11:48:38', null, '1', null), ('1140', '27', '1561', '1', null, '2018-09-10 11:48:38', '2018-09-10 11:48:38', null, '1', null), ('1141', '27', '1562', null, null, '2018-09-10 11:48:38', '2018-09-10 11:48:38', null, '1', null), ('1142', '27', '1563', '1', null, '2018-09-10 11:48:38', '2018-09-10 11:48:38', null, '1', null), ('1143', '27', '1564', '1', null, '2018-09-10 11:48:38', '2018-09-10 11:48:38', null, '1', null), ('1144', '27', '1565', '1', null, '2018-09-10 11:48:38', '2018-09-10 11:48:38', null, '1', null), ('1145', '27', '1566', '1', null, '2018-09-10 11:48:38', '2018-09-10 11:48:38', null, '1', null), ('1146', '27', '1567', '1', null, '2018-09-10 11:48:38', '2018-09-10 11:48:38', null, '1', null), ('1147', '27', '1568', '1', null, '2018-09-10 11:48:38', '2018-09-10 11:48:38', null, '1', null), ('1148', '27', '1571', '1', null, '2018-09-10 11:48:38', '2018-09-10 11:48:38', null, '1', null), ('1149', '27', '1572', '1', null, '2018-09-10 11:48:38', '2018-09-10 11:48:38', null, '1', null), ('1150', '27', '1573', '1', null, '2018-09-10 11:48:38', '2018-09-10 11:48:38', null, '1', null), ('1151', '27', '1574', '1', null, '2018-09-10 11:48:38', '2018-09-10 11:48:38', null, '1', null), ('1152', '27', '1575', '1', null, '2018-09-10 11:48:38', '2018-09-10 11:48:38', null, '1', null), ('1153', '27', '1576', '1', null, '2018-09-10 11:48:38', '2018-09-10 11:48:38', null, '1', null), ('1154', '27', '1577', '1', null, '2018-09-10 11:48:38', '2018-09-10 11:48:38', null, '1', null), ('1155', '27', '1578', '1', null, '2018-09-10 11:48:38', '2018-09-10 11:48:38', null, '1', null), ('1156', '27', '1579', '1', null, '2018-09-10 11:48:38', '2018-09-10 11:48:38', null, '1', null), ('1157', '27', '1580', '1', null, '2018-09-10 11:48:38', '2018-09-10 11:48:38', null, '1', null), ('1158', '27', '1581', '1', null, '2018-09-10 11:48:38', '2018-09-10 11:48:38', null, '1', null), ('1159', '27', '1582', '1', null, '2018-09-10 11:48:38', '2018-09-10 11:48:38', null, '1', null), ('1160', '27', '1583', '1', null, '2018-09-10 11:48:38', '2018-09-10 11:48:38', null, '1', null), ('1161', '27', '1584', '1', null, '2018-09-10 11:48:38', '2018-09-10 11:48:38', null, '1', null), ('1162', '27', '1585', '1', null, '2018-09-10 11:48:38', '2018-09-10 11:48:38', null, '1', null), ('1163', '27', '1586', '1', null, '2018-09-10 11:48:38', '2018-09-10 11:48:38', null, '1', null), ('1164', '27', '1587', '1', null, '2018-09-10 11:48:38', '2018-09-10 11:48:38', null, '1', null), ('1165', '27', '1588', '1', null, '2018-09-10 11:48:38', '2018-09-10 11:48:38', null, '1', null), ('1166', '27', '1589', '1', null, '2018-09-10 11:48:38', '2018-09-10 11:48:38', null, '1', null), ('1167', '27', '1590', '1', null, '2018-09-10 11:48:38', '2018-09-10 11:48:38', null, '1', null), ('1168', '27', '1591', '1', null, '2018-09-10 11:48:38', '2018-09-10 11:48:38', null, '1', null), ('1169', '27', '1592', '1', null, '2018-09-10 11:48:38', '2018-09-10 11:48:38', null, '1', null), ('1170', '27', '1593', '1', null, '2018-09-10 11:48:38', '2018-09-10 11:48:38', null, '1', null), ('1171', '27', '1594', '1', null, '2018-09-10 11:48:38', '2018-09-10 11:48:38', null, '1', null), ('1172', '28', '1474', '1', null, '2018-09-10 17:59:05', '2018-09-10 17:59:05', 'gdsfgfad', '0', 'http://cdn.ayotrust.com/upload/2018-08-10u=674548043,3857528968&fm=27&gp=0.jpg'), ('1173', '28', '1476', '1', null, '2018-09-10 17:59:05', '2018-09-10 17:59:05', null, '1', null), ('1174', '28', '1477', '1', null, '2018-09-10 17:59:05', '2018-09-10 17:59:05', null, '1', null), ('1175', '28', '1478', '1', null, '2018-09-10 17:59:05', '2018-09-10 17:59:05', null, '1', null), ('1176', '28', '1479', '1', null, '2018-09-10 17:59:05', '2018-09-10 17:59:05', null, '1', null), ('1177', '28', '1480', '1', null, '2018-09-10 17:59:05', '2018-09-10 17:59:05', null, '1', null), ('1178', '28', '1481', '1', null, '2018-09-10 17:59:05', '2018-09-10 17:59:05', null, '1', null), ('1179', '28', '1482', '1', null, '2018-09-10 17:59:05', '2018-09-10 17:59:05', null, '1', null), ('1180', '28', '1483', '1', null, '2018-09-10 17:59:05', '2018-09-10 17:59:05', null, '1', null), ('1181', '28', '1484', '1', null, '2018-09-10 17:59:05', '2018-09-10 17:59:05', null, '1', null), ('1182', '28', '1485', '1', null, '2018-09-10 17:59:05', '2018-09-10 17:59:05', null, '1', null), ('1183', '28', '1486', '1', null, '2018-09-10 17:59:05', '2018-09-10 17:59:05', null, '1', null), ('1184', '28', '1487', '1', null, '2018-09-10 17:59:05', '2018-09-10 17:59:05', null, '1', null), ('1185', '28', '1488', '1', null, '2018-09-10 17:59:05', '2018-09-10 17:59:05', null, '1', null), ('1186', '28', '1489', '1', null, '2018-09-10 17:59:05', '2018-09-10 17:59:05', null, '1', null), ('1187', '28', '1490', '1', null, '2018-09-10 17:59:05', '2018-09-10 17:59:05', null, '1', null), ('1188', '28', '1491', '1', null, '2018-09-10 17:59:05', '2018-09-10 17:59:05', null, '1', null), ('1189', '28', '1492', '1', null, '2018-09-10 17:59:05', '2018-09-10 17:59:05', null, '1', null), ('1190', '28', '1493', '1', null, '2018-09-10 17:59:05', '2018-09-10 17:59:05', null, '1', null), ('1191', '28', '1494', '1', null, '2018-09-10 17:59:05', '2018-09-10 17:59:05', null, '1', null), ('1192', '28', '1495', '1', null, '2018-09-10 17:59:05', '2018-09-10 17:59:05', null, '1', null), ('1193', '28', '1496', '1', null, '2018-09-10 17:59:05', '2018-09-10 17:59:05', null, '1', null), ('1194', '28', '1497', '1', null, '2018-09-10 17:59:05', '2018-09-10 17:59:05', null, '1', null), ('1195', '28', '1498', '1', null, '2018-09-10 17:59:05', '2018-09-10 17:59:05', null, '1', null), ('1196', '28', '1499', '1', null, '2018-09-10 17:59:05', '2018-09-10 17:59:05', null, '1', null), ('1197', '28', '1500', '1', null, '2018-09-10 17:59:05', '2018-09-10 17:59:05', null, '1', null), ('1198', '28', '1501', '1', null, '2018-09-10 17:59:05', '2018-09-10 17:59:05', null, '1', null), ('1199', '28', '1502', '1', null, '2018-09-10 17:59:05', '2018-09-10 17:59:05', null, '1', null), ('1200', '28', '1503', '1', null, '2018-09-10 17:59:05', '2018-09-10 17:59:05', null, '1', null), ('1201', '28', '1504', '1', null, '2018-09-10 17:59:05', '2018-09-10 17:59:05', null, '1', null), ('1202', '28', '1505', '1', null, '2018-09-10 17:59:05', '2018-09-10 17:59:05', null, '1', null), ('1203', '28', '1506', '1', null, '2018-09-10 17:59:05', '2018-09-10 17:59:05', null, '1', null), ('1204', '28', '1507', '1', null, '2018-09-10 17:59:05', '2018-09-10 17:59:05', null, '1', null), ('1205', '28', '1508', '1', null, '2018-09-10 17:59:05', '2018-09-10 17:59:05', null, '1', null), ('1206', '28', '1509', '1', null, '2018-09-10 17:59:05', '2018-09-10 17:59:05', null, '1', null), ('1207', '28', '1510', '1', null, '2018-09-10 17:59:05', '2018-09-10 17:59:05', null, '1', null), ('1208', '28', '1511', '1', null, '2018-09-10 17:59:05', '2018-09-10 17:59:05', null, '1', null), ('1209', '28', '1512', '1', null, '2018-09-10 17:59:05', '2018-09-10 17:59:05', null, '1', null), ('1210', '28', '1513', '1', null, '2018-09-10 17:59:05', '2018-09-10 17:59:05', null, '1', null), ('1211', '28', '1514', '1', null, '2018-09-10 17:59:05', '2018-09-10 17:59:05', null, '1', null), ('1212', '28', '1515', '1', null, '2018-09-10 17:59:05', '2018-09-10 17:59:05', null, '1', null), ('1213', '28', '1516', '1', null, '2018-09-10 17:59:05', '2018-09-10 17:59:05', null, '1', null), ('1214', '28', '1517', '1', null, '2018-09-10 17:59:05', '2018-09-10 17:59:05', null, '1', null), ('1215', '28', '1518', '1', null, '2018-09-10 17:59:05', '2018-09-10 17:59:05', null, '1', null), ('1216', '28', '1519', '1', null, '2018-09-10 17:59:05', '2018-09-10 17:59:05', null, '1', null), ('1217', '28', '1520', '1', null, '2018-09-10 17:59:05', '2018-09-10 17:59:05', null, '1', null), ('1218', '28', '1521', '1', null, '2018-09-10 17:59:05', '2018-09-10 17:59:05', null, '1', null), ('1219', '28', '1522', '1', null, '2018-09-10 17:59:05', '2018-09-10 17:59:05', null, '1', null), ('1220', '28', '1523', '1', null, '2018-09-10 17:59:05', '2018-09-10 17:59:05', null, '1', null), ('1221', '28', '1524', '1', null, '2018-09-10 17:59:05', '2018-09-10 17:59:05', null, '1', null), ('1222', '28', '1525', '1', null, '2018-09-10 17:59:05', '2018-09-10 17:59:05', null, '1', null), ('1223', '28', '1526', '1', null, '2018-09-10 17:59:05', '2018-09-10 17:59:05', null, '1', null), ('1224', '28', '1527', '1', null, '2018-09-10 17:59:05', '2018-09-10 17:59:05', null, '1', null), ('1225', '28', '1528', '1', null, '2018-09-10 17:59:05', '2018-09-10 17:59:05', null, '1', null), ('1226', '28', '1532', '1', null, '2018-09-10 17:59:05', '2018-09-10 17:59:05', null, '1', null), ('1227', '28', '1533', '1', null, '2018-09-10 17:59:05', '2018-09-10 17:59:05', null, '1', null), ('1228', '28', '1534', '1', null, '2018-09-10 17:59:05', '2018-09-10 17:59:05', null, '1', null), ('1229', '28', '1535', '1', null, '2018-09-10 17:59:05', '2018-09-10 17:59:05', null, '1', null), ('1230', '28', '1536', '1', null, '2018-09-10 17:59:05', '2018-09-10 17:59:05', null, '1', null), ('1231', '28', '1537', '1', null, '2018-09-10 17:59:05', '2018-09-10 17:59:05', null, '1', null), ('1232', '28', '1538', '1', null, '2018-09-10 17:59:05', '2018-09-10 17:59:05', null, '1', null), ('1233', '28', '1539', '1', null, '2018-09-10 17:59:05', '2018-09-10 17:59:05', null, '1', null), ('1234', '28', '1540', '1', null, '2018-09-10 17:59:05', '2018-09-10 17:59:05', null, '1', null), ('1235', '28', '1541', '1', null, '2018-09-10 17:59:05', '2018-09-10 17:59:05', null, '1', null), ('1236', '28', '1542', '1', null, '2018-09-10 17:59:05', '2018-09-10 17:59:05', null, '1', null), ('1237', '28', '1543', '1', null, '2018-09-10 17:59:05', '2018-09-10 17:59:05', null, '1', null), ('1238', '28', '1544', '1', null, '2018-09-10 17:59:05', '2018-09-10 17:59:05', null, '1', null), ('1239', '28', '1545', '1', null, '2018-09-10 17:59:05', '2018-09-10 17:59:05', null, '1', null), ('1240', '28', '1546', '1', null, '2018-09-10 17:59:05', '2018-09-10 17:59:05', null, '1', null), ('1241', '28', '1547', '1', null, '2018-09-10 17:59:05', '2018-09-10 17:59:05', null, '1', null), ('1242', '28', '1548', '1', null, '2018-09-10 17:59:05', '2018-09-10 17:59:05', null, '1', null), ('1243', '28', '1549', '1', null, '2018-09-10 17:59:05', '2018-09-10 17:59:05', null, '1', null), ('1244', '28', '1550', '1', null, '2018-09-10 17:59:05', '2018-09-10 17:59:05', null, '1', null), ('1245', '28', '1551', '1', null, '2018-09-10 17:59:05', '2018-09-10 17:59:05', null, '1', null), ('1246', '28', '1552', '1', null, '2018-09-10 17:59:05', '2018-09-10 17:59:05', null, '1', null), ('1247', '28', '1553', '1', null, '2018-09-10 17:59:05', '2018-09-10 17:59:05', null, '1', null), ('1248', '28', '1554', '1', null, '2018-09-10 17:59:05', '2018-09-10 17:59:05', null, '1', null), ('1249', '28', '1555', '1', null, '2018-09-10 17:59:05', '2018-09-10 17:59:05', null, '1', null), ('1250', '28', '1556', '1', null, '2018-09-10 17:59:05', '2018-09-10 17:59:05', null, '1', null), ('1251', '28', '1557', '1', null, '2018-09-10 17:59:05', '2018-09-10 17:59:05', null, '1', null), ('1252', '28', '1558', '1', null, '2018-09-10 17:59:05', '2018-09-10 17:59:05', null, '1', null), ('1253', '28', '1559', '1', null, '2018-09-10 17:59:05', '2018-09-10 17:59:05', null, '1', null), ('1254', '28', '1560', '1', null, '2018-09-10 17:59:05', '2018-09-10 17:59:05', null, '1', null), ('1255', '28', '1561', '1', null, '2018-09-10 17:59:05', '2018-09-10 17:59:05', null, '1', null), ('1256', '28', '1562', null, null, '2018-09-10 17:59:05', '2018-09-10 17:59:05', null, '1', null), ('1257', '28', '1563', '1', null, '2018-09-10 17:59:05', '2018-09-10 17:59:05', null, '1', null), ('1258', '28', '1564', '1', null, '2018-09-10 17:59:05', '2018-09-10 17:59:05', null, '1', null), ('1259', '28', '1565', '1', null, '2018-09-10 17:59:05', '2018-09-10 17:59:05', null, '1', null), ('1260', '28', '1566', '1', null, '2018-09-10 17:59:05', '2018-09-10 17:59:05', null, '1', null), ('1261', '28', '1567', '1', null, '2018-09-10 17:59:05', '2018-09-10 17:59:05', null, '1', null), ('1262', '28', '1568', '1', null, '2018-09-10 17:59:05', '2018-09-10 17:59:05', null, '1', null), ('1263', '28', '1571', '1', null, '2018-09-10 17:59:05', '2018-09-10 17:59:05', null, '1', null), ('1264', '28', '1572', '1', null, '2018-09-10 17:59:05', '2018-09-10 17:59:05', null, '1', null), ('1265', '28', '1573', '1', null, '2018-09-10 17:59:05', '2018-09-10 17:59:05', null, '1', null), ('1266', '28', '1574', '1', null, '2018-09-10 17:59:05', '2018-09-10 17:59:05', null, '1', null), ('1267', '28', '1575', '1', null, '2018-09-10 17:59:05', '2018-09-10 17:59:05', null, '1', null), ('1268', '28', '1576', '1', null, '2018-09-10 17:59:05', '2018-09-10 17:59:05', null, '1', null), ('1269', '28', '1577', '1', null, '2018-09-10 17:59:05', '2018-09-10 17:59:05', null, '1', null), ('1270', '28', '1578', '1', null, '2018-09-10 17:59:05', '2018-09-10 17:59:05', null, '1', null), ('1271', '28', '1579', '1', null, '2018-09-10 17:59:05', '2018-09-10 17:59:05', null, '1', null), ('1272', '28', '1580', '1', null, '2018-09-10 17:59:05', '2018-09-10 17:59:05', null, '1', null), ('1273', '28', '1581', '1', null, '2018-09-10 17:59:05', '2018-09-10 17:59:05', null, '1', null), ('1274', '28', '1582', '1', null, '2018-09-10 17:59:05', '2018-09-10 17:59:05', null, '1', null), ('1275', '28', '1583', '1', null, '2018-09-10 17:59:05', '2018-09-10 17:59:05', null, '1', null), ('1276', '28', '1584', '1', null, '2018-09-10 17:59:05', '2018-09-10 17:59:05', null, '1', null), ('1277', '28', '1585', '1', null, '2018-09-10 17:59:05', '2018-09-10 17:59:05', null, '1', null), ('1278', '28', '1586', '1', null, '2018-09-10 17:59:05', '2018-09-10 17:59:05', null, '1', null), ('1279', '28', '1587', '1', null, '2018-09-10 17:59:05', '2018-09-10 17:59:05', null, '1', null), ('1280', '28', '1588', '1', null, '2018-09-10 17:59:05', '2018-09-10 17:59:05', null, '1', null), ('1281', '28', '1589', '1', null, '2018-09-10 17:59:05', '2018-09-10 17:59:05', null, '1', null), ('1282', '28', '1590', '1', null, '2018-09-10 17:59:05', '2018-09-10 17:59:05', null, '1', null), ('1283', '28', '1591', '1', null, '2018-09-10 17:59:05', '2018-09-10 17:59:05', null, '1', null), ('1284', '28', '1592', '1', null, '2018-09-10 17:59:05', '2018-09-10 17:59:05', null, '1', null), ('1285', '28', '1593', '1', null, '2018-09-10 17:59:05', '2018-09-10 17:59:05', null, '1', null), ('1286', '28', '1594', '1', null, '2018-09-10 17:59:05', '2018-09-10 17:59:05', null, '1', null), ('1287', '28', '1595', '1', null, '2018-09-10 17:59:05', '2018-09-10 17:59:05', null, '1', null), ('1288', '28', '1596', '1', null, '2018-09-10 17:59:05', '2018-09-10 17:59:05', null, '1', null), ('1289', '28', '1597', '1', null, '2018-09-10 17:59:05', '2018-09-10 17:59:05', null, '1', null), ('1290', '28', '1598', '1', null, '2018-09-10 17:59:05', '2018-09-10 17:59:05', null, '1', null), ('1291', '28', '1599', '1', null, '2018-09-10 17:59:05', '2018-09-10 17:59:05', null, '1', null), ('1292', '28', '1600', '1', null, '2018-09-10 17:59:05', '2018-09-10 17:59:05', null, '1', null), ('1293', '28', '1601', '1', null, '2018-09-10 17:59:05', '2018-09-10 17:59:05', null, '1', null), ('1294', '28', '1602', '1', null, '2018-09-10 17:59:05', '2018-09-10 17:59:05', null, '1', null), ('1295', '28', '1603', '1', null, '2018-09-10 17:59:05', '2018-09-10 17:59:05', null, '1', null), ('1296', '28', '1604', '1', null, '2018-09-10 17:59:05', '2018-09-10 17:59:05', null, '1', null), ('1297', '28', '1605', '1', null, '2018-09-10 17:59:05', '2018-09-10 17:59:05', null, '1', null), ('1298', '28', '1606', '1', null, '2018-09-10 17:59:05', '2018-09-10 17:59:05', null, '1', null), ('1299', '28', '1607', '1', null, '2018-09-10 17:59:05', '2018-09-10 17:59:05', null, '1', null), ('1300', '28', '1608', '1', null, '2018-09-10 17:59:05', '2018-09-10 17:59:05', null, '1', null), ('1301', '28', '1609', '1', null, '2018-09-10 17:59:05', '2018-09-10 17:59:05', null, '1', null), ('1302', '28', '1610', '1', null, '2018-09-10 17:59:05', '2018-09-10 17:59:05', null, '1', null), ('1303', '28', '1611', '1', null, '2018-09-10 17:59:05', '2018-09-10 17:59:05', null, '1', null), ('1304', '28', '1612', '1', null, '2018-09-10 17:59:05', '2018-09-10 17:59:05', null, '1', null), ('1305', '28', '1613', '1', null, '2018-09-10 17:59:05', '2018-09-10 17:59:05', null, '1', null), ('1306', '28', '1614', '1', null, '2018-09-10 17:59:05', '2018-09-10 17:59:05', null, '1', null);
COMMIT;

-- ----------------------------
--  Table structure for `iel_out`
-- ----------------------------
DROP TABLE IF EXISTS `iel_out`;
CREATE TABLE `iel_out` (
  `id` int(11) NOT NULL AUTO_INCREMENT COMMENT '主键id',
  `out_no` varchar(200) DEFAULT NULL COMMENT '入库编号',
  `status` int(11) DEFAULT NULL COMMENT '状态',
  `operator_id` int(11) DEFAULT NULL COMMENT '检查员',
  `create_time` datetime DEFAULT NULL COMMENT '创建时间',
  `update_time` datetime DEFAULT NULL COMMENT '更新时间',
  `repair_id` int(11) DEFAULT NULL,
  `repair_no` varchar(50) DEFAULT NULL,
  `pjb_contract_no` varchar(200) DEFAULT NULL,
  `customer_name` varchar(50) DEFAULT NULL,
  `address` varchar(255) DEFAULT NULL,
  `work_no` varchar(200) DEFAULT NULL,
  PRIMARY KEY (`id`)
) ENGINE=InnoDB AUTO_INCREMENT=64 DEFAULT CHARSET=utf8;

-- ----------------------------
--  Records of `iel_out`
-- ----------------------------
BEGIN;
INSERT INTO `iel_out` VALUES ('29', '1532000698753', '0', '2', '2018-07-19 19:44:58', '2018-07-19 19:44:58', null, null, '2018/VI/IEC-PA/140', 'H. HANDRI MUNTAHA', null, null), ('30', '1532079479443', '0', '2', '2018-07-20 17:37:59', '2018-07-20 17:37:59', null, null, '2018/VI/IEC-PA/147', 'PT. GUANLONG PACKINGS INDONESIA', null, '2018/ISC/VII/SJ/077'), ('31', '1532082649682', '0', '2', '2018-07-20 18:30:49', '2018-07-20 18:30:49', null, null, '1234515', 'PT. INDONESIA EQUIPMENT CENTRE', null, '12344'), ('52', '1532421364458', '0', '2', '2018-07-24 16:36:01', '2018-07-24 16:36:01', null, null, '44124112366', 'PT. FEATHER INK INDONESIA', null, '12312413341'), ('54', '1532421361358', '0', '2', '2018-07-24 16:36:01', '2018-07-24 16:36:01', null, null, '441241123', 'PT. FEATHER INK INDONESIA', null, '1231241241'), ('56', '1532433356508', '0', '2', '2018-07-24 19:55:56', '2018-07-24 19:55:56', null, null, '12', 'PT. INDONESIA EQUIPMENT CENTRE', null, '12'), ('57', '1533609211640', '0', '2', '2018-08-07 10:33:31', '2018-08-07 10:33:31', null, null, '121', 'PT. FEATHER INK INDONESIA', null, '121'), ('58', '1533796430550', '0', '2', '2018-08-09 14:33:50', '2018-08-09 14:33:50', null, null, '123', 'PT. FEATHER INK INDONESIA', null, '123'), ('59', '1534182492670', '0', '2', '2018-08-14 01:48:12', '2018-08-14 01:48:12', null, null, 'sub', 'PT. INDONESIA EQUIPMENT CENTRE', null, 'sub'), ('60', '1534220082328', '0', '2', '2018-08-14 12:14:42', '2018-08-14 12:14:42', null, null, '8', 'PT. FEATHER INK INDONESIA', null, '88'), ('62', '1534224303771', '0', '2', '2018-08-14 13:25:03', '2018-08-14 13:25:03', null, null, '1', 'PT. INDONESIA EQUIPMENT CENTRE', null, '1231414141'), ('63', '1534224714120', '0', '2', '2018-08-14 13:31:54', '2018-08-14 13:31:54', null, null, '7', 'PT. FEATHER INK INDONESIA', null, '77');
COMMIT;

-- ----------------------------
--  Table structure for `iel_out_detail`
-- ----------------------------
DROP TABLE IF EXISTS `iel_out_detail`;
CREATE TABLE `iel_out_detail` (
  `id` int(11) NOT NULL AUTO_INCREMENT,
  `out_id` int(11) DEFAULT NULL,
  `parts_no` varchar(200) DEFAULT NULL,
  `parts_name` varchar(200) DEFAULT NULL,
  `parts_en_name` varchar(200) DEFAULT NULL,
  `unit` varchar(200) DEFAULT NULL,
  `sales_price` decimal(20,2) DEFAULT NULL,
  `device_type` varchar(200) DEFAULT NULL,
  `stock_position` int(11) DEFAULT NULL,
  `status` int(11) DEFAULT '0' COMMENT '0不对，1对',
  `out_num` int(11) DEFAULT NULL,
  `create_time` datetime DEFAULT NULL,
  `update_time` datetime DEFAULT NULL,
  `define_sn` varchar(50) DEFAULT NULL,
  `address` varchar(200) DEFAULT NULL,
  `entry_time` datetime DEFAULT NULL,
  `destination` varchar(50) DEFAULT NULL,
  `buy_contract_no` varchar(200) DEFAULT NULL,
  `model` varchar(200) DEFAULT NULL,
  `sn` varchar(200) DEFAULT NULL,
  `engine_no` varchar(200) DEFAULT NULL,
  `xx_no` varchar(200) DEFAULT NULL,
  `brand` varchar(200) DEFAULT NULL,
  `model_alias` varchar(100) DEFAULT NULL,
  `define_str` varchar(100) DEFAULT NULL,
  `define_model_no` varchar(100) DEFAULT NULL,
  `configuration` varchar(500) DEFAULT NULL,
  `stock_id` int(11) DEFAULT NULL,
  PRIMARY KEY (`id`)
) ENGINE=InnoDB AUTO_INCREMENT=87 DEFAULT CHARSET=utf8;

-- ----------------------------
--  Records of `iel_out_detail`
-- ----------------------------
BEGIN;
INSERT INTO `iel_out_detail` VALUES ('69', '29', null, null, null, null, '305000000.00', 'WHEEL LOADER', '25', '0', '1', '2018-07-19 19:44:58', '2018-07-19 19:44:58', null, 'INLINE 6-J', '2018-07-19 19:08:12', 'JAKARTA', 'SC2018-00470', 'CDM816D', 'LSL0816DJJA381017', 'XA18009033', 'S18020148', 'LONKING', null, null, 'S', 'STANDARD', null), ('70', '30', null, null, null, null, '142727273.00', 'FORKLIFT TRUCK', '25', '0', '1', '2018-07-20 17:37:59', '2018-07-20 17:37:59', null, 'HANGCHA  07_01-J', '2018-07-20 14:09:43', 'Jakarta', 'H18A0451-04553,03029', 'CPC30-AG2', 'G5AHN9163', '18069061', '03DK06365', 'HANGCHA', null, null, '196000', '1070mm fork, 3.0M duplex Mast & pneumatic tyres', null), ('71', '31', null, null, null, null, '123.00', 'Forklift', '26', '0', '1', '2018-07-20 18:30:49', '2018-07-20 18:30:49', null, 'INLINE 5-S', '2018-07-19 19:03:45', 'SURABAYA', 'HL2018032201', 'CPCD50-WX6K', '010501T2798', '1049197', '', 'HELI', null, '123', '343', 'MAST: 4M; PENUMETIC TIRE; 1220FORK; FAW ENGINE国III', null), ('72', '52', null, null, null, null, '234.00', 'Forklift', '26', '0', '1', '2018-07-20 18:30:49', '2018-07-20 18:30:49', null, 'INLINE 5-S', '2018-07-19 19:03:45', 'SURABAYA', 'HL2018032201', 'CPCD50-WX6K with side shifter', '010501T2799', '1048668', '', 'HELI', null, '123', '234', 'MAST: 4M; PENUMETIC TIRE; 1220FORK; FAW ENGINE国III;SIDE SHIFTER', null), ('73', '54', null, null, null, null, '123.00', 'Forklift', '26', '0', '1', '2018-07-24 16:36:01', '2018-07-24 16:36:01', null, 'INLINE 5-S', '2018-07-19 19:03:45', 'SURABAYA', 'HL2018032201', 'CPCD50-WX6K', '010501T2798', '1049197', '', 'HELI', null, '3', '3', 'MAST: 4M; PENUMETIC TIRE; 1220FORK; FAW ENGINE国III', '1471'), ('74', '56', null, null, null, null, '123.00', 'Forklift', '26', '0', '1', '2018-07-24 19:55:56', '2018-07-24 19:55:56', null, 'INLINE 5-S', '2018-07-19 19:03:45', 'SURABAYA', 'HL2018032201', 'CPCD50-WX6K', '010501T2798', '1049197', '', 'HELI', null, '232', '321', 'MAST: 4M; PENUMETIC TIRE; 1220FORK; FAW ENGINE国III', '1471'), ('75', '57', null, null, null, null, '12399.00', 'Forklift', '26', '0', '1', '2018-08-07 10:33:31', '2018-08-07 10:33:31', null, 'INLINE 5-S', '2018-07-19 19:03:45', 'SURABAYA', 'HL2018032201', 'CPCD50-WX6K', '010501T2798', '1049197', '', 'HELI', null, 'good', '12399', 'MAST: 4M; PENUMETIC TIRE; 1220FORK; FAW ENGINE国III', '1471'), ('76', '58', null, null, null, null, '23.00', 'Forklift', '26', '0', '1', '2018-08-09 14:33:50', '2018-08-09 14:33:50', null, 'INLINE 5-S', '2018-07-19 19:03:45', 'SURABAYA', 'HL2018032201', 'CPCD50-WX6K', '010501T2798', '1049197', '', 'HELI', null, null, '23', 'MAST: 4M; PENUMETIC TIRE; 1220FORK; FAW ENGINE国III ', '1471'), ('77', '58', null, null, null, null, '23.00', 'Forklift', '26', '0', '1', '2018-08-09 14:33:50', '2018-08-09 14:33:50', null, 'INLINE 5-S', '2018-07-19 19:03:45', 'SURABAYA', 'HL2018032201', 'CPCD50-WX6K with side shifter', '010501T2799', '1048668', '', 'HELI', null, null, '23', 'MAST: 4M; PENUMETIC TIRE; 1220FORK; FAW ENGINE国III;SIDE SHIFTER', '1472'), ('78', '58', null, null, null, null, '23.00', 'WHEEL LOADER', '25', '0', '1', '2018-08-09 14:33:50', '2018-08-09 14:33:50', null, 'INLINE 6-J', '2018-07-19 19:08:12', 'JAKARTA', 'SC2018-00470', 'CDM816D', 'LSL0816DPJA381015', 'XA18009032', 'S18020146', 'LONKING', null, null, '23', 'STANDARD', '1473'), ('79', '58', null, null, null, null, '32.00', 'ELECTRIC STACKER', '25', '0', '1', '2018-08-09 14:33:50', '2018-08-09 14:33:50', null, 'HANGCHA_03_01-J', '2018-08-07 17:37:38', 'Jakarta', 'HC-JKT-HCIE2018A045-1158', 'CDD16-AC1S', 'J1AH01887', '01DA03913', '', 'HANGCHA', null, null, '23', 'Max. fork height 3000 mm, Battery 24V / 340Ah, ', '1529'), ('80', '58', null, null, null, null, '32.00', 'ELECTRIC STACKER', '25', '0', '1', '2018-08-09 14:33:50', '2018-08-09 14:33:50', null, 'HANGCHA_03_01-J', '2018-08-07 17:37:38', 'Jakarta', 'HC-JKT-HCIE2018A045-1158', 'CDD16-AC1S', 'J1AH01888', '01DA03917', '', 'HANGCHA', null, null, '23', '3-stage mast4500 mm, Battery 24V / 340Ah, 1150*680 forks', '1530'), ('81', '58', null, null, null, null, '33.00', 'SCISSOR LIFT', '25', '0', '1', '2018-08-09 14:33:50', '2018-08-09 14:33:50', null, 'HANGCHA_03_01-J', '2018-08-07 17:37:38', 'Jakarta', 'HC-JKT-HCIE2018A045-1158', 'HLT10', 'G18013105', '0', '', 'HANGCHA', null, null, '23', 'Minimum fork height 85 mm, Maximum fork height 800 mm, Fork length 1150 mm & Out side fork width 680 mm', '1531'), ('82', '59', null, null, null, null, '10.00', 'Forklift', '26', '0', '1', '2018-08-14 01:48:12', '2018-08-14 01:48:12', null, 'INLINE 5-S', '2018-07-19 19:03:45', 'SURABAYA', 'HL2018032201', 'CPCD50-WX6K', '010501T2798', '1049197', '', 'HELI', null, null, '1', 'MAST: 4M; PENUMETIC TIRE; 1220FORK; FAW ENGINE国III ', '1471'), ('83', '59', null, null, null, null, '10.00', 'Forklift', '26', '0', '1', '2018-08-14 01:48:12', '2018-08-14 01:48:12', null, 'INLINE 5-S', '2018-07-19 19:03:45', 'SURABAYA', 'HL2018032201', 'CPCD50-WX6K with side shifter', '010501T2799', '1048668', '', 'HELI', null, null, '1', 'MAST: 4M; PENUMETIC TIRE; 1220FORK; FAW ENGINE国III;SIDE SHIFTER', '1472'), ('84', '60', null, null, null, null, '8.00', '8888', '26', '0', '1', '2018-08-14 12:14:42', '2018-08-14 12:14:42', null, '8888-S', '2018-08-14 11:29:00', '88888', '8888', '8888', '8888', '88888', null, '8888', null, '4645', '88', '8888', '1569'), ('85', '62', null, null, null, null, '123.00', 'WHEEL LOADER', '25', '0', '1', '2018-08-14 13:25:03', '2018-08-14 13:25:03', null, 'INLINE 6-J', '2018-07-19 19:08:12', 'JAKARTA', 'SC2018-00470', 'CDM816D', 'LSL0816DKJA381016', 'XA18009036', 'S18020143', 'LONKING', null, null, '123', 'STANDARD', '1475'), ('86', '63', null, null, null, null, '7.00', '7777', '26', '0', '1', '2018-08-14 13:31:54', '2018-08-14 13:31:54', null, '7777-S', '2018-08-14 13:29:30', '77777', '7', '77', '777', '777', null, '777', null, null, '7', '77', '1570');
COMMIT;

-- ----------------------------
--  Table structure for `iel_repertory`
-- ----------------------------
DROP TABLE IF EXISTS `iel_repertory`;
CREATE TABLE `iel_repertory` (
  `id` int(11) NOT NULL AUTO_INCREMENT COMMENT '类别Id',
  `admin_id` int(11) NOT NULL,
  `parent_id` int(11) DEFAULT NULL COMMENT '父类别id当id=0时说明是根节点,一级类别',
  `name` varchar(200) DEFAULT NULL COMMENT '类别名称',
  `code` varchar(200) DEFAULT NULL,
  `status` int(11) DEFAULT '1' COMMENT '类别状态1-正常,2-已废弃',
  `sort_order` int(11) DEFAULT '0' COMMENT '排序编号,同类展示顺序,数值相等则自然排序',
  `create_time` datetime DEFAULT NULL COMMENT '创建时间',
  `update_time` datetime DEFAULT NULL COMMENT '更新时间',
  PRIMARY KEY (`id`)
) ENGINE=InnoDB AUTO_INCREMENT=27 DEFAULT CHARSET=utf8;

-- ----------------------------
--  Records of `iel_repertory`
-- ----------------------------
BEGIN;
INSERT INTO `iel_repertory` VALUES ('23', '1', '0', 'MOR', '1', '1', '0', '2018-07-13 18:52:11', '2018-07-13 18:52:11'), ('24', '1', '23', '1', '2', '1', '0', '2018-07-13 18:53:17', '2018-07-13 18:53:17'), ('25', '1', '0', 'JAK', 'J', '1', '0', '2018-07-17 13:26:04', '2018-07-17 13:26:04'), ('26', '1', '0', 'SUB', 'S', '1', '0', '2018-07-17 13:26:11', '2018-07-17 13:26:11');
COMMIT;

-- ----------------------------
--  Table structure for `iel_sales_contract`
-- ----------------------------
DROP TABLE IF EXISTS `iel_sales_contract`;
CREATE TABLE `iel_sales_contract` (
  `sales_contract_id` int(11) NOT NULL AUTO_INCREMENT,
  `customer_id` int(11) DEFAULT NULL,
  `address_id` int(11) DEFAULT NULL,
  `contact_id` int(11) DEFAULT NULL,
  `date` datetime DEFAULT NULL,
  `out_id` int(11) DEFAULT NULL,
  `out_no` varchar(200) DEFAULT NULL,
  `bpk_no` varchar(200) DEFAULT NULL,
  `sales_contract_no` varchar(200) DEFAULT NULL,
  `type` int(11) DEFAULT NULL,
  `status` int(11) DEFAULT NULL,
  `create_time` datetime DEFAULT NULL,
  `update_time` datetime DEFAULT NULL,
  `accessory1` varchar(100) DEFAULT NULL,
  `accessory2` varchar(100) DEFAULT NULL,
  `accessory3` varchar(100) DEFAULT NULL,
  PRIMARY KEY (`sales_contract_id`)
) ENGINE=InnoDB AUTO_INCREMENT=19 DEFAULT CHARSET=utf8 ROW_FORMAT=DYNAMIC;

-- ----------------------------
--  Records of `iel_sales_contract`
-- ----------------------------
BEGIN;
INSERT INTO `iel_sales_contract` VALUES ('1', '2', '1', '1', '2018-07-02 00:00:00', '29', '1531463853987', '1', '1', null, '0', '2018-07-13 14:37:34', '2018-07-13 14:37:34', null, null, null), ('2', '2', '1', '1', '2018-07-13 00:00:00', '30', '1531466237700', '544552', '87555', null, '0', '2018-07-13 15:17:17', '2018-07-13 15:17:17', null, null, null), ('3', '2', '1', '1', '2018-07-05 00:00:00', '31', '1531466966735', '111', '1111', null, '0', '2018-07-13 15:29:26', '2018-07-13 15:29:26', null, null, null), ('8', '89', '50', '50', '2018-06-22 00:00:00', '52', '1532000698753', '2018/ISC/VI/BPK/067', '2018/VI/IEC-PA/140', null, '0', '2018-07-19 19:44:58', '2018-07-19 19:44:58', null, null, null), ('9', '91', '51', '52', '2018-07-19 00:00:00', '54', '1532079479443', '2018/ISC/VII/BPK/072', '2018/VI/IEC-PA/147', null, '0', '2018-07-20 17:37:59', '2018-07-20 17:37:59', null, null, null), ('12', '4', '4', '3', '2018-07-03 00:00:00', '56', '1532433356508', '12', '12', null, '0', '2018-07-24 19:55:56', '2018-07-24 19:55:56', null, null, null), ('13', '3', '7', '4', '2018-08-08 00:00:00', '57', '1533609211640', '121', '121', null, '0', '2018-08-07 10:33:31', '2018-08-07 10:33:31', null, null, null), ('14', '3', '7', '4', '2018-08-02 00:00:00', '58', '1533796430550', '123', '123', null, '0', '2018-08-09 14:33:50', '2018-08-09 14:33:50', '123', '123', '123'), ('15', '4', '4', '3', '2017-08-01 00:00:00', '59', '1534182492670', 'sub', 'sub', null, '0', '2018-08-14 01:48:12', '2018-08-14 01:48:12', 'tool box', 'manuel book', 'sj0005'), ('16', '3', '7', '4', '2018-08-14 00:00:00', '60', '1534220082328', '8', '8', null, '0', '2018-08-14 12:14:42', '2018-08-14 12:14:42', '6', '6', '6'), ('17', '4', '5', '3', '2018-08-15 00:00:00', '62', '1534224303771', '1234141141414', '1', null, '0', '2018-08-14 13:25:03', '2018-08-14 13:25:03', '123', '123', '123'), ('18', '3', '7', '4', '2018-08-14 00:00:00', '63', '1534224714120', '77', '7', null, '0', '2018-08-14 13:31:54', '2018-08-14 13:31:54', '7', '7', '7');
COMMIT;

-- ----------------------------
--  Table structure for `iel_stock`
-- ----------------------------
DROP TABLE IF EXISTS `iel_stock`;
CREATE TABLE `iel_stock` (
  `id` int(11) NOT NULL AUTO_INCREMENT,
  `entry_id` int(11) DEFAULT NULL,
  `customs_clearance` varchar(200) DEFAULT NULL,
  `destination` varchar(200) DEFAULT NULL,
  `parts_no` varchar(200) DEFAULT NULL,
  `parts_name` varchar(200) DEFAULT NULL,
  `parts_en_name` varchar(200) DEFAULT NULL,
  `unit` varchar(200) DEFAULT NULL COMMENT 'booking code',
  `quantity` int(11) DEFAULT NULL,
  `sales_price` decimal(20,2) DEFAULT NULL,
  `device_type` varchar(200) DEFAULT NULL,
  `repertory` int(11) DEFAULT NULL,
  `position` int(11) DEFAULT NULL,
  `create_time` datetime DEFAULT NULL,
  `update_time` datetime DEFAULT NULL,
  `ship_num` varchar(100) DEFAULT NULL,
  `buy_contract_no` varchar(200) DEFAULT NULL,
  `model` varchar(200) DEFAULT NULL,
  `sn` varchar(200) DEFAULT NULL,
  `engine_no` varchar(200) DEFAULT NULL,
  `xx_no` varchar(200) DEFAULT NULL,
  `brand` varchar(200) DEFAULT NULL,
  `type_category_id` int(11) DEFAULT NULL,
  `model_alias` varchar(100) DEFAULT NULL,
  `configuration` varchar(500) DEFAULT NULL,
  `status` int(11) DEFAULT NULL,
  PRIMARY KEY (`id`)
) ENGINE=InnoDB AUTO_INCREMENT=1615 DEFAULT CHARSET=utf8;

-- ----------------------------
--  Records of `iel_stock`
-- ----------------------------
BEGIN;
INSERT INTO `iel_stock` VALUES ('1471', '142', 'INLINE 5', 'SURABAYA', null, '23', 'http://cdn.ayotrust.com/upload/2018-08-09image1.jpeg', '13', '1', null, 'Forklift', '26', '26', '2018-07-19 19:03:45', '2018-08-14 01:56:09', 'NORTHERN VOLITION', 'HL2018032201', 'CPCD50-WX6K', '010501T2798', '1049197', '', 'HELI', null, null, 'MAST: 4M; PENUMETIC TIRE; 1220FORK; FAW ENGINE国III ', '1'), ('1472', '142', 'INLINE 5', 'SURABAYA', null, null, null, '23', '1', null, 'Forklift', '26', '26', '2018-07-19 19:03:45', '2018-08-14 01:48:12', 'NORTHERN VOLITION', 'HL2018032201', 'CPCD50-WX6K with side shifter', '010501T2799', '1048668', '', 'HELI', null, null, 'MAST: 4M; PENUMETIC TIRE; 1220FORK; FAW ENGINE国III;SIDE SHIFTER', '1'), ('1473', '143', 'INLINE 6', 'JAKARTA', null, null, null, '23', '1', null, 'WHEEL LOADER', '25', '25', '2018-07-19 19:08:12', '2018-08-09 15:42:55', 'NORTHERN VOLITION', 'SC2018-00470', 'CDM816D', 'LSL0816DPJA381015', 'XA18009032', 'S18020146', 'LONKING', null, null, 'STANDARD', '1'), ('1474', '143', 'INLINE 6', 'JAKARTA', null, 'gdsfgfad', 'http://cdn.ayotrust.com/upload/2018-08-10u=674548043,3857528968&fm=27&gp=0.jpg', '2323', '1', null, 'WHEEL LOADER', '25', '25', '2018-07-19 19:08:12', '2018-09-05 16:36:17', 'NORTHERN VOLITION', 'SC2018-00470', 'CDM816D', 'LSL0816DJJA381017', 'XA18009033', 'S18020148', 'LONKING', null, null, 'STANDARD', '0'), ('1475', '143', 'INLINE 6', 'JAKARTA', null, null, null, '1313', '1', null, 'WHEEL LOADER', '25', '25', '2018-07-19 19:08:12', '2018-08-14 13:25:03', 'NORTHERN VOLITION', 'SC2018-00470', 'CDM816D', 'LSL0816DKJA381016', 'XA18009036', 'S18020143', 'LONKING', null, null, 'STANDARD', '1'), ('1476', '143', 'INLINE 6', 'JAKARTA', null, null, null, '对冯绍峰', '1', null, 'WHEEL LOADER', '25', '25', '2018-07-19 19:08:12', '2018-09-10 15:07:17', 'NORTHERN VOLITION', 'SC2018-00470', 'CDM833N', 'LSH0833NTJA201627', '6P17K050020', '', 'LONKING', null, null, 'STANDARD', '0'), ('1477', '143', 'INLINE 6', 'JAKARTA', null, null, null, '1441', '1', null, 'WHEEL LOADER', '25', '25', '2018-07-19 19:08:12', '2018-08-09 15:42:59', 'NORTHERN VOLITION', 'SC2018-00470', 'ZL50NC', 'LSH050NCPJA302461', '1218A000807', '', 'LONKING', null, null, 'STANDARD', '0'), ('1478', '144', 'INLINE 7', 'SURABAYA', null, null, null, '大师傅', '1', null, 'WHEEL LOADER', '26', '26', '2018-07-20 14:05:07', '2018-08-31 12:31:00', 'NORTHERN VOLITION', 'SC2018-00470', 'CDM816D', 'LSL0816DAJA380972', 'XA18010466', 'S18020145', 'LONKING', null, null, 'STANDARD', '0'), ('1479', '144', 'INLINE 7', 'SURABAYA', null, null, null, null, '1', null, 'WHEEL LOADER', '26', '26', '2018-07-20 14:05:07', '2018-07-20 14:05:07', 'NORTHERN VOLITION', 'SC2018-00532', 'CDM816D', 'LSL0816DKJA380965', 'XA18009023', 'S18020079', 'LONKING', null, null, 'STANDARD', '0'), ('1480', '144', 'INLINE 7', 'SURABAYA', null, null, null, null, '1', null, 'WHEEL LOADER', '26', '26', '2018-07-20 14:05:07', '2018-07-20 14:05:07', 'NORTHERN VOLITION', 'SC2018-00532', 'CDM816D', 'LSL0816DJJA380966', 'XA18009031', 'S18020073', 'LONKING', null, null, 'STANDARD', '0'), ('1481', '144', 'INLINE 7', 'SURABAYA', null, null, null, null, '1', null, 'WHEEL LOADER', '26', '26', '2018-07-20 14:05:07', '2018-07-20 14:05:07', 'NORTHERN VOLITION', 'SC2018-00532', 'CDM816D', 'LSL0816DCJA380970', 'XA18010464', 'S18020150', 'LONKING', null, null, 'STANDARD', '0'), ('1482', '144', 'INLINE 7', 'SURABAYA', null, null, null, null, '1', null, 'WHEEL LOADER', '26', '26', '2018-07-20 14:05:07', '2018-08-13 09:33:24', 'NORTHERN VOLITION', 'SC2018-00532', 'CDM816D', 'LSL0816DVJA380971', 'XA18010469', 'S18020147', 'LONKING', null, null, 'STANDARD', '0'), ('1483', '144', 'INLINE 7', 'SURABAYA', null, null, null, null, '1', null, 'WHEEL LOADER', '26', '26', '2018-07-20 14:05:07', '2018-07-20 14:05:07', 'NORTHERN VOLITION', 'SC2018-00534', 'CDM833N', 'LSH0833NPJA201628', '6P17K049592', '', 'LONKING', null, null, 'STANDARD', '0'), ('1484', '144', 'INLINE 7', 'SURABAYA', null, null, null, null, '1', null, 'WHEEL LOADER', '26', '26', '2018-07-20 14:05:07', '2018-07-20 14:05:07', 'NORTHERN VOLITION', 'SC2018-00534', 'CDM833N', 'LSH0833NTJA201630', '6P17K049593', '', 'LONKING', null, null, 'STANDARD', '0'), ('1485', '144', 'INLINE 7', 'SURABAYA', null, null, null, null, '1', null, 'WHEEL LOADER', '26', '26', '2018-07-20 14:05:07', '2018-07-20 14:05:07', 'NORTHERN VOLITION', 'SC2018-00470', 'CDM833N', 'LSH0833NJJA201583', '6P17K049596', '', 'LONKING', null, null, 'STANDARD', '0'), ('1486', '144', 'INLINE 7', 'SURABAYA', null, null, null, null, '1', null, 'WHEEL LOADER', '26', '26', '2018-07-20 14:05:07', '2018-07-20 14:05:07', 'NORTHERN VOLITION', 'SC2018-00470', 'CDM833N', 'LSH0833NKJA201629', '6P17K050228', '', 'LONKING', null, null, 'STANDARD', '0'), ('1487', '144', 'INLINE 7', 'SURABAYA', null, null, null, null, '1', null, 'WHEEL LOADER', '26', '26', '2018-07-20 14:05:07', '2018-07-20 14:05:07', 'NORTHERN VOLITION', 'SC2018-00470', 'LG833N', ' LSH0833NKJA101208', '6P17K049601', '', 'LONKING', null, null, 'STANDARD', '0'), ('1488', '144', 'INLINE 7', 'SURABAYA', null, null, null, null, '1', null, 'WHEEL LOADER', '26', '26', '2018-07-20 14:05:07', '2018-07-20 14:05:07', 'NORTHERN VOLITION', 'SC2018-00470', 'LG833N', 'LSH0833NPJA303249', '6P18C013293', '', 'LONKING', null, null, 'STANDARD', '0'), ('1489', '144', 'INLINE 7', 'SURABAYA', null, null, null, null, '1', null, 'WHEEL LOADER', '26', '26', '2018-07-20 14:05:07', '2018-07-20 14:05:07', 'NORTHERN VOLITION', 'SC2018-00470', 'LG855N', 'LSH0855NCJA302552', '1218A000798', '', 'LONKING', null, null, 'STANDARD', '0'), ('1490', '144', 'INLINE 7', 'SURABAYA', null, null, null, null, '1', null, 'WHEEL LOADER', '26', '26', '2018-07-20 14:05:07', '2018-07-20 14:05:07', 'NORTHERN VOLITION', 'SC2018-00470', 'LG855N', 'LSH0855NJJA302551', '1218A000943', '', 'LONKING', null, null, 'STANDARD', '0'), ('1491', '144', 'INLINE 7', 'SURABAYA', null, null, null, null, '1', null, 'WHEEL LOADER', '26', '26', '2018-07-20 14:05:07', '2018-07-20 14:05:07', 'NORTHERN VOLITION', 'SC2018-00470', 'ZL50NC', 'LSH050NCJJA302463', '1218A000794', '', 'LONKING', null, null, 'STANDARD', '0'), ('1492', '144', 'INLINE 7', 'SURABAYA', null, null, null, null, '1', null, 'WHEEL LOADER', '26', '26', '2018-07-20 14:05:07', '2018-07-20 14:05:07', 'NORTHERN VOLITION', 'SC2018-00470', 'ZL50NC', 'LSH050NCKJA302462', '1218A000812', '', 'LONKING', null, null, 'STANDARD', '0'), ('1493', '149', 'HANGCHA  07_01', 'Jakarta', null, null, null, '大师傅', '1', null, 'FORKLIFT TRUCK', '25', '25', '2018-07-20 14:09:43', '2018-09-04 10:37:28', 'YM ENHANCER 098S', 'H18A0451-04553,03029', 'CPCD50-RXG24', 'A2AH09430', 'Y18025608', '02DA05127', 'HANGCHA', null, null, '1070mm fork, 3.0M duplex Mast & pneumatic tyres', '0'), ('1494', '149', 'HANGCHA  07_01', 'Jakarta', null, null, null, null, '1', null, 'FORKLIFT TRUCK', '25', '25', '2018-07-20 14:09:43', '2018-08-08 18:00:15', 'YM ENHANCER 098S', 'H18A0451-04553,03029', 'CPCD50-RW14', 'A3AH07616', '374940', '04DA11478', 'HANGCHA', null, null, '1220mm fork, 3.0M duplex Mast & double front pneumatic tyres', '0'), ('1495', '149', 'HANGCHA  07_01', 'Jakarta', null, null, null, null, '1', null, 'FORKLIFT TRUCK', '25', '25', '2018-07-20 14:09:43', '2018-08-08 18:06:25', 'YM ENHANCER 098S', 'H18A0451-04553,03029', 'CPCD50-RG24', 'A3AH07560', 'Y18025488', '03DA09742', 'HANGCHA', null, null, '1220mm fork, 3.0M duplex Mast & double front pneumatic tyres', '0'), ('1496', '149', 'HANGCHA  07_01', 'Jakarta', null, null, null, null, '1', null, 'FORKLIFT TRUCK', '25', '25', '2018-07-20 14:09:43', '2018-07-20 14:09:43', 'YM ENHANCER 098S', 'H18A0451-04553,03029', 'CPCD70-RW14', 'A3AH07632', '374915', '05DA14553', 'HANGCHA', null, null, '1220mm fork, 4.0M duplex Mast & double front pneumatic tyres', '0'), ('1497', '149', 'HANGCHA  07_01', 'Jakarta', null, null, null, null, '1', null, 'FORKLIFT TRUCK', '25', '25', '2018-07-20 14:09:43', '2018-07-20 14:09:43', 'YM ENHANCER 098S', 'H18A0451-04553,03029', 'CPCD100-RW14', 'A3AH07629', '374898', '05DA14538', 'HANGCHA', null, null, '1220mm fork, 3.0M duplex Mast & double front solid tyres', '0'), ('1498', '149', 'HANGCHA  07_01', 'Jakarta', null, null, null, null, '1', null, 'FORKLIFT TRUCK', '25', '25', '2018-07-20 14:09:43', '2018-07-20 14:09:43', 'YM ENHANCER 098S', 'H18A0451-04553,03029', 'CPCD30-AG2', 'G5AHN9165', '18066743', '03DK06363', 'HANGCHA', null, null, '1070mm fork, 3.0M duplex Mast & pneumatic tyres', '0'), ('1499', '149', 'HANGCHA  07_01', 'Jakarta', null, null, null, null, '1', null, 'FORKLIFT TRUCK', '25', '25', '2018-07-20 14:09:43', '2018-07-20 14:09:43', 'YM ENHANCER 098S', 'H18A0451-04553,03029', 'CPC30-AG2', 'G5AHN9163', '18069061', '03DK06365', 'HANGCHA', null, null, '1070mm fork, 3.0M duplex Mast & pneumatic tyres', '0'), ('1500', '149', 'HANGCHA  07_01', 'Jakarta', null, null, null, null, '1', null, 'FORKLIFT TRUCK', '25', '25', '2018-07-20 14:09:43', '2018-07-20 14:09:43', 'YM ENHANCER 098S', 'H18A0451-04553,03029', 'CPCD30-AW10', 'G5AHN9168', '261363', '03DK07251', 'HANGCHA', null, null, '1070mm fork, 3.0M duplex Mast & pneumatic tyres', '0'), ('1501', '149', 'HANGCHA  07_01', 'Jakarta', null, null, null, null, '1', null, 'FORKLIFT TRUCK', '25', '25', '2018-07-20 14:09:43', '2018-07-20 14:09:43', 'YM ENHANCER 098S', 'H18A0451-04553,03029', 'CPC30-AW10', 'G5AHN9159', '261365', '03DK04227', 'HANGCHA', null, null, '1070mm fork, 3.0M duplex Mast & pneumatic tyres', '0'), ('1502', '149', 'HANGCHA  07_01', 'Jakarta', null, null, null, null, '1', null, 'ELECTRIC STACKER', '25', '25', '2018-07-20 14:09:43', '2018-07-20 14:09:43', 'YM ENHANCER 098S', 'H18A0451-04553,03029', 'CDD16-AC1S-M', 'J1AH02221', '0', '05DA15922', 'HANGCHA', null, null, '1070mm forks, 3-stage triplex mast 4500mm &  Battery 24V / 340Ah', '0'), ('1503', '151', 'HANGCHA  07_02', 'SURABAYA', null, null, null, null, '1', null, 'FORKLIFT TRUCK', '26', '26', '2018-07-20 14:12:39', '2018-08-08 18:06:12', 'YM ENHANCER 098S', 'SUB-H18A0451-03029', 'CPCD50-RXG24', 'A2AH09431', 'Y18025612', '02DA05133', 'HANGCHA', null, null, '1070mm fork, 3.0M duplex Mast & pneumatic tyres', '0'), ('1504', '151', 'HANGCHA  07_02', 'SURABAYA', null, null, null, null, '1', null, 'FORKLIFT TRUCK', '26', '26', '2018-07-20 14:12:39', '2018-07-20 14:12:39', 'YM ENHANCER 098S', 'SUB-H18A0451-03029', 'CPCD50-RW14', 'A3AH07657', '375686', '05DA16511', 'HANGCHA', null, null, '1220mm fork, 3.0M duplex Mast & double front pneumatic tyres', '0'), ('1505', '151', 'HANGCHA  07_02', 'SURABAYA', null, null, null, null, '1', null, 'FORKLIFT TRUCK', '26', '26', '2018-07-20 14:12:39', '2018-07-20 14:12:39', 'YM ENHANCER 098S', 'SUB-H18A0451-03029', 'CPCD50-RG24', 'A3AH07559', 'Y18025490', '03DA09744', 'HANGCHA', null, null, '1220mm fork, 3.0M duplex Mast & double front pneumatic tyres', '0'), ('1506', '151', 'HANGCHA  07_02', 'SURABAYA', null, null, null, null, '1', null, 'FORKLIFT TRUCK', '26', '26', '2018-07-20 14:12:39', '2018-07-20 14:12:39', 'YM ENHANCER 098S', 'SUB-H18A0451-03029', 'CPCD70-RW14', 'A3AH07631', '374901', '05DA14557', 'HANGCHA', null, null, '1220mm fork, 4.0M duplex Mast & double front pneumatic tyres', '0'), ('1507', '151', 'HANGCHA  07_02', 'SURABAYA', null, null, null, null, '1', null, 'FORKLIFT TRUCK', '26', '26', '2018-07-20 14:12:39', '2018-07-20 14:12:39', 'YM ENHANCER 098S', 'SUB-H18A0451-03029', 'CPCD100-RW14', 'A3AH07630', '374897', '05DA14536', 'HANGCHA', null, null, '1220mm fork, 3.0M duplex Mast & double front solid tyres', '0'), ('1508', '151', 'HANGCHA  07_02', 'SURABAYA', null, null, null, null, '1', null, 'FORKLIFT TRUCK', '26', '26', '2018-07-20 14:12:39', '2018-07-20 14:12:39', 'YM ENHANCER 098S', 'SUB-H18A0451-03029', 'CPCD30-AG2', 'G5AHN9166', '18066742', '03DK06340', 'HANGCHA', null, null, '1070mm fork, 3.0M duplex Mast & pneumatic tyres', '0'), ('1509', '151', 'HANGCHA  07_02', 'SURABAYA', null, null, null, null, '1', null, 'FORKLIFT TRUCK', '26', '26', '2018-07-20 14:12:39', '2018-07-20 14:12:39', 'YM ENHANCER 098S', 'SUB-H18A0451-03029', 'CPC30-AG2', 'G5AHN9164', '18069058', '03DK06364', 'HANGCHA', null, null, '1070mm fork, 3.0M duplex Mast & pneumatic tyres', '0'), ('1510', '151', 'HANGCHA  07_02', 'SURABAYA', null, null, null, null, '1', null, 'FORKLIFT TRUCK', '26', '26', '2018-07-20 14:12:39', '2018-07-20 14:12:39', 'YM ENHANCER 098S', 'SUB-H18A0451-03029', 'CPCD30-AW10', 'G5AHN9167', '261362', '03DK07250', 'HANGCHA', null, null, '1070mm fork, 3.0M duplex Mast & pneumatic tyres', '0'), ('1511', '151', 'HANGCHA  07_02', 'SURABAYA', null, null, null, null, '1', null, 'FORKLIFT TRUCK', '26', '26', '2018-07-20 14:12:39', '2018-07-20 14:12:39', 'YM ENHANCER 098S', 'SUB-H18A0451-03029', 'CPC30-AW10', 'G5AHN9160', '261364', '03DK07248', 'HANGCHA', null, null, '1070mm fork, 3.0M duplex Mast & pneumatic tyres', '0'), ('1512', '152', 'HANGCHA_05_01', 'Jakarta', null, null, null, null, '1', null, 'FORKLIFT', '25', '25', '2018-07-20 14:13:16', '2018-07-20 14:13:16', 'BOMAR SPRING 0060 006S', 'HC-JKT-H17A0451-05102,05135', 'CPCD30-XRW55F', 'M5AG01203', '301387', '07CA16766', 'HANGCHA', null, null, 'Mitsubishi S4S , 5.0M duplex Mast, 1670 fork, double front solid tyres', '0'), ('1513', '152', 'HANGCHA_05_01', 'Jakarta', null, null, null, null, '1', null, 'FORKLIFT', '25', '25', '2018-07-20 14:13:16', '2018-07-20 14:13:16', 'BOMAR SPRING 0060 006S', 'HC-JKT-H17A0451-05102,05135', 'CPCD30-XRW55F', 'M5AG01204', '301384', '08CA19382', 'HANGCHA', null, null, 'Mitsubishi S4S , 4.0M duplex Mast, 1520 fork, pneumatic', '0'), ('1514', '152', 'HANGCHA_05_01', 'Jakarta', null, null, null, null, '1', null, 'FORKLIFT', '25', '25', '2018-07-20 14:13:16', '2018-07-20 14:13:16', 'BOMAR SPRING 0060 006S', 'HC-JKT-H17A0451-05102,05135', 'CPCD30-XRW55F', 'M5AG01201', '299297', '07CA17557', 'HANGCHA', null, null, 'Mitsubishi S4S , 4.3M triplex Mast, 1070 fork, pneumatic', '0'), ('1515', '152', 'HANGCHA_05_01', 'Jakarta', null, null, null, null, '1', null, 'FORKLIFT', '25', '25', '2018-07-20 14:13:16', '2018-07-24 15:59:18', 'BOMAR SPRING 0060 006S', 'HC-JKT-H17A0451-05102,05135', 'CPCD30-XRW55F', 'M5AG01186', '299299', '07CA17553', 'HANGCHA', null, null, 'Mitsubishi S4S , 3.0m duplex mast, 1070 Fork, pneumatic', '0'), ('1516', '152', 'HANGCHA_05_01', 'Jakarta', null, null, null, null, '1', null, 'FORKLIFT', '25', '25', '2018-07-20 14:13:16', '2018-07-20 14:13:16', 'BOMAR SPRING 0060 006S', 'HC-JKT-H17A0451-05102,05135', 'CPCD25-XRW55F', 'M5AG01188', '299291', '07CA16125', 'HANGCHA', null, null, 'Mitsubishi S4S , 3.0m duplex mast, 1070 Fork, pneumatic', '0'), ('1517', '153', 'HANGCHA_05_02', 'Surabaya', null, null, null, null, '1', null, 'FORKLIFT', '26', '26', '2018-07-20 14:13:47', '2018-07-20 14:13:47', 'BOMAR SPRING 0060 006S', 'HC-SBY-H17A0451-05102,05135', 'CPCD35-XRG2', 'M5AG00910', '17081926', '07CA15872', 'HANGCHA', null, null, 'XINCHAI C490BPG, 4.0M duplex Mast, 1370 fork, pneumatic', '0'), ('1518', '153', 'HANGCHA_05_02', 'Surabaya', null, null, null, null, '1', null, 'FORKLIFT', '26', '26', '2018-07-20 14:13:47', '2018-07-20 14:13:47', 'BOMAR SPRING 0060 006S', 'HC-SBY-H17A0451-05102,05135', 'CPCD35-XRW55F', 'M5AG01210', '301380', '06CA14608', 'HANGCHA', null, null, 'Mitsubishi S4S , 3.0M duplex Mast, 1070 fork, pneumatic', '0'), ('1519', '153', 'HANGCHA_05_02', 'Surabaya', null, null, null, null, '1', null, 'FORKLIFT', '26', '26', '2018-07-20 14:13:47', '2018-08-31 12:27:23', 'BOMAR SPRING 0060 006S', 'HC-SBY-H17A0451-05102,05135', 'CPCD30-XRW55F', 'M5AG01205', '301388', '08CA19387', 'HANGCHA', null, null, 'Mitsubishi S4S , 4.0M duplex Mast, 1520 fork, pneumatic', '0'), ('1520', '153', 'HANGCHA_05_02', 'Surabaya', null, null, null, null, '1', null, 'FORKLIFT', '26', '26', '2018-07-20 14:13:47', '2018-07-20 14:13:47', 'BOMAR SPRING 0060 006S', 'HC-SBY-H17A0451-05102,05135', 'CPCD30-XRW55F', 'M5AG01185', '299298', '07CA17555', 'HANGCHA', null, null, 'Mitsubishi S4S , 3.0m duplex mast, 1070 Fork, pneumatic', '0'), ('1521', '153', 'HANGCHA_05_02', 'Surabaya', null, null, null, null, '1', null, 'FORKLIFT', '26', '26', '2018-07-20 14:13:47', '2018-08-07 18:40:10', 'BOMAR SPRING 0060 006S', 'HC-SBY-H17A0451-05102,05135', 'CPCD30-XRW55F', 'M5AG01184', '299288', '07CA17552', 'HANGCHA', null, null, 'MAST: 4M; PENUMETIC TIRE; 1220FORK; FAW ENGINE国III', '0'), ('1522', '157', 'INLINE 12', 'SURABAYA', null, null, null, null, '1', null, 'EXCAVATOR', '26', '26', '2018-07-20 14:40:59', '2018-07-20 14:40:59', 'ZIM DALIAN V.51S', 'INLINE1812', 'XE215C', 'XUG0215BPJKA00730', '6BG1-369996', '', 'XCMG', null, null, 'STANDARD', '0'), ('1523', '157', 'INLINE 12', 'SURABAYA', null, null, null, null, '1', null, 'EXCAVATOR', '26', '26', '2018-07-20 14:40:59', '2018-08-07 18:41:00', 'ZIM DALIAN V.51S', 'INLINE1812', 'XE215C', 'XUG0215BKJKA00731', '6BG1-369780', '', 'XCMG', null, null, 'STANDARD', '0'), ('1524', '157', 'INLINE 12', 'SURABAYA', null, null, null, null, '1', null, 'EXCAVATOR', '26', '26', '2018-07-20 14:40:59', '2018-07-20 14:40:59', 'ZIM DALIAN V.51S', 'INLINE1812', 'XE215C', 'XUG0215BAJKA00752', '6BG1-372572', '', 'XCMG', null, null, 'STANDARD', '0'), ('1525', '157', 'INLINE 12', 'SURABAYA', null, null, null, null, '1', null, 'EXCAVATOR', '26', '26', '2018-07-20 14:40:59', '2018-07-20 14:40:59', 'ZIM DALIAN V.51S', 'INLINE1812', 'XE215C', 'XUG0215BLJKA00753', '6BG1-372757', '', 'XCMG', null, null, 'STANDARD', '0'), ('1526', '157', 'INLINE 12', 'SURABAYA', null, null, null, null, '1', null, 'EXCAVATOR', '26', '26', '2018-07-20 14:40:59', '2018-07-20 14:40:59', 'ZIM DALIAN V.51S', 'INLINE1812', 'XE215C', 'XUG0215BHJKA00754', '6BG1-372758', '', 'XCMG', null, null, 'STANDARD', '0'), ('1527', '157', 'INLINE 12', 'SURABAYA', null, null, null, null, '1', null, 'EXCAVATOR', '26', '26', '2018-07-20 14:40:59', '2018-07-20 14:40:59', 'ZIM DALIAN V.51S', 'INLINE1812', 'XE215C', 'XUG0215BEJKA00755', '6BG1-372336', '', 'XCMG', null, null, 'STANDARD', '0'), ('1528', '157', 'INLINE 12', 'SURABAYA', null, null, null, null, '1', null, 'EXCAVATOR', '26', '26', '2018-07-20 14:40:59', '2018-07-20 14:40:59', 'ZIM DALIAN V.51S', 'INLINE1812', 'XE370CA', 'XUG03703CHKA01942', '6HK1-905825', '', 'XCMG', null, null, 'STANDARD', '0'), ('1529', '161', 'HANGCHA_03_01', 'Jakarta', null, null, null, null, '1', null, 'ELECTRIC STACKER', '25', '25', '2018-08-07 17:37:38', '2018-08-09 14:33:50', 'AS COLUMBIA 0006S', 'HC-JKT-HCIE2018A045-1158', 'CDD16-AC1S', 'J1AH01887', '01DA03913', '', 'HANGCHA', null, null, 'Max. fork height 3000 mm, Battery 24V / 340Ah, ', '1'), ('1530', '161', 'HANGCHA_03_01', 'Jakarta', null, null, null, null, '1', null, 'ELECTRIC STACKER', '25', '25', '2018-08-07 17:37:38', '2018-08-09 14:33:50', 'AS COLUMBIA 0006S', 'HC-JKT-HCIE2018A045-1158', 'CDD16-AC1S', 'J1AH01888', '01DA03917', '', 'HANGCHA', null, null, '3-stage mast4500 mm, Battery 24V / 340Ah, 1150*680 forks', '1'), ('1531', '161', 'HANGCHA_03_01', 'Jakarta', null, null, null, null, '1', null, 'SCISSOR LIFT', '25', '25', '2018-08-07 17:37:38', '2018-08-09 14:33:50', 'AS COLUMBIA 0006S', 'HC-JKT-HCIE2018A045-1158', 'HLT10', 'G18013105', '0', '', 'HANGCHA', null, null, 'Minimum fork height 85 mm, Maximum fork height 800 mm, Fork length 1150 mm & Out side fork width 680 mm', '1'), ('1532', '161', 'HANGCHA_03_01', 'Jakarta', null, null, null, null, '1', null, 'SCISSOR LIFT', '25', '25', '2018-08-07 17:37:38', '2018-08-07 17:37:38', 'AS COLUMBIA 0006S', 'HC-JKT-HCIE2018A045-1158', 'HLT10', 'G18013106', '0', '', 'HANGCHA', null, null, 'Minimum fork height 85 mm, Maximum fork height 800 mm, Fork length 1150 mm & Out side fork width 680 mm', '0'), ('1533', '161', 'HANGCHA_03_01', 'Jakarta', null, null, null, null, '1', null, 'SCISSOR LIFT', '25', '25', '2018-08-07 17:37:38', '2018-08-07 17:37:38', 'AS COLUMBIA 0006S', 'HC-JKT-HCIE2018A045-1158', 'HLT10', 'G18013107', '0', '', 'HANGCHA', null, null, 'Minimum fork height 85 mm, Maximum fork height 800 mm, Fork length 1150 mm & Out side fork width 680 mm', '0'), ('1534', '161', 'HANGCHA_03_01', 'Jakarta', null, null, null, null, '1', null, 'SCISSOR LIFT', '25', '25', '2018-08-07 17:37:38', '2018-08-07 17:37:38', 'AS COLUMBIA 0006S', 'HC-JKT-HCIE2018A045-1158', 'HLT10', 'G18013108', '0', '', 'HANGCHA', null, null, 'Minimum fork height 85 mm, Maximum fork height 800 mm, Fork length 1150 mm & Out side fork width 680 mm', '0'), ('1535', '161', 'HANGCHA_03_01', 'Jakarta', null, null, null, null, '1', null, 'SCISSOR LIFT', '25', '25', '2018-08-07 17:37:38', '2018-08-07 17:37:38', 'AS COLUMBIA 0006S', 'HC-JKT-HCIE2018A045-1158', 'HLT10', 'G18013109', '0', '', 'HANGCHA', null, null, 'Minimum fork height 85 mm, Maximum fork height 800 mm, Fork length 1150 mm & Out side fork width 680 mm', '0'), ('1536', '161', 'HANGCHA_03_01', 'Jakarta', null, null, null, null, '1', null, 'SCISSOR LIFT', '25', '25', '2018-08-07 17:37:38', '2018-08-07 17:37:38', 'AS COLUMBIA 0006S', 'HC-JKT-HCIE2018A045-1158', 'HLT10', 'G18013110', '0', '', 'HANGCHA', null, null, 'Minimum fork height 85 mm, Maximum fork height 800 mm, Fork length 1150 mm & Out side fork width 680 mm', '0'), ('1537', '161', 'HANGCHA_03_01', 'Jakarta', null, null, null, null, '1', null, 'SCISSOR LIFT', '25', '25', '2018-08-07 17:37:38', '2018-08-07 17:37:38', 'AS COLUMBIA 0006S', 'HC-JKT-HCIE2018A045-1158', 'HLT10', 'G18013111', '0', '', 'HANGCHA', null, null, 'Minimum fork height 85 mm, Maximum fork height 800 mm, Fork length 1150 mm & Out side fork width 680 mm', '0'), ('1538', '161', 'HANGCHA_03_01', 'Jakarta', null, null, null, null, '1', null, 'SCISSOR LIFT', '25', '25', '2018-08-07 17:37:38', '2018-08-07 17:37:38', 'AS COLUMBIA 0006S', 'HC-JKT-HCIE2018A045-1158', 'HLT10', 'G18013112', '0', '', 'HANGCHA', null, null, 'Minimum fork height 85 mm, Maximum fork height 800 mm, Fork length 1150 mm & Out side fork width 680 mm', '0'), ('1539', '161', 'HANGCHA_03_01', 'Jakarta', null, null, null, null, '1', null, 'SCISSOR LIFT', '25', '25', '2018-08-07 17:37:38', '2018-08-07 17:37:38', 'AS COLUMBIA 0006S', 'HC-JKT-HCIE2018A045-1158', 'HLT10', 'G18013113', '0', '', 'HANGCHA', null, null, 'Minimum fork height 85 mm, Maximum fork height 800 mm, Fork length 1150 mm & Out side fork width 680 mm', '0'), ('1540', '161', 'HANGCHA_03_01', 'Jakarta', null, null, null, null, '1', null, 'SCISSOR LIFT', '25', '25', '2018-08-07 17:37:38', '2018-08-07 17:37:38', 'AS COLUMBIA 0006S', 'HC-JKT-HCIE2018A045-1158', 'HLT10', 'G18013114', '0', '', 'HANGCHA', null, null, 'Minimum fork height 85 mm, Maximum fork height 800 mm, Fork length 1150 mm & Out side fork width 680 mm', '0'), ('1541', '159', 'HANGCHA_04_01', 'Jakarta', null, null, null, null, '1', null, 'FORKLIFT', '25', '25', '2018-08-07 17:38:45', '2018-08-07 17:38:45', 'PONA 0058 031S', 'HC-JKT-H18A0451-01602,02501,02847', 'CPCD30-XRG2', 'M5AH03182', 'M5AH03182', '04DA10196', 'HANGCHA', null, null, ' XINCHAI C490BPG engine, hydraulic transmission,  electric shift, 4.5M triplex Mast, 1520mm fork, pneumatic tyres', '0'), ('1542', '159', 'HANGCHA_04_01', 'Jakarta', null, null, null, null, '1', null, 'FORKLIFT', '25', '25', '2018-08-07 17:38:45', '2018-08-07 17:38:45', 'PONA 0058 031S', 'HC-JKT-H18A0451-01602,02501,02847', 'CPCD30-XRG2', 'M5AH03181', 'M5AH03181', '04DA10197', 'HANGCHA', null, null, ' XINCHAI C490BPG engine, hydraulic transmission,  electric shift, 4.5M triplex Mast, 1520mm fork, pneumatic tyres', '0'), ('1543', '159', 'HANGCHA_04_01', 'Jakarta', null, null, null, null, '1', null, 'FORKLIFT', '25', '25', '2018-08-07 17:38:45', '2018-08-07 17:38:45', 'PONA 0058 031S', 'HC-JKT-H18A0451-01602,02501,02847', 'CPCD30-XRG2', 'M5AH03183', 'M5AH03183', '04DA10168', 'HANGCHA', null, null, 'XINCHAI C490BPG engine, hydraulic transmission,  electric shift, 4.5M triplex Mast, 1520mm fork, pneumatic tyres', '0'), ('1544', '159', 'HANGCHA_04_01', 'Jakarta', null, null, null, null, '1', null, 'FORKLIFT', '25', '25', '2018-08-07 17:38:45', '2018-08-07 17:38:45', 'PONA 0058 031S', 'HC-JKT-H18A0451-01602,02501,02847', 'CPCD50-XRXW76', 'M8AH00166', 'M8AH00166', '03DA08765', 'HANGCHA', null, null, 'Diesel forklift with Japan Mitsubishi S6S diesel engine, hydraulic transimission, 4.0M duplex Mast, 1220mm fork, solid tyre', '0'), ('1545', '158', 'HANGCHA_04_03', 'Surabaya', null, null, null, null, '1', null, 'FORKLIFT', '26', '26', '2018-08-07 17:39:24', '2018-08-07 17:39:24', 'PONA 0058 031S', 'HC-SBY-H18A0451-01882, 01143', 'CPCD40-RW19', 'A2AH09401', '500236', '10CA25406', 'HANGCHA', null, null, 'Japanese NISSAN TD42 engine, hydraulic transmission,  electric shift, 5.0M duplex Mast, 1070mm fork, double front pneumatic tyres', '0'), ('1546', '158', 'HANGCHA_04_03', 'Surabaya', null, null, null, null, '1', null, 'FORKLIFT', '26', '26', '2018-08-07 17:39:24', '2018-08-07 17:39:24', 'PONA 0058 031S', 'HC-SBY-H18A0451-01882, 01143', 'CPCD40-RW19', 'A2AH09402', '500233', '03DA08443', 'HANGCHA', null, null, 'Japanese NISSAN TD42 engine, hydraulic transmission,  electric shift, 5.0M duplex Mast, 1070mm fork, double front pneumatic tyres', '0'), ('1547', '158', 'HANGCHA_04_03', 'Surabaya', null, null, null, null, '1', null, 'FORKLIFT', '26', '26', '2018-08-07 17:39:24', '2018-08-07 17:39:24', 'PONA 0058 031S', 'HC-SBY-H18A0451-01882, 01143', 'CPCD40-RW19', 'A2AH09403', '500235', '03DA08442', 'HANGCHA', null, null, 'Japanese NISSAN TD42 engine, hydraulic transmission,  electric shift, 5.0M duplex Mast, 1070mm fork, double front pneumatic tyres', '0'), ('1548', '158', 'HANGCHA_04_03', 'Surabaya', null, null, null, null, '1', null, 'FORKLIFT', '26', '26', '2018-08-07 17:39:24', '2018-08-07 17:39:24', 'PONA 0058 031S', 'HC-SBY-H18A0451-01882, 01143', 'CPCD40-RW19', 'A2AH09404', '500234', '03DA08456', 'HANGCHA', null, null, 'Japanese NISSAN TD42 engine, hydraulic transmission,  electric shift, 5.0M duplex Mast, 1070mm fork, double front pneumatic tyres', '0'), ('1549', '158', 'HANGCHA_04_03', 'Surabaya', null, null, null, null, '1', null, 'FORKLIFT', '26', '26', '2018-08-07 17:39:24', '2018-08-07 17:39:24', 'PONA 0058 031S', 'HC-SBY-H18A0451-01882, 01143', 'CPCD40-RW19', 'A2AH09405', '500251', '03DA08457', 'HANGCHA', null, null, 'Japanese NISSAN TD42 engine, hydraulic transmission,  electric shift, 5.0M duplex Mast, 1070mm fork, double front pneumatic tyres', '0'), ('1550', '158', 'HANGCHA_04_03', 'Surabaya', null, null, null, null, '1', null, 'FORKLIFT', '26', '26', '2018-08-07 17:39:24', '2018-08-07 17:39:24', 'PONA 0058 031S', 'HC-SBY-H18A0451-01882, 01143', 'CPCD40-RW19', 'A2AH09408', '500261', '03DA08440', 'HANGCHA', null, null, 'Japanese NISSAN TD42 engine, hydraulic transmission,  electric shift, 5.0M duplex Mast, 1070mm fork, double front pneumatic tyres', '0'), ('1551', '158', 'HANGCHA_04_03', 'Surabaya', null, null, null, null, '1', null, 'FORKLIFT', '26', '26', '2018-08-07 17:39:24', '2018-08-07 17:39:24', 'PONA 0058 031S', 'HC-SBY-H18A0451-01882, 01143', 'CPCD40-RW19', 'A2AH09409', '500255', '03DA08447', 'HANGCHA', null, null, 'Japanese NISSAN TD42 engine, hydraulic transmission,  electric shift, 5.0M duplex Mast, 1070mm fork, double front pneumatic tyres', '0'), ('1552', '158', 'HANGCHA_04_03', 'Surabaya', null, null, null, null, '1', null, 'FORKLIFT', '26', '26', '2018-08-07 17:39:24', '2018-08-07 17:39:24', 'PONA 0058 031S', 'HC-SBY-H18A0451-01882, 01143', 'CPCD40-RW19', 'A2AH09410', '500259', '03DA08441', 'HANGCHA', null, null, 'Japanese NISSAN TD42 engine, hydraulic transmission,  electric shift, 5.0M duplex Mast, 1070mm fork, double front pneumatic tyres', '0'), ('1553', '158', 'HANGCHA_04_03', 'Surabaya', null, null, null, null, '1', null, 'FORKLIFT', '26', '26', '2018-08-07 17:39:24', '2018-08-07 18:41:00', 'PONA 0058 031S', 'HC-SBY-H18A0451-01882, 01143', 'CPCD40-RW19', 'A2AH09411', '500260', '03DA08439', 'HANGCHA', null, null, '1070mm fork, 3.0M duplex Mast & pneumatic tyres', '0'), ('1554', '158', 'HANGCHA_04_03', 'Surabaya', null, null, null, null, '1', null, 'FORKLIFT', '26', '26', '2018-08-07 17:39:24', '2018-08-07 17:39:24', 'PONA 0058 031S', 'HC-SBY-H18A0451-01882, 01143', 'CPCD70-RW14', 'A3AH07461', '371006', '02DA05093', 'HANGCHA', null, null, 'ISUZU 6BG1 engine, hydraulic transmission, 6.0M duplex Mast, 1220mm fork,pneumatic tyres', '0'), ('1555', '156', 'INLINE 12', 'SURABAYA', null, null, null, null, '1', null, 'EXCAVATOR', '26', '26', '2018-08-09 15:54:12', '2018-08-09 15:54:12', 'ZIM DALIAN V.51S', 'INLINE1812', 'XE215C', 'XUG0215BPJKA00730', '6BG1-369996', '', 'XCMG', null, null, 'STANDARD', '0'), ('1556', '156', 'INLINE 12', 'SURABAYA', null, null, null, null, '1', null, 'EXCAVATOR', '26', '26', '2018-08-09 15:54:12', '2018-08-09 15:54:12', 'ZIM DALIAN V.51S', 'INLINE1812', 'XE215C', 'XUG0215BKJKA00731', '6BG1-369780', '', 'XCMG', null, null, 'STANDARD', '0'), ('1557', '156', 'INLINE 12', 'SURABAYA', null, null, null, null, '1', null, 'EXCAVATOR', '25', '25', '2018-08-09 15:54:12', '2018-08-09 15:54:12', 'ZIM DALIAN V.51S', 'INLINE1812', 'XE215C', 'XUG0215BAJKA00752', '6BG1-372572', '', 'XCMG', null, null, 'STANDARD', '0'), ('1558', '156', 'INLINE 12', 'SURABAYA', null, null, null, null, '1', null, 'EXCAVATOR', '26', '26', '2018-08-09 15:54:12', '2018-08-09 15:54:12', 'ZIM DALIAN V.51S', 'INLINE1812', 'XE215C', 'XUG0215BLJKA00753', '6BG1-372757', '', 'XCMG', null, null, 'STANDARD', '0'), ('1559', '156', 'INLINE 12', 'SURABAYA', null, null, null, null, '1', null, 'EXCAVATOR', '26', '26', '2018-08-09 15:54:12', '2018-08-09 15:54:12', 'ZIM DALIAN V.51S', 'INLINE1812', 'XE215C', 'XUG0215BHJKA00754', '6BG1-372758', '', 'XCMG', null, null, 'STANDARD', '0'), ('1560', '156', 'INLINE 12', 'SURABAYA', null, null, null, null, '1', null, 'EXCAVATOR', '25', '25', '2018-08-09 15:54:12', '2018-08-09 15:54:12', 'ZIM DALIAN V.51S', 'INLINE1812', 'XE215C', 'XUG0215BEJKA00755', '6BG1-372336', '', 'XCMG', null, null, 'STANDARD', '0'), ('1561', '156', 'INLINE 12', 'SURABAYA', null, null, null, null, '1', null, 'EXCAVATOR', '25', '25', '2018-08-09 15:54:12', '2018-08-09 15:54:12', 'ZIM DALIAN V.51S', 'INLINE1812', 'XE370CA', 'XUG03703CHKA01942', '6HK1-905825', '', 'XCMG', null, null, 'STANDARD', '0'), ('1562', '155', 'INLINE 12', 'SURABAYA', null, null, null, null, null, null, 'EXCAVATOR', '26', '26', '2018-08-10 11:31:16', '2018-08-10 11:31:16', 'ZIM DALIAN V.51S', 'INLINE1812', 'XE215C', 'XUG0215BPJKA00730', '6BG1-369996', '', 'XCMG', null, null, 'STANDARD', '0'), ('1563', '155', 'INLINE 12', 'SURABAYA', null, null, null, null, '1', null, 'EXCAVATOR', '25', '25', '2018-08-10 11:31:16', '2018-08-10 11:31:16', 'ZIM DALIAN V.51S', 'INLINE1812', 'XE215C', 'XUG0215BKJKA00731', '6BG1-369780', '', 'XCMG', null, null, 'STANDARD', '0'), ('1564', '155', 'INLINE 12', 'SURABAYA', null, null, null, null, '1', null, 'EXCAVATOR', '26', '26', '2018-08-10 11:31:16', '2018-08-10 11:31:16', 'ZIM DALIAN V.51S', 'INLINE1812', 'XE215C', 'XUG0215BAJKA00752', '6BG1-372572', '', 'XCMG', null, null, 'STANDARD', '0'), ('1565', '155', 'INLINE 12', 'SURABAYA', null, null, null, null, '1', null, 'EXCAVATOR', '26', '26', '2018-08-10 11:31:16', '2018-08-10 11:31:16', 'ZIM DALIAN V.51S', 'INLINE1812', 'XE215C', 'XUG0215BLJKA00753', '6BG1-372757', '', 'XCMG', null, null, 'STANDARD', '0'), ('1566', '155', 'INLINE 12', 'SURABAYA', null, null, null, null, '1', null, 'EXCAVATOR', '26', '26', '2018-08-10 11:31:16', '2018-08-10 11:31:16', 'ZIM DALIAN V.51S', 'INLINE1812', 'XE215C', 'XUG0215BHJKA00754', '6BG1-372758', '', 'XCMG', null, null, 'STANDARD', '0'), ('1567', '155', 'INLINE 12', 'SURABAYA', null, null, null, null, '1', null, 'EXCAVATOR', '26', '26', '2018-08-10 11:31:16', '2018-08-10 11:31:16', 'ZIM DALIAN V.51S', 'INLINE1812', 'XE215C', 'XUG0215BEJKA00755', '6BG1-372336', '', 'XCMG', null, null, 'STANDARD', '0'), ('1568', '155', 'INLINE 12', 'SURABAYA', null, null, null, null, '1', null, 'EXCAVATOR', '26', '26', '2018-08-10 11:31:16', '2018-08-10 11:31:16', 'ZIM DALIAN V.51S', 'INLINE1812', 'XE370CA', 'XUG03703CHKA01942', '6HK1-905825', '', 'XCMG', null, null, 'STANDARD', '0'), ('1569', '155', '8888', '88888', null, null, null, null, '1', null, '8888', '26', '26', '2018-08-14 11:29:00', '2018-08-14 12:14:42', '8888', '8888', '8888', '8888', '88888', null, '8888', null, null, '8888', '1'), ('1570', '155', '7777', '77777', null, null, null, null, '1', null, '7777', '26', '26', '2018-08-14 13:29:30', '2018-08-14 13:31:54', '777', '7', '77', '777', '777', null, '777', null, null, '77', '1'), ('1571', '170', 'LONKING_05_02', 'Surabaya', null, null, null, null, '1', null, 'WHEEL LOADER', '26', '26', '2018-09-05 12:48:40', '2018-09-05 12:48:40', 'VESSEL TEMP 02', 'LNK-SBY-INLINE1807-3', 'CDM816D', 'LSL0816DKJA380965', 'XA18009023', 'LSL0816DKJA380965', 'LONKING', null, null, '1. Engine: Rated Power (kW.hp)/rpm) : 55.(75)/2400.         2.Bucket Capacity: 0.95m3.                                    3. Type: Hydraulic Load Sensor Systems.                              4.Drive Train: Torque Converter; Single-Stage, Single-Turbine, 3-Element.             5.Hydraulic Transmision: Log Grapple (J). ', '0'), ('1572', '170', 'LONKING_05_02', 'Surabaya', null, null, null, null, '1', null, 'WHEEL LOADER', '26', '26', '2018-09-05 12:48:40', '2018-09-05 12:48:40', 'VESSEL TEMP 02', 'LNK-SBY-INLINE1807-3', 'CDM816D', 'LSL0816DJJA380966', 'XA18009031', 'LSL0816DJJA380966', 'LONKING', null, null, '1. Engine: Rated Power (kW.hp)/rpm) : 55.(75)/2400.         2.Bucket Capacity: 0.95m3.                                    3. Type: Hydraulic Load Sensor Systems.                              4.Drive Train: Torque Converter; Single-Stage, Single-Turbine, 3-Element.             5.Hydraulic Transmision: Log Grapple (J). ', '0'), ('1573', '170', 'LONKING_05_02', 'Surabaya', null, null, null, null, '1', null, 'WHEEL LOADER', '26', '26', '2018-09-05 12:48:40', '2018-09-05 12:48:40', 'VESSEL TEMP 02', 'LNK-SBY-INLINE1807-3', 'CDM816D', 'LSL0816DCJA380970', 'XA18010464', 'LSL0816DCJA380970', 'LONKING', null, null, '1. Engine: Rated Power (kW.hp)/rpm) : 55.(75)/2400.         2.Bucket Capacity: 0.95m3.                                    3. Type: Hydraulic Load Sensor Systems.                              4.Drive Train: Torque Converter; Single-Stage, Single-Turbine, 3-Element.             5.Hydraulic Transmision: Log Grapple (J). ', '0'), ('1574', '170', 'LONKING_05_02', 'Surabaya', null, null, null, null, '1', null, 'WHEEL LOADER', '26', '26', '2018-09-05 12:48:40', '2018-09-05 12:48:40', 'VESSEL TEMP 02', 'LNK-SBY-INLINE1807-3', 'CDM816D', 'LSL0816DVJA380971', 'XA18010469', 'LSL0816DVJA380971', 'LONKING', null, null, '1. Engine: Rated Power (kW.hp)/rpm) : 55.(75)/2400.         2.Bucket Capacity: 0.95m3.                                    3. Type: Hydraulic Load Sensor Systems.                              4.Drive Train: Torque Converter; Single-Stage, Single-Turbine, 3-Element.             5.Hydraulic Transmision: Log Grapple (J). ', '0'), ('1575', '170', 'LONKING_05_02', 'Surabaya', null, null, null, null, '1', null, 'WHEEL LOADER', '26', '26', '2018-09-05 12:48:40', '2018-09-05 12:48:40', 'VESSEL TEMP 02', 'LNK-SBY-INLINE1807-3', 'CDM833N', 'LSH0833NJJA201583', '6P17K049596', 'LSH0833NJJA201583', 'LONKING', null, null, '1. Engine Type: 4 Stroke, Turbo Charged, Water-Cooled, Direct Injection, Diesel Engine.       2.Bucket Capacity: 1.7 m3                    3.Type: Hydraulic Load Sensing Systems                           4.Service Brake Single Circuit Caliper, Dry Brake.                     5. Standard Equipment: Mechanical Shift Control', '0'), ('1576', '170', 'LONKING_05_02', 'Surabaya', null, null, null, null, '1', null, 'WHEEL LOADER', '26', '26', '2018-09-05 12:48:40', '2018-09-05 12:48:40', 'VESSEL TEMP 02', 'LNK-SBY-INLINE1807-3', 'CDM833N', 'LSH0833NKJA201629', '6P17K050228', 'LSH0833NKJA201629', 'LONKING', null, null, '1. Engine Type: 4 Stroke, Turbo Charged, Water-Cooled, Direct Injection, Diesel Engine.       2.Bucket Capacity: 1.7 m3                    3.Type: Hydraulic Load Sensing Systems                           4.Service Brake Single Circuit Caliper, Dry Brake.                     5. Standard Equipment: Mechanical Shift Control', '0'), ('1577', '180', 'INLINE 15', 'BAHODOPI', null, null, null, null, '1', null, 'LADLE CAR / 钢包车', '23', '23', '2018-09-05 18:16:43', '2018-09-05 18:16:43', 'MV UNIEVER/1812', '', 'SX5634TQYPV304', 'LZGJZPV41JG006356', '1116S002204', '', 'SHACMAN', null, '钢包牵引车', '', '0'), ('1578', '180', 'INLINE 15', 'BAHODOPI', null, null, null, null, '1', null, 'LADLE CAR / 钢包车', '23', '23', '2018-09-05 18:16:43', '2018-09-05 18:16:43', 'MV UNIEVER/1812', '', 'SX5634TQYPV304', 'LZGJZPV49JG006525', '1115E001998', '', 'SHACMAN', null, '钢包牵引车', '', '0'), ('1579', '199', 'HANGCHA_07_03', 'Jakarta', null, null, null, '2018/V/IEC-PA/126', '1', null, 'FORKLIFT TRUCK', '25', '25', '2018-09-10 11:39:42', '2018-09-10 11:48:36', 'VESSEL TEMP 03', 'HC-JKT-H18A0451-04821,05347-WG', 'CPCD50-RG16', 'A3AH07675', '15043682', 'A3AH07675', 'HANGCHA', null, null, '1. Rated Capacity: 5000kg.                                    2. Load Centre: 600mm.                   3. Battery: 24/105 V/Ah.               4. Fork Size: 1200X150X60mm.                     5. Engine: CHINA CY6102BG-2', '0'), ('1580', '199', 'HANGCHA_07_03', 'Jakarta', null, null, null, '2018/IV/IEC-PA/114', '1', null, 'SCISSOR LIFT PALLET TRUCK', '25', '25', '2018-09-10 11:39:42', '2018-09-10 11:47:50', 'VESSEL TEMP 03', 'HC-JKT-H18A0451-04821,05347-WG', 'HLT10', 'G18062076', '-', 'G18062076', 'HANGCHA', null, null, '1. Rated Capacity : 1000kg.                              2. Minimum Fork Height: 85mm.                                3. Maximum Fork Height: 800mm.                              4. Fork Length: 1140mm. 5. Out Side Fork Width: 520mm.                      ', '0'), ('1581', '199', 'HANGCHA_07_03', 'Jakarta', null, null, null, '2018/IV/IEC-PA/114', '1', null, 'SCISSOR LIFT PALLET TRUCK', '25', '25', '2018-09-10 11:39:42', '2018-09-10 11:47:46', 'VESSEL TEMP 03', 'HC-JKT-H18A0451-04821,05347-WG', 'HLT10', 'G18062071', '-', 'G18062071', 'HANGCHA', null, null, '1. Rated Capacity : 1000kg.                              2. Minimum Fork Height: 85mm.                                3. Maximum Fork Height: 800mm.                              4. Fork Length: 1140mm. 5. Out Side Fork Width: 520mm.                      ', '0'), ('1582', '199', 'HANGCHA_07_03', 'Jakarta', null, null, null, '2018/IV/IEC-PA/114', '1', null, 'SCISSOR LIFT PALLET TRUCK', '25', '25', '2018-09-10 11:39:42', '2018-09-10 11:47:42', 'VESSEL TEMP 03', 'HC-JKT-H18A0451-04821,05347-WG', 'HLT10', 'G18062067', '-', 'G18062067', 'HANGCHA', null, null, '1. Rated Capacity : 1000kg.                              2. Minimum Fork Height: 85mm.                                3. Maximum Fork Height: 800mm.                              4. Fork Length: 1140mm. 5. Out Side Fork Width: 520mm.                      ', '0'), ('1583', '199', 'HANGCHA_07_03', 'Jakarta', null, null, null, '2018/IV/IEC-PA/114', '1', null, 'SCISSOR LIFT PALLET TRUCK', '25', '25', '2018-09-10 11:39:42', '2018-09-10 11:47:39', 'VESSEL TEMP 03', 'HC-JKT-H18A0451-04821,05347-WG', 'HLT10', 'G18062077', '-', 'G18062077', 'HANGCHA', null, null, '1. Rated Capacity : 1000kg.                              2. Minimum Fork Height: 85mm.                                3. Maximum Fork Height: 800mm.                              4. Fork Length: 1140mm. 5. Out Side Fork Width: 520mm.                      ', '0'), ('1584', '199', 'HANGCHA_07_03', 'Jakarta', null, null, null, '2018/IV/IEC-PA/114', '1', null, 'SCISSOR LIFT PALLET TRUCK', '25', '25', '2018-09-10 11:39:42', '2018-09-10 11:47:34', 'VESSEL TEMP 03', 'HC-JKT-H18A0451-04821,05347-WG', 'HLT10', 'G18062072', '-', 'G18062072', 'HANGCHA', null, null, '1. Rated Capacity : 1000kg.                              2. Minimum Fork Height: 85mm.                                3. Maximum Fork Height: 800mm.                              4. Fork Length: 1140mm. 5. Out Side Fork Width: 520mm.                      ', '0'), ('1585', '199', 'HANGCHA_07_03', 'Jakarta', null, null, null, '2018/IV/IEC-PA/114', '1', null, 'SCISSOR LIFT PALLET TRUCK', '25', '25', '2018-09-10 11:39:42', '2018-09-10 11:47:31', 'VESSEL TEMP 03', 'HC-JKT-H18A0451-04821,05347-WG', 'HLT10', 'G18062063', '-', 'G18062063', 'HANGCHA', null, null, '1. Rated Capacity : 1000kg.                              2. Minimum Fork Height: 85mm.                                3. Maximum Fork Height: 800mm.                              4. Fork Length: 1140mm. 5. Out Side Fork Width: 520mm.                      ', '0'), ('1586', '199', 'HANGCHA_07_03', 'Jakarta', null, null, null, '2018/IV/IEC-PA/114', '1', null, 'SCISSOR LIFT PALLET TRUCK', '25', '25', '2018-09-10 11:39:42', '2018-09-10 11:47:30', 'VESSEL TEMP 03', 'HC-JKT-H18A0451-04821,05347-WG', 'HLT10', 'G18062073', '-', 'G18062073', 'HANGCHA', null, null, '1. Rated Capacity : 1000kg.                              2. Minimum Fork Height: 85mm.                                3. Maximum Fork Height: 800mm.                              4. Fork Length: 1140mm. 5. Out Side Fork Width: 520mm.                      ', '0'), ('1587', '199', 'HANGCHA_07_03', 'Jakarta', null, null, null, '2018/IV/IEC-PA/114', '1', null, 'SCISSOR LIFT PALLET TRUCK', '25', '25', '2018-09-10 11:39:42', '2018-09-10 11:47:28', 'VESSEL TEMP 03', 'HC-JKT-H18A0451-04821,05347-WG', 'HLT10', 'G18062068', '-', 'G18062068', 'HANGCHA', null, null, '1. Rated Capacity : 1000kg.                              2. Minimum Fork Height: 85mm.                                3. Maximum Fork Height: 800mm.                              4. Fork Length: 1140mm. 5. Out Side Fork Width: 520mm.                      ', '0'), ('1588', '199', 'HANGCHA_07_03', 'Jakarta', null, null, null, '2018/IV/IEC-PA/114', '1', null, 'SCISSOR LIFT PALLET TRUCK', '25', '25', '2018-09-10 11:39:42', '2018-09-10 11:47:26', 'VESSEL TEMP 03', 'HC-JKT-H18A0451-04821,05347-WG', 'HLT10', 'G18062066', '-', 'G18062066', 'HANGCHA', null, null, '1. Rated Capacity : 1000kg.                              2. Minimum Fork Height: 85mm.                                3. Maximum Fork Height: 800mm.                              4. Fork Length: 1140mm. 5. Out Side Fork Width: 520mm.                      ', '0'), ('1589', '199', 'HANGCHA_07_03', 'Jakarta', null, null, null, '2018/IV/IEC-PA/114', '1', null, 'SCISSOR LIFT PALLET TRUCK', '25', '25', '2018-09-10 11:39:42', '2018-09-10 11:47:24', 'VESSEL TEMP 03', 'HC-JKT-H18A0451-04821,05347-WG', 'HLT10', 'G18062064', '-', 'G18062064', 'HANGCHA', null, null, '1. Rated Capacity : 1000kg.                              2. Minimum Fork Height: 85mm.                                3. Maximum Fork Height: 800mm.                              4. Fork Length: 1140mm. 5. Out Side Fork Width: 520mm.                      ', '0'), ('1590', '199', 'HANGCHA_07_03', 'Jakarta', null, null, null, '2018/IV/IEC-PA/114', '1', null, 'SCISSOR LIFT PALLET TRUCK', '25', '25', '2018-09-10 11:39:42', '2018-09-10 11:47:22', 'VESSEL TEMP 03', 'HC-JKT-H18A0451-04821,05347-WG', 'HLT10', 'G18062070', '-', 'G18062070', 'HANGCHA', null, null, '1. Rated Capacity : 1000kg.                              2. Minimum Fork Height: 85mm.                                3. Maximum Fork Height: 800mm.                              4. Fork Length: 1140mm. 5. Out Side Fork Width: 520mm.                      ', '0'), ('1591', '199', 'HANGCHA_07_03', 'Jakarta', null, null, null, '2018/IV/IEC-PA/114', '1', null, 'SCISSOR LIFT PALLET TRUCK', '25', '25', '2018-09-10 11:39:42', '2018-09-10 11:47:20', 'VESSEL TEMP 03', 'HC-JKT-H18A0451-04821,05347-WG', 'HLT10', 'G18062075', '-', 'G18062075', 'HANGCHA', null, null, '1. Rated Capacity : 1000kg.                              2. Minimum Fork Height: 85mm.                                3. Maximum Fork Height: 800mm.                              4. Fork Length: 1140mm. 5. Out Side Fork Width: 520mm.                      ', '0'), ('1592', '199', 'HANGCHA_07_03', 'Jakarta', null, null, null, '2018/IV/IEC-PA/114', '1', null, 'SCISSOR LIFT PALLET TRUCK', '25', '25', '2018-09-10 11:39:42', '2018-09-10 11:47:18', 'VESSEL TEMP 03', 'HC-JKT-H18A0451-04821,05347-WG', 'HLT10', 'G18062074', '-', 'G18062074', 'HANGCHA', null, null, '1. Rated Capacity : 1000kg.                              2. Minimum Fork Height: 85mm.                                3. Maximum Fork Height: 800mm.                              4. Fork Length: 1140mm. 5. Out Side Fork Width: 520mm.                      ', '0'), ('1593', '199', 'HANGCHA_07_03', 'Jakarta', null, null, null, '2018/IV/IEC-PA/114', '1', null, 'SCISSOR LIFT PALLET TRUCK', '25', '25', '2018-09-10 11:39:42', '2018-09-10 11:47:16', 'VESSEL TEMP 03', 'HC-JKT-H18A0451-04821,05347-WG', 'HLT10', 'G18062065', '-', 'G18062065', 'HANGCHA', null, null, '1. Rated Capacity : 1000kg.                              2. Minimum Fork Height: 85mm.                                3. Maximum Fork Height: 800mm.                              4. Fork Length: 1140mm. 5. Out Side Fork Width: 520mm.                      ', '0'), ('1594', '199', 'HANGCHA_07_03', 'Jakarta', null, null, null, '2018/IV/IEC-PA/114', '1', null, 'SCISSOR LIFT PALLET TRUCK', '25', '25', '2018-09-10 11:39:42', '2018-09-10 11:47:14', 'VESSEL TEMP 03', 'HC-JKT-H18A0451-04821,05347-WG', 'HLT10', 'G18062069', '-', 'G18062069', 'HANGCHA', null, null, '1. Rated Capacity : 1000kg.                              2. Minimum Fork Height: 85mm.                                3. Maximum Fork Height: 800mm.                              4. Fork Length: 1140mm. 5. Out Side Fork Width: 520mm.                      ', '0'), ('1595', '198', 'HANGCHA_07_02', 'Jakarta', null, null, null, null, '1', null, 'FORKLIFT TRUCK', '25', '25', '2018-09-10 14:57:58', '2018-09-10 14:57:58', 'VESSEL TEMP 02', 'HC-JKT-H18A0451-04553,03029', 'CPCD50-RXG24', 'A2AH09430', 'Y18025608', 'A2AH09430', 'HANGCHA', null, null, '1. Power Type: Diesel.    2. Rated Capacity: 5000kg.                               3. Fork Size: 1070X150X50mm.                                4. Battery: 24/60 V/Ah.    5. Engine: LUOTUO LR4B3-22', '0'), ('1596', '198', 'HANGCHA_07_02', 'Jakarta', null, null, null, null, '1', null, 'FORKLIFT TRUCK', '25', '25', '2018-09-10 14:57:58', '2018-09-10 14:57:58', 'VESSEL TEMP 02', 'HC-JKT-H18A0451-04553,03029', 'CPCD50-RW14', 'A3AH07616', '374940', 'A3AH07616', 'HANGCHA', null, null, '1. Power Type: Diesel.    2. Rated Capacity: 7000kg.                               3. Fork Size: 1200 X 150 X 65mm.                                4. Battery: 2X12/90 V/Ah. 5. Engine: Isuzu 6BG1QP', '0'), ('1597', '198', 'HANGCHA_07_02', 'Jakarta', null, null, null, null, '1', null, 'FORKLIFT TRUCK', '25', '25', '2018-09-10 14:57:58', '2018-09-10 14:57:58', 'VESSEL TEMP 02', 'HC-JKT-H18A0451-04553,03029', 'CPCD50-RG24', 'A3AH07560', 'Y18025488', 'A3AH07560', 'HANGCHA', null, null, '1. Rated Capacity : 5000kg.                              2. Load Centre Distance : 600mm.                                    3. Fork Size: 1200X150X60mm.                 4. Battery: 24/105 V/Ah.                   5. Engine: CHINA LR4108G10Y.', '0'), ('1598', '198', 'HANGCHA_07_02', 'Jakarta', null, null, null, null, '1', null, 'FORKLIFT TRUCK', '25', '25', '2018-09-10 14:57:58', '2018-09-10 14:57:58', 'VESSEL TEMP 02', 'HC-JKT-H18A0451-04553,03029', 'CPCD70-RW14', 'A3AH07632', '374915', 'A3AH07632', 'HANGCHA', null, null, '1. Power Type: Diesel.    2. Rated Capacity: 7000kg.                               3. Fork Size: 1200 X 150 X 65mm.                                4. Battery: 2X12/90 V/Ah. 5. Engine: Isuzu 6BG1QP', '0'), ('1599', '198', 'HANGCHA_07_02', 'Jakarta', null, null, null, null, '1', null, 'FORKLIFT TRUCK', '25', '25', '2018-09-10 14:57:58', '2018-09-10 14:57:58', 'VESSEL TEMP 02', 'HC-JKT-H18A0451-04553,03029', 'CPCD100-RW14', 'A3AH07629', '374898', 'A3AH07629', 'HANGCHA', null, null, '1. Power Type: Diesel.    2. Rated Capacity: 10000kg.                               3. Fork Size: 1500 X 160 X 80mm.                                4. Battery: 2X12/90 V/Ah. 5. Engine: Isuzu 6BG1QP', '0'), ('1600', '198', 'HANGCHA_07_02', 'Jakarta', null, null, null, null, '1', null, 'FORKLIFT TRUCK', '25', '25', '2018-09-10 14:57:58', '2018-09-10 14:57:58', 'VESSEL TEMP 02', 'HC-JKT-H18A0451-04553,03029', 'CPCD30-AG2', 'G5AHN9165', '18066743', 'G5AHN9165', 'HANGCHA', null, null, '1. Rated Capacity : 3000kg.                              2. Load Centre Distance : 500mm.                                    3. Service Weight: 4270kg.                                     4. Battery: 12/90 V/Ah.                   5. Engine: CHINA C490BPG-204.', '0'), ('1601', '198', 'HANGCHA_07_02', 'Jakarta', null, null, null, null, '1', null, 'FORKLIFT TRUCK', '25', '25', '2018-09-10 14:57:58', '2018-09-10 14:57:58', 'VESSEL TEMP 02', 'HC-JKT-H18A0451-04553,03029', 'CPC30-AG2', 'G5AHN9163', '18069061', 'G5AHN9163', 'HANGCHA', null, null, '1. 3.0T A Series 4-Wheel Diesel Forklift.                2. AC Driving and DC Lifting.                               3. Curtis Controller.         4. XINCHAI Engine C490BPG-416', '0'), ('1602', '198', 'HANGCHA_07_02', 'Jakarta', null, null, null, null, '1', null, 'FORKLIFT TRUCK', '25', '25', '2018-09-10 14:57:58', '2018-09-10 14:57:58', 'VESSEL TEMP 02', 'HC-JKT-H18A0451-04553,03029', 'CPCD30-AW10', 'G5AHN9168', '261363', 'G5AHN9168', 'HANGCHA', null, null, '1. 3.0T A Series Diesel Forklift.                             2. Isuzu Engine C240.      3. Manual Operational.', '0'), ('1603', '198', 'HANGCHA_07_02', 'Jakarta', null, null, null, null, '1', null, 'FORKLIFT TRUCK', '25', '25', '2018-09-10 14:57:58', '2018-09-10 14:57:58', 'VESSEL TEMP 02', 'HC-JKT-H18A0451-04553,03029', 'CPC30-AW10', 'G5AHN9159', '261365', 'G5AHN9159', 'HANGCHA', null, null, '1. 3.0T A Series Diesel Forklift.                             2. Isuzu Engine.               3. Matic Operational. ', '0'), ('1604', '198', 'HANGCHA_07_02', 'Jakarta', null, null, null, null, '1', null, 'ELECTRIC STACKER', '25', '25', '2018-09-10 14:57:58', '2018-09-10 14:57:58', 'VESSEL TEMP 02', 'HC-JKT-H18A0451-04553,03029', 'CDD16-AC1S-M', 'JIAH02221', '-', 'JIAH02221', 'HANGCHA', null, null, '1. Rated Capacity : 1600/3527kg.                       2. Service Weight : 2000/4409 kg/lb.                 3. Tyre : Polyurethane.           4. Drive motor rating : 1.5/2.0 kW/hp.                    5. Battery voltage : 24/340 V/Ah.', '0'), ('1605', '195', 'HANGCHA_07_02', 'Jakarta', null, null, null, null, '1', null, 'FORKLIFT TRUCK', '25', '25', '2018-09-10 17:34:42', '2018-09-10 17:34:42', 'VESSEL TEMP 02', 'HC-JKT-H18A0451-04553,03029', 'CPCD50-RXG24', 'A2AH09430', 'Y18025608', 'A2AH09430', 'HANGCHA', null, null, '1. Power Type: Diesel.    2. Rated Capacity: 5000kg.                               3. Fork Size: 1070X150X50mm.                                4. Battery: 24/60 V/Ah.    5. Engine: LUOTUO LR4B3-22', '0'), ('1606', '195', 'HANGCHA_07_02', 'Jakarta', null, null, null, null, '1', null, 'FORKLIFT TRUCK', '25', '25', '2018-09-10 17:34:42', '2018-09-10 17:34:42', 'VESSEL TEMP 02', 'HC-JKT-H18A0451-04553,03029', 'CPCD50-RW14', 'A3AH07616', '374940', 'A3AH07616', 'HANGCHA', null, null, '1. Power Type: Diesel.    2. Rated Capacity: 7000kg.                               3. Fork Size: 1200 X 150 X 65mm.                                4. Battery: 2X12/90 V/Ah. 5. Engine: Isuzu 6BG1QP', '0'), ('1607', '195', 'HANGCHA_07_02', 'Jakarta', null, null, null, null, '1', null, 'FORKLIFT TRUCK', '25', '25', '2018-09-10 17:34:42', '2018-09-10 17:34:42', 'VESSEL TEMP 02', 'HC-JKT-H18A0451-04553,03029', 'CPCD50-RG24', 'A3AH07560', 'Y18025488', 'A3AH07560', 'HANGCHA', null, null, '1. Rated Capacity : 5000kg.                              2. Load Centre Distance : 600mm.                                    3. Fork Size: 1200X150X60mm.                 4. Battery: 24/105 V/Ah.                   5. Engine: CHINA LR4108G10Y.', '0'), ('1608', '195', 'HANGCHA_07_02', 'Jakarta', null, null, null, null, '1', null, 'FORKLIFT TRUCK', '25', '25', '2018-09-10 17:34:42', '2018-09-10 17:34:42', 'VESSEL TEMP 02', 'HC-JKT-H18A0451-04553,03029', 'CPCD70-RW14', 'A3AH07632', '374915', 'A3AH07632', 'HANGCHA', null, null, '1. Power Type: Diesel.    2. Rated Capacity: 7000kg.                               3. Fork Size: 1200 X 150 X 65mm.                                4. Battery: 2X12/90 V/Ah. 5. Engine: Isuzu 6BG1QP', '0'), ('1609', '195', 'HANGCHA_07_02', 'Jakarta', null, null, null, null, '1', null, 'FORKLIFT TRUCK', '25', '25', '2018-09-10 17:34:42', '2018-09-10 17:34:42', 'VESSEL TEMP 02', 'HC-JKT-H18A0451-04553,03029', 'CPCD100-RW14', 'A3AH07629', '374898', 'A3AH07629', 'HANGCHA', null, null, '1. Power Type: Diesel.    2. Rated Capacity: 10000kg.                               3. Fork Size: 1500 X 160 X 80mm.                                4. Battery: 2X12/90 V/Ah. 5. Engine: Isuzu 6BG1QP', '0'), ('1610', '195', 'HANGCHA_07_02', 'Jakarta', null, null, null, null, '1', null, 'FORKLIFT TRUCK', '25', '25', '2018-09-10 17:34:42', '2018-09-10 17:34:42', 'VESSEL TEMP 02', 'HC-JKT-H18A0451-04553,03029', 'CPCD30-AG2', 'G5AHN9165', '18066743', 'G5AHN9165', 'HANGCHA', null, null, '1. Rated Capacity : 3000kg.                              2. Load Centre Distance : 500mm.                                    3. Service Weight: 4270kg.                                     4. Battery: 12/90 V/Ah.                   5. Engine: CHINA C490BPG-204.', '0'), ('1611', '195', 'HANGCHA_07_02', 'Jakarta', null, null, null, null, '1', null, 'FORKLIFT TRUCK', '25', '25', '2018-09-10 17:34:42', '2018-09-10 17:34:42', 'VESSEL TEMP 02', 'HC-JKT-H18A0451-04553,03029', 'CPC30-AG2', 'G5AHN9163', '18069061', 'G5AHN9163', 'HANGCHA', null, null, '1. 3.0T A Series 4-Wheel Diesel Forklift.                2. AC Driving and DC Lifting.                               3. Curtis Controller.         4. XINCHAI Engine C490BPG-416', '0'), ('1612', '195', 'HANGCHA_07_02', 'Jakarta', null, null, null, null, '1', null, 'FORKLIFT TRUCK', '25', '25', '2018-09-10 17:34:42', '2018-09-10 17:34:42', 'VESSEL TEMP 02', 'HC-JKT-H18A0451-04553,03029', 'CPCD30-AW10', 'G5AHN9168', '261363', 'G5AHN9168', 'HANGCHA', null, null, '1. 3.0T A Series Diesel Forklift.                             2. Isuzu Engine C240.      3. Manual Operational.', '0'), ('1613', '195', 'HANGCHA_07_02', 'Jakarta', null, null, null, null, '1', null, 'FORKLIFT TRUCK', '25', '25', '2018-09-10 17:34:42', '2018-09-10 17:34:42', 'VESSEL TEMP 02', 'HC-JKT-H18A0451-04553,03029', 'CPC30-AW10', 'G5AHN9159', '261365', 'G5AHN9159', 'HANGCHA', null, null, '1. 3.0T A Series Diesel Forklift.                             2. Isuzu Engine.               3. Matic Operational. ', '0'), ('1614', '195', 'HANGCHA_07_02', 'Jakarta', null, null, null, null, '1', null, 'ELECTRIC STACKER', '25', '25', '2018-09-10 17:34:42', '2018-09-10 17:34:42', 'VESSEL TEMP 02', 'HC-JKT-H18A0451-04553,03029', 'CDD16-AC1S-M', 'JIAH02221', '-', 'JIAH02221', 'HANGCHA', null, null, '1. Rated Capacity : 1600/3527kg.                       2. Service Weight : 2000/4409 kg/lb.                 3. Tyre : Polyurethane.           4. Drive motor rating : 1.5/2.0 kW/hp.                    5. Battery voltage : 24/340 V/Ah.', '0');
COMMIT;

-- ----------------------------
--  Table structure for `iel_stock_category`
-- ----------------------------
DROP TABLE IF EXISTS `iel_stock_category`;
CREATE TABLE `iel_stock_category` (
  `id` int(11) NOT NULL AUTO_INCREMENT COMMENT '类别Id',
  `admin_id` int(11) NOT NULL,
  `parent_id` int(11) DEFAULT NULL COMMENT '父类别id当id=0时说明是根节点,一级类别',
  `name` varchar(50) DEFAULT NULL COMMENT '类别名称',
  `status` tinyint(1) DEFAULT '1' COMMENT '类别状态1-正常,2-已废弃',
  `sort_order` int(4) DEFAULT NULL COMMENT '排序编号,同类展示顺序,数值相等则自然排序',
  `create_time` datetime DEFAULT NULL COMMENT '创建时间',
  `update_time` datetime DEFAULT NULL COMMENT '更新时间',
  PRIMARY KEY (`id`)
) ENGINE=InnoDB DEFAULT CHARSET=utf8;

-- ----------------------------
--  Table structure for `iel_transport`
-- ----------------------------
DROP TABLE IF EXISTS `iel_transport`;
CREATE TABLE `iel_transport` (
  `id` int(11) NOT NULL AUTO_INCREMENT COMMENT '主键id',
  `declare_num` varchar(100) DEFAULT NULL COMMENT '报关次数',
  `destination` varchar(200) DEFAULT NULL COMMENT '目的地',
  `arrival_list` varchar(200) DEFAULT NULL COMMENT '配件到货清单',
  `purchase_list` varchar(200) DEFAULT NULL COMMENT '到货清单,带采购价格',
  `sales_contract` varchar(200) DEFAULT NULL COMMENT '公司-公司,销售合同',
  `invoice` varchar(200) DEFAULT NULL COMMENT '发票/bl等清关文件',
  `purchase_contract` varchar(200) DEFAULT NULL COMMENT '采购合同',
  `export_cost` varchar(200) DEFAULT NULL COMMENT '出口成本',
  `sales_list` varchar(200) DEFAULT NULL COMMENT '到货清单,带销售价格',
  `entrance_cost` varchar(200) DEFAULT NULL COMMENT '进口成本',
  `status` int(11) DEFAULT NULL COMMENT '状态',
  `create_time` datetime DEFAULT NULL COMMENT '创建时间',
  `update_time` datetime DEFAULT NULL COMMENT '更新时间',
  `ship_num` varchar(100) DEFAULT NULL COMMENT '船次',
  PRIMARY KEY (`id`)
) ENGINE=InnoDB DEFAULT CHARSET=utf8;

-- ----------------------------
--  Table structure for `truck_order`
-- ----------------------------
DROP TABLE IF EXISTS `truck_order`;
CREATE TABLE `truck_order` (
  `order_id` int(11) NOT NULL AUTO_INCREMENT COMMENT '订单id',
  `order_no` varchar(50) DEFAULT NULL COMMENT '订单编号',
  `user_id` int(11) DEFAULT NULL COMMENT '用户id',
  `shop_id` int(11) DEFAULT NULL,
  `order_price` decimal(20,2) DEFAULT NULL COMMENT '订单金额',
  `payment_price` decimal(20,2) DEFAULT NULL COMMENT '实付金额',
  `payment_type` int(11) DEFAULT NULL COMMENT '支付类型',
  `freight` decimal(20,2) DEFAULT NULL COMMENT '运费',
  `order_status` int(11) DEFAULT NULL COMMENT '订单状态',
  `payment_time` datetime DEFAULT NULL COMMENT '支付时间',
  `create_time` datetime DEFAULT NULL COMMENT '订单创建时间',
  `update_time` datetime DEFAULT NULL COMMENT '订单更新时间',
  `service_type` int(11) DEFAULT '1',
  `service_progress` int(11) DEFAULT '0' COMMENT '1 未进行  2 进行中 3已完成',
  `product_id` int(11) DEFAULT NULL,
  PRIMARY KEY (`order_id`)
) ENGINE=InnoDB AUTO_INCREMENT=162 DEFAULT CHARSET=utf8 ROW_FORMAT=DYNAMIC;

-- ----------------------------
--  Records of `truck_order`
-- ----------------------------
BEGIN;
INSERT INTO `truck_order` VALUES ('99', '1529910053240', '25', '2', '0.00', '0.00', '0', null, '70', null, '2018-06-25 14:00:53', '2018-07-02 10:36:44', '1', '10', '1102'), ('100', '1530501204034', '25', '2', '0.00', '0.00', '0', null, '70', null, '2018-07-02 11:13:23', '2018-07-02 11:13:23', '0', '1', '1104'), ('101', '1530502580546', '25', '2', '0.00', '0.00', '0', null, '70', null, '2018-07-02 11:36:20', '2018-07-02 11:36:20', '1', '1', '1104'), ('102', '1530502671683', '25', '2', '0.00', '0.00', '0', null, '70', null, '2018-07-02 11:37:51', '2018-07-02 11:37:51', '1', '1', '1105'), ('103', '1530502781028', '25', '2', '0.00', '0.00', '0', null, '70', null, '2018-07-02 11:39:40', '2018-07-02 11:39:40', '1', '1', '1103'), ('104', '1530502876915', '25', '2', '0.00', '0.00', '0', null, '70', null, '2018-07-02 11:41:16', '2018-07-02 11:41:16', '0', '1', '1104'), ('105', '1530502905663', '25', '2', '0.00', '0.00', '0', null, '70', null, '2018-07-02 11:41:45', '2018-07-02 11:41:45', '0', '1', '1105'), ('106', '1530502950712', '25', '2', '0.00', '0.00', '0', null, '70', null, '2018-07-02 11:42:30', '2018-07-02 11:42:30', '0', '1', '1105'), ('107', '1530503411001', '25', '2', '0.00', '0.00', '0', null, '70', null, '2018-07-02 11:50:10', '2018-07-02 11:50:10', '0', '1', '1105'), ('108', '1530503965582', '25', '2', '0.00', '0.00', '0', null, '70', null, '2018-07-02 11:59:25', '2018-07-02 11:59:25', '0', '1', '1104'), ('109', '1530504520307', '25', '2', '0.00', '0.00', '0', null, '70', null, '2018-07-02 12:08:40', '2018-07-02 12:08:40', '0', '1', '1105'), ('110', '1530504544192', '25', '2', '0.00', '0.00', '0', null, '70', null, '2018-07-02 12:09:04', '2018-07-02 12:09:04', '0', '1', '1103'), ('111', '1530504720175', '25', '2', '0.00', '0.00', '0', null, '70', null, '2018-07-02 12:12:00', '2018-07-02 12:12:00', '0', '1', '1102'), ('112', '1530509208352', '25', '2', '0.00', '0.00', '0', null, '70', null, '2018-07-02 13:26:48', '2018-07-02 13:26:48', '0', '1', '1105'), ('113', '1530510201179', '25', '2', '0.00', '0.00', '0', null, '70', null, '2018-07-02 13:43:21', '2018-07-02 13:43:21', '0', '1', '1104'), ('114', '1530510618233', '25', '2', '0.00', '0.00', '0', null, '70', null, '2018-07-02 13:50:18', '2018-07-02 13:50:18', '1', '1', '1102'), ('115', '1530512531042', '25', '2', '0.00', '0.00', '0', null, '70', null, '2018-07-02 14:22:11', '2018-07-02 18:25:23', '1', '8', '1105'), ('116', '1530582957335', '25', '2', '0.00', '0.00', '0', null, '70', null, '2018-07-03 09:55:57', '2018-07-03 09:56:48', '1', '2', '1104'), ('117', '1531988085731', '2', '2', '0.00', '0.00', '0', null, '70', null, '2018-07-19 16:14:45', '2018-07-19 16:41:02', '0', '8', '1104'), ('118', '1531988141405', '24', '2', '0.00', '0.00', '0', null, '70', null, '2018-07-19 16:15:41', '2018-07-19 16:15:41', '1', '1', '1105'), ('119', '1531988416894', '24', '2', '0.00', '0.00', '0', null, '70', null, '2018-07-19 16:20:16', '2018-07-19 16:20:16', '1', '1', '1105'), ('120', '1531988592906', '24', '2', '0.00', '0.00', '0', null, '70', null, '2018-07-19 16:23:12', '2018-07-19 16:23:12', '0', '1', '1105'), ('121', '1531989575327', '24', '2', '0.00', '0.00', '0', null, '70', null, '2018-07-19 16:39:35', '2018-07-19 16:39:35', '1', '1', '1104'), ('122', '1531989759587', '2', '2', '0.00', '0.00', '0', null, '70', null, '2018-07-19 16:42:39', '2018-07-19 16:42:39', '0', '1', '1104'), ('123', '1531993541171', '2', '2', '0.00', '0.00', '0', null, '70', null, '2018-07-19 17:45:41', '2018-07-19 17:45:41', '0', '1', '1105'), ('124', '1531993588875', '2', '2', '0.00', '0.00', '0', null, '70', null, '2018-07-19 17:46:28', '2018-07-19 17:46:28', '1', '1', '1105'), ('125', '1531993790124', '2', '2', '0.00', '0.00', '0', null, '70', null, '2018-07-19 17:49:50', '2018-07-19 17:50:39', '1', '3', '1105'), ('126', '1531994599138', '2', '2', '0.00', '0.00', '0', null, '70', null, '2018-07-19 18:03:19', '2018-07-19 18:03:19', '0', '1', '1104'), ('127', '1531994734310', '2', '2', '0.00', '0.00', '0', null, '70', null, '2018-07-19 18:05:34', '2018-07-19 18:05:34', '0', '1', '1104'), ('128', '1531996142738', '2', '2', '0.00', '0.00', '0', null, '70', null, '2018-07-19 18:29:02', '2018-07-19 18:29:02', '1', '1', '1104'), ('129', '1531996189143', '2', '2', '0.00', '0.00', '0', null, '70', null, '2018-07-19 18:29:49', '2018-07-19 18:29:49', '0', '1', '1103'), ('130', '1531997783187', '2', '2', '0.00', '0.00', '0', null, '70', null, '2018-07-19 18:56:23', '2018-07-19 18:56:23', '1', '1', '1102'), ('131', '1531997791593', '2', '2', '0.00', '0.00', '0', null, '70', null, '2018-07-19 18:56:31', '2018-07-19 18:56:31', '1', '1', '1102'), ('132', '1531997821324', '2', '2', '0.00', '0.00', '0', null, '70', null, '2018-07-19 18:57:01', '2018-07-19 18:57:01', '1', '1', '1102'), ('133', '1531997925107', '2', '2', '0.00', '0.00', '0', null, '70', null, '2018-07-19 18:58:45', '2018-07-19 18:58:45', '0', '1', '1103'), ('134', '1531997988231', '2', '2', '0.00', '0.00', '0', null, '70', null, '2018-07-19 18:59:48', '2018-07-19 18:59:48', '0', '1', '1103'), ('135', '1532047988077', '24', '2', '0.00', '0.00', '0', null, '70', null, '2018-07-20 08:53:08', '2018-07-20 08:53:08', '1', '1', '1105'), ('136', '1532048086419', '24', '2', '0.00', '0.00', '0', null, '70', null, '2018-07-20 08:54:46', '2018-07-20 08:54:46', '1', '1', '1105'), ('137', '1532048203907', '24', '2', '0.00', '0.00', '0', null, '70', null, '2018-07-20 08:56:43', '2018-07-20 08:56:43', '1', '1', '1105'), ('138', '1532063530490', '2', '2', '0.00', '0.00', '0', null, '70', null, '2018-07-20 13:12:10', '2018-07-20 13:12:10', '0', '1', '1105'), ('139', '1532063542225', '2', '2', '0.00', '0.00', '0', null, '70', null, '2018-07-20 13:12:22', '2018-07-20 13:12:22', '0', '1', '1105'), ('140', '1532063547088', '2', '2', '0.00', '0.00', '0', null, '70', null, '2018-07-20 13:12:27', '2018-07-20 13:12:27', '0', '1', '1105'), ('141', '1532063573975', '2', '2', '0.00', '0.00', '0', null, '70', null, '2018-07-20 13:12:53', '2018-07-20 13:12:53', '0', '1', '1105'), ('142', '1532063704877', '2', '2', '0.00', '0.00', '0', null, '70', null, '2018-07-20 13:15:04', '2018-07-20 13:15:04', '0', '1', '1105'), ('143', '1532063717686', '2', '2', '0.00', '0.00', '0', null, '70', null, '2018-07-20 13:15:17', '2018-07-20 13:15:17', '0', '1', '1105'), ('144', '1532063732015', '2', '2', '0.00', '0.00', '0', null, '70', null, '2018-07-20 13:15:31', '2018-07-20 13:15:31', '0', '1', '1105'), ('145', '1532063754678', '2', '2', '0.00', '0.00', '0', null, '70', null, '2018-07-20 13:15:54', '2018-07-20 13:15:54', '0', '1', '1105'), ('146', '1532063809543', '2', '2', '0.00', '0.00', '0', null, '70', null, '2018-07-20 13:16:49', '2018-07-20 13:16:49', '0', '1', '1105'), ('147', '1532063814458', '2', '2', '0.00', '0.00', '0', null, '70', null, '2018-07-20 13:16:54', '2018-07-20 13:16:54', '0', '1', '1105'), ('148', '1532063936102', '2', '2', '0.00', '0.00', '0', null, '70', null, '2018-07-20 13:18:56', '2018-07-20 13:18:56', '0', '1', '1105'), ('149', '1532064025660', '2', '2', '0.00', '0.00', '0', null, '70', null, '2018-07-20 13:20:25', '2018-07-20 13:20:25', '0', '1', '1104'), ('150', '1532077698542', '2', '2', '0.00', '0.00', '0', null, '70', null, '2018-07-20 17:08:18', '2018-07-20 17:08:18', '1', '1', '1104'), ('151', '1532077768644', '2', '2', '0.00', '0.00', '0', null, '70', null, '2018-07-20 17:09:28', '2018-07-20 17:09:28', '0', '1', '1105'), ('152', '1532331105268', '2', null, '0.00', '0.00', '0', null, '70', null, '2018-07-23 15:31:45', '2018-07-23 15:31:45', '1', '1', '72'), ('153', '1532336633985', '2', null, '0.00', '0.00', '0', null, '70', null, '2018-07-23 17:03:53', '2018-07-23 17:03:53', '1', '1', null), ('154', '1532336641136', '2', null, '0.00', '0.00', '0', null, '70', null, '2018-07-23 17:04:01', '2018-07-23 17:04:01', '1', '1', null), ('155', '1532336753608', '2', null, '0.00', '0.00', '0', null, '70', null, '2018-07-23 17:05:53', '2018-07-23 17:05:53', '1', '1', '69'), ('156', '1532337049710', '2', null, '0.00', '0.00', '0', null, '70', null, '2018-07-23 17:10:49', '2018-07-23 17:10:49', '1', '1', '69'), ('157', '1532337590976', '2', null, '0.00', '0.00', '0', null, '70', null, '2018-07-23 17:19:50', '2018-07-23 17:19:50', '1', '1', '69'), ('158', '1532337640132', '2', null, '0.00', '0.00', '0', null, '70', null, '2018-07-23 17:20:40', '2018-07-23 17:20:40', '1', '1', '69'), ('159', '1532337746470', '2', null, '0.00', '0.00', '0', null, '70', null, '2018-07-23 17:22:26', '2018-07-23 17:22:26', '0', '1', '69'), ('160', '1532415875397', '2', null, '0.00', '0.00', '0', null, '70', null, '2018-07-24 15:04:35', '2018-07-24 15:04:35', '1', '1', '69'), ('161', '1532415929747', '2', null, '0.00', '0.00', '0', null, '70', null, '2018-07-24 15:05:29', '2018-07-24 15:05:29', '0', '1', '69');
COMMIT;

-- ----------------------------
--  Table structure for `truck_order_detail`
-- ----------------------------
DROP TABLE IF EXISTS `truck_order_detail`;
CREATE TABLE `truck_order_detail` (
  `order_detail_id` int(11) NOT NULL AUTO_INCREMENT COMMENT '订单详情id',
  `user_id` int(11) DEFAULT NULL COMMENT '用户id',
  `order_id` int(11) NOT NULL COMMENT '订单id',
  `product_id` int(11) NOT NULL COMMENT '商品id',
  `product_no` varchar(50) DEFAULT NULL COMMENT '商品编号',
  `product_name` varchar(200) DEFAULT NULL COMMENT '商品名称',
  `quantity` int(11) DEFAULT NULL COMMENT '商品数量',
  `total_price` decimal(20,2) DEFAULT NULL COMMENT '商品总价',
  `product_image` varchar(255) DEFAULT NULL COMMENT '商品图片地址',
  `current_unit_price` decimal(20,2) DEFAULT NULL COMMENT '生成订单时的商品单价',
  `create_time` datetime DEFAULT NULL COMMENT '创建时间',
  `update_time` datetime DEFAULT NULL COMMENT '更新时间',
  `shipping_id` int(11) DEFAULT NULL,
  `order_detail_status` int(11) DEFAULT NULL,
  `define_ratio` decimal(20,2) DEFAULT '1.00',
  `services_ratio` decimal(20,2) DEFAULT '1.00',
  `distance_ratio` decimal(20,2) DEFAULT '1.00',
  `distance` decimal(20,2) DEFAULT '1.00',
  `repair_dates` datetime DEFAULT NULL,
  `man` varchar(50) DEFAULT NULL,
  `man_contact` varchar(50) DEFAULT NULL,
  `dept` varchar(50) DEFAULT NULL,
  `hour_km` varchar(200) DEFAULT NULL,
  `repair_type` int(10) DEFAULT '0' COMMENT '0进场，1外出',
  `error_descs` varchar(200) DEFAULT NULL,
  `maintain_type` int(10) DEFAULT NULL,
  `reservation_dates` datetime DEFAULT NULL,
  `order_no` varchar(50) DEFAULT NULL,
  PRIMARY KEY (`order_detail_id`)
) ENGINE=InnoDB AUTO_INCREMENT=149 DEFAULT CHARSET=utf8 ROW_FORMAT=DYNAMIC;

-- ----------------------------
--  Records of `truck_order_detail`
-- ----------------------------
BEGIN;
INSERT INTO `truck_order_detail` VALUES ('108', '25', '102', '1105', null, null, null, null, null, null, '2018-07-02 11:38:00', '2018-07-02 11:38:00', null, null, '1.00', '1.00', '1.00', '1.00', null, '23e4r', '23', '235', '233.00', '1', '243erdfg', null, null, '1530502671683'), ('109', '25', '104', '1104', null, null, null, null, null, null, '2018-07-02 11:41:26', '2018-07-02 11:41:26', null, null, '1.00', '1.00', '1.00', '1.00', null, null, null, null, null, '0', null, null, null, '1530502876915'), ('110', '25', '108', '1104', null, null, null, null, null, null, '2018-07-02 11:59:34', '2018-07-02 11:59:34', null, null, '1.00', '1.00', '1.00', '1.00', null, '111', '111', '111', '111.00', '0', null, '50', null, '1530503965582'), ('111', '25', '99', '1102', null, null, null, null, null, null, '2018-07-02 12:04:49', '2018-07-02 12:04:49', null, null, '1.00', '1.00', '1.00', '1.00', '2018-06-25 00:00:00', 'hor', '47168232', '交通部', '3.00', '0', '轮胎坏了', null, null, '1529910053240'), ('112', '25', '109', '1105', null, null, null, null, null, null, '2018-07-02 12:08:49', '2018-07-02 12:08:49', null, null, '1.00', '1.00', '1.00', '1.00', null, null, null, null, null, '0', null, null, null, '1530504520307'), ('113', '25', '111', '1102', null, null, null, null, null, null, '2018-07-02 12:12:22', '2018-07-02 12:12:22', null, null, '1.00', '1.00', '1.00', '1.00', null, 'dvc', '12', 'dsfvb', '111.00', '0', null, '50', '2018-07-02 00:00:00', '1530504720175'), ('114', '25', '112', '1105', null, null, null, null, null, null, '2018-07-02 13:27:01', '2018-07-02 13:27:01', null, null, '1.00', '1.00', '1.00', '1.00', null, '333', '333', '333', '333.00', '0', null, '100', '2018-07-02 00:00:00', '1530509208352'), ('115', '25', '113', '1104', null, null, null, null, null, null, '2018-07-02 13:43:30', '2018-07-02 13:43:30', null, null, '1.00', '1.00', '1.00', '1.00', null, '111', '111', '111', '111.00', '0', null, '50', '2018-07-02 00:00:00', '1530510201179'), ('116', '25', '114', '1102', null, null, null, null, null, null, '2018-07-02 13:50:27', '2018-07-02 13:50:27', null, null, '1.00', '1.00', '1.00', '1.00', '2018-07-02 00:00:00', '23', '23', '23', '23.00', '0', '23', null, null, '1530510618233'), ('117', '25', '115', '1105', null, null, null, null, null, null, '2018-07-02 14:22:23', '2018-07-02 14:22:23', null, null, '1.00', '1.00', '1.00', '1.00', '2018-07-02 00:00:00', '13', '1313', '13', '13.00', '1', '131331fdvcfb bvgre', null, null, '1530512531042'), ('118', '25', '116', '1104', null, null, null, null, null, null, '2018-07-03 09:56:18', '2018-07-03 09:56:18', null, null, '1.00', '1.00', '1.00', '1.00', '2018-07-03 00:00:00', '999', '999', '999', '99.00', '0', '99', null, null, '1530582957335'), ('119', '2', '117', '1104', null, null, null, null, null, null, '2018-07-19 16:14:52', '2018-07-19 16:14:52', null, null, '1.00', '1.00', '1.00', '1.00', null, '1111', '111', '1111', '111.00', '0', null, '100', null, '1531988085731'), ('120', '2', '123', '1105', null, null, null, null, null, null, '2018-07-19 17:45:59', '2018-07-19 17:45:59', null, null, '1.00', '1.00', '1.00', '1.00', null, 'wang', '11123333', 'shagnhai', '11.00', '0', null, '100', null, '1531993541171'), ('121', '2', '124', '1105', null, null, null, null, null, null, '2018-07-19 17:46:38', '2018-07-19 17:46:38', null, null, '1.00', '1.00', '1.00', '1.00', '2018-07-20 00:00:00', '123', '123', '123', '123.00', '0', '123', null, null, '1531993588875'), ('122', '2', '125', '1105', null, null, null, null, null, null, '2018-07-19 17:50:14', '2018-07-19 17:50:14', null, null, '1.00', '1.00', '1.00', '1.00', '2018-07-19 00:00:00', 'www', '123133', 'IEL', '500.00', '0', 'error', null, null, '1531993790124'), ('123', '2', '128', '1104', null, null, null, null, null, null, '2018-07-19 18:29:02', '2018-07-19 18:29:02', null, null, '1.00', '1.00', '1.00', '1.00', null, null, null, null, null, '0', null, null, null, '1531996142738'), ('124', '2', '129', '1103', null, null, null, null, null, null, '2018-07-19 18:29:49', '2018-07-19 18:29:49', null, null, '1.00', '1.00', '1.00', '1.00', null, '123', '123', '123', '123.00', '0', null, '50', '2018-07-19 00:00:00', '1531996189143'), ('125', '24', '135', '1105', null, null, null, null, null, null, '2018-07-20 08:53:08', '2018-07-20 08:53:08', null, null, '1.00', '1.00', '1.00', '1.00', null, null, null, null, null, '0', null, null, null, '1532047988077'), ('126', '24', '137', '1105', null, null, null, null, null, null, '2018-07-20 08:56:43', '2018-07-20 08:56:43', null, null, '1.00', '1.00', '1.00', '1.00', '2018-07-20 00:00:00', 'a', 'a', 'a', 'a', '0', 'a', null, null, '1532048203907'), ('127', '2', '138', '1105', null, null, null, null, null, null, '2018-07-20 13:12:10', '2018-07-20 13:12:10', null, null, '1.00', '1.00', '1.00', '1.00', null, '12', '12', '12', '12', '0', null, '50', '2018-07-20 00:00:00', '1532063530490'), ('128', '2', '139', '1105', null, null, null, null, null, null, '2018-07-20 13:12:22', '2018-07-20 13:12:22', null, null, '1.00', '1.00', '1.00', '1.00', null, '12', '12', '12', '12', '0', null, '50', '2018-07-20 00:00:00', '1532063542225'), ('129', '2', '140', '1105', null, null, null, null, null, null, '2018-07-20 13:12:27', '2018-07-20 13:12:27', null, null, '1.00', '1.00', '1.00', '1.00', null, '12', '12', '12', '12', '0', null, '50', '2018-07-20 00:00:00', '1532063547088'), ('130', '2', '141', '1105', null, null, null, null, null, null, '2018-07-20 13:12:53', '2018-07-20 13:12:53', null, null, '1.00', '1.00', '1.00', '1.00', null, '12', '12', '12', '12', '0', null, '50', '2018-07-20 00:00:00', '1532063573975'), ('131', '2', '142', '1105', null, null, null, null, null, null, '2018-07-20 13:15:04', '2018-07-20 13:15:04', null, null, '1.00', '1.00', '1.00', '1.00', null, '12', '12', '12', '12', '0', null, '50', '2018-07-20 00:00:00', '1532063704877'), ('132', '2', '143', '1105', null, null, null, null, null, null, '2018-07-20 13:15:17', '2018-07-20 13:15:17', null, null, '1.00', '1.00', '1.00', '1.00', null, '12', '12', '12', '12', '0', null, '50', '2018-07-20 00:00:00', '1532063717686'), ('133', '2', '144', '1105', null, null, null, null, null, null, '2018-07-20 13:15:31', '2018-07-20 13:15:31', null, null, '1.00', '1.00', '1.00', '1.00', null, '12', '12', '12', '12', '0', null, '50', '2018-07-20 00:00:00', '1532063732015'), ('134', '2', '145', '1105', null, null, null, null, null, null, '2018-07-20 13:15:54', '2018-07-20 13:15:54', null, null, '1.00', '1.00', '1.00', '1.00', null, '12', '12', '12', '12', '0', null, '50', '2018-07-20 00:00:00', '1532063754678'), ('135', '2', '146', '1105', null, null, null, null, null, null, '2018-07-20 13:16:49', '2018-07-20 13:16:49', null, null, '1.00', '1.00', '1.00', '1.00', null, '12', '12', '12', '12', '0', null, '50', '2018-07-20 00:00:00', '1532063809543'), ('136', '2', '147', '1105', null, null, null, null, null, null, '2018-07-20 13:16:54', '2018-07-20 13:16:54', null, null, '1.00', '1.00', '1.00', '1.00', null, '12', '12', '12', '12', '0', null, '50', '2018-07-20 00:00:00', '1532063814458'), ('137', '2', '148', '1105', null, null, null, null, null, null, '2018-07-20 13:18:56', '2018-07-20 13:18:56', null, null, '1.00', '1.00', '1.00', '1.00', null, '12', '12', '12', '12', '0', null, '50', '2018-07-20 00:00:00', '1532063936102'), ('138', '2', '149', '1104', null, null, null, null, null, null, '2018-07-20 13:20:25', '2018-07-20 13:20:25', null, null, '1.00', '1.00', '1.00', '1.00', null, '12', '12', '12', '12', '0', null, '100', '2018-07-20 00:00:00', '1532064025660'), ('139', '2', '150', '1104', null, null, null, null, null, null, '2018-07-20 17:08:18', '2018-07-20 17:08:18', null, null, '1.00', '1.00', '1.00', '1.00', '2018-07-20 00:00:00', '·12', '·12', '·12', '·12', '1', '·12', null, null, '1532077698542'), ('140', '2', '151', '1105', null, null, null, null, null, null, '2018-07-20 17:09:28', '2018-07-20 17:09:28', null, null, '1.00', '1.00', '1.00', '1.00', null, '123', '123', '12323', '123', '0', null, '50', '2018-07-27 00:00:00', '1532077768644'), ('141', '2', '152', '72', null, null, null, null, null, null, '2018-07-23 15:31:45', '2018-07-23 15:31:45', null, null, '1.00', '1.00', '1.00', '1.00', null, null, null, null, null, '0', null, null, null, '1532331105268'), ('142', '2', '155', '69', null, null, null, null, null, null, '2018-07-23 17:05:53', '2018-07-23 17:05:53', null, null, '1.00', '1.00', '1.00', '1.00', '2018-07-23 00:00:00', '123', '123', '123', '123', '0', '123', null, null, '1532336753608'), ('143', '2', '156', '69', null, null, null, null, null, null, '2018-07-23 17:10:49', '2018-07-23 17:10:49', null, null, '1.00', '1.00', '1.00', '1.00', '2018-07-23 00:00:00', '123', '123', '123', '123', '1', '123', null, null, '1532337049710'), ('144', '2', '157', '69', null, null, null, null, null, null, '2018-07-23 17:19:50', '2018-07-23 17:19:50', null, null, '1.00', '1.00', '1.00', '1.00', null, '123', '123', '4546', '234', '0', null, '50', '2018-07-03 00:00:00', '1532337590976'), ('145', '2', '158', '69', null, null, null, null, null, null, '2018-07-23 17:20:40', '2018-07-23 17:20:40', null, null, '1.00', '1.00', '1.00', '1.00', null, '123', '123', '123', '123', '0', null, '100', '2018-07-23 00:00:00', '1532337640132'), ('146', '2', '159', '69', null, null, null, null, null, null, '2018-07-23 17:22:26', '2018-07-23 17:22:26', null, null, '1.00', '1.00', '1.00', '1.00', null, '123', '123', '123', '123', '0', null, '100', '2018-07-09 00:00:00', '1532337746470'), ('147', '2', '160', '69', null, null, null, null, null, null, '2018-07-24 15:04:35', '2018-07-24 15:04:35', null, null, '1.00', '1.00', '1.00', '1.00', '2018-07-11 00:00:00', '1234', '4321', '2222', '222', '0', '22344', null, null, '1532415875397'), ('148', '2', '161', '69', null, null, null, null, null, null, '2018-07-24 15:05:29', '2018-07-24 15:05:29', null, null, '1.00', '1.00', '1.00', '1.00', null, '123', '123', '123', '123', '0', null, '50', '2018-07-24 00:00:00', '1532415929747');
COMMIT;

-- ----------------------------
--  Table structure for `truck_project`
-- ----------------------------
DROP TABLE IF EXISTS `truck_project`;
CREATE TABLE `truck_project` (
  `id` int(11) NOT NULL AUTO_INCREMENT COMMENT '商品id',
  `name` varchar(100) NOT NULL COMMENT '商品名称',
  `customer_id` int(11) DEFAULT NULL,
  `status` int(11) DEFAULT '0',
  `create_time` datetime DEFAULT CURRENT_TIMESTAMP COMMENT '创建时间',
  `update_time` datetime DEFAULT CURRENT_TIMESTAMP COMMENT '更新时间',
  PRIMARY KEY (`id`)
) ENGINE=InnoDB AUTO_INCREMENT=30 DEFAULT CHARSET=utf8 ROW_FORMAT=DYNAMIC;

-- ----------------------------
--  Records of `truck_project`
-- ----------------------------
BEGIN;
INSERT INTO `truck_project` VALUES ('2', 'ygh13', '2', '0', '2018-07-23 15:56:11', '2018-07-26 14:01:53'), ('21', '54tregfdbvd', '3', '0', '2018-07-24 16:35:01', '2018-07-24 16:36:40'), ('22', '2324', '3', '0', '2018-07-24 16:36:34', '2018-07-24 16:36:40'), ('23', 'ygh22223', '2', '0', '2018-07-23 15:56:11', '2018-07-26 14:01:57'), ('24', 'qing11', '2', '0', '2018-07-26 10:02:12', '2018-07-26 10:04:51'), ('25', '23', '2', '0', '2018-07-26 13:50:40', '2018-07-26 13:50:40'), ('26', '2323', '2', '0', '2018-07-26 14:02:02', '2018-07-26 14:02:02'), ('27', '1233', '2', '0', '2018-07-26 14:02:05', '2018-07-26 14:02:05'), ('28', 'hg', '2', '0', '2018-07-26 14:02:55', '2018-07-26 14:02:55'), ('29', '233', '3', '0', '2018-07-26 15:01:32', '2018-07-26 15:01:32');
COMMIT;

-- ----------------------------
--  Table structure for `truck_project_out`
-- ----------------------------
DROP TABLE IF EXISTS `truck_project_out`;
CREATE TABLE `truck_project_out` (
  `id` int(11) NOT NULL AUTO_INCREMENT COMMENT '商品id',
  `out_detail_id` int(11) NOT NULL,
  `project_id` int(11) NOT NULL,
  `status` int(11) DEFAULT '0' COMMENT '0不用，1在用',
  `create_time` datetime DEFAULT NULL COMMENT '创建时间',
  `update_time` datetime DEFAULT NULL COMMENT '更新时间',
  PRIMARY KEY (`id`)
) ENGINE=InnoDB AUTO_INCREMENT=34 DEFAULT CHARSET=utf8 ROW_FORMAT=DYNAMIC;

-- ----------------------------
--  Records of `truck_project_out`
-- ----------------------------
BEGIN;
INSERT INTO `truck_project_out` VALUES ('24', '69', '2', '0', '2018-07-26 09:32:28', '2018-07-26 09:33:22'), ('25', '69', '23', '0', '2018-07-26 09:33:22', '2018-07-27 09:32:28'), ('26', '70', '23', '0', '2018-07-26 09:36:03', '2018-07-26 15:56:39'), ('27', '71', '23', '0', '2018-07-26 11:32:28', '2018-07-26 11:15:44'), ('28', '71', '2', '0', '2018-07-26 11:32:28', '2018-07-26 15:56:51'), ('29', '69', '23', '0', '2018-07-19 15:50:43', '2018-07-26 15:51:51'), ('30', '69', '24', '1', '2018-07-26 15:51:45', null), ('31', '70', '25', '0', '2018-07-01 15:56:32', '2018-07-26 15:56:47'), ('32', '70', '27', '1', '2018-08-13 15:56:32', null), ('33', '71', '23', '1', '2018-08-13 15:56:32', null);
COMMIT;

SET FOREIGN_KEY_CHECKS = 1;
